[07Sep2025 02:46:43.284] [main/INFO] [cpw.mods.modlauncher.Launcher/MODLAUNCHER]: ModLauncher running: args [--launchTarget, forgeserver, --fml.neoForgeVersion, 21.1.203, --fml.fmlVersion, 4.0.41, --fml.mcVersion, 1.21.1, --fml.neoFormVersion, 20240808.144430, nogui]
[07Sep2025 02:46:43.289] [main/INFO] [cpw.mods.modlauncher.Launcher/MODLAUNCHER]: JVM identified as Ubuntu OpenJDK 64-Bit Server VM 21.0.8+9-Ubuntu-0ubuntu124.04.1
[07Sep2025 02:46:43.291] [main/INFO] [cpw.mods.modlauncher.Launcher/MODLAUNCHER]: ModLauncher 11.0.5+main.901c6ea8 starting: java version 21.0.8 by Ubuntu; OS Linux arch amd64 version 6.8.0-1030-azure
[07Sep2025 02:46:44.404] [main/INFO] [net.neoforged.fml.loading.ImmediateWindowHandler/]: ImmediateWindowProvider not loading because launch target is forgeserver
[07Sep2025 02:46:44.467] [main/INFO] [mixin/]: SpongePowered MIXIN Subsystem Version=0.8.7 Source=union:/workspaces/Neoforge/servidor_minecraft/libraries/net/fabricmc/sponge-mixin/0.15.2+mixin.0.8.7/sponge-mixin-0.15.2+mixin.0.8.7.jar%2373!/ Service=ModLauncher Env=SERVER
[07Sep2025 02:46:44.738] [main/INFO] [net.neoforged.fml.loading.moddiscovery.ModDiscoverer/SCAN]: Found mod file "server-1.21.1-20240808.144430-srg.jar" [locator: production server provider +net.neoforged:neoforge:21.1.203:server]
[07Sep2025 02:46:44.759] [main/INFO] [net.neoforged.fml.loading.moddiscovery.ModDiscoverer/SCAN]: Found mod file "neoforge-21.1.203-universal.jar" [locator: PathBasedLocator[name=neoforge, paths=[libraries/net/neoforged/neoforge/21.1.203/neoforge-21.1.203-universal.jar]], reader: mod manifest]
[07Sep2025 02:46:44.774] [main/INFO] [net.neoforged.fml.loading.moddiscovery.ModDiscoverer/SCAN]: Found mod file "[neoforge]ctov-3.5.9a.jar" [locator: {mods folder locator at /workspaces/Neoforge/servidor_minecraft/mods}, reader: mod manifest]
[07Sep2025 02:46:44.778] [main/INFO] [net.neoforged.fml.loading.moddiscovery.ModDiscoverer/SCAN]: Found mod file "[neoforge]imst-2.2.1b.jar" [locator: {mods folder locator at /workspaces/Neoforge/servidor_minecraft/mods}, reader: mod manifest]
[07Sep2025 02:46:44.781] [main/INFO] [net.neoforged.fml.loading.moddiscovery.ModDiscoverer/SCAN]: Found mod file "abridged-2.0.0-neoforge-1.21.1.jar" [locator: {mods folder locator at /workspaces/Neoforge/servidor_minecraft/mods}, reader: mod manifest]
[07Sep2025 02:46:44.786] [main/INFO] [net.neoforged.fml.loading.moddiscovery.ModDiscoverer/SCAN]: Found mod file "accessories-neoforge-1.1.0-beta.48+1.21.1.jar" [locator: {mods folder locator at /workspaces/Neoforge/servidor_minecraft/mods}, reader: mod manifest]
[07Sep2025 02:46:44.789] [main/INFO] [net.neoforged.fml.loading.moddiscovery.ModDiscoverer/SCAN]: Found mod file "AchievementOptimizer-neoforge-1.21.1-2.1.0.jar" [locator: {mods folder locator at /workspaces/Neoforge/servidor_minecraft/mods}, reader: mod manifest]
[07Sep2025 02:46:44.793] [main/INFO] [net.neoforged.fml.loading.moddiscovery.ModDiscoverer/SCAN]: Found mod file "AdditionalStructures-1.21-(v.6.3.2-NEO).jar" [locator: {mods folder locator at /workspaces/Neoforge/servidor_minecraft/mods}, reader: mod manifest]
[07Sep2025 02:46:44.800] [main/INFO] [net.neoforged.fml.loading.moddiscovery.ModDiscoverer/SCAN]: Found mod file "adorablehamsterpets-3.1.2-1.21.1+neoforge.jar" [locator: {mods folder locator at /workspaces/Neoforge/servidor_minecraft/mods}, reader: mod manifest]
[07Sep2025 02:46:44.803] [main/INFO] [net.neoforged.fml.loading.moddiscovery.ModDiscoverer/SCAN]: Found mod file "adorabuild-structures-2.10.1-neoforge-1.21.3 (1).jar" [locator: {mods folder locator at /workspaces/Neoforge/servidor_minecraft/mods}, reader: mod manifest]
[07Sep2025 02:46:44.806] [main/INFO] [net.neoforged.fml.loading.moddiscovery.ModDiscoverer/SCAN]: Found mod file "adorabuild-structures-2.10.1-neoforge-1.21.3.jar" [locator: {mods folder locator at /workspaces/Neoforge/servidor_minecraft/mods}, reader: mod manifest]
[07Sep2025 02:46:44.809] [main/INFO] [net.neoforged.fml.loading.moddiscovery.ModDiscoverer/SCAN]: Found mod file "adventuredungeons-neoforge-1.21-1.3.1.jar" [locator: {mods folder locator at /workspaces/Neoforge/servidor_minecraft/mods}, reader: mod manifest]
[07Sep2025 02:46:44.820] [main/INFO] [net.neoforged.fml.loading.moddiscovery.ModDiscoverer/SCAN]: Found mod file "AI-Improvements-1.21-0.5.3.jar" [locator: {mods folder locator at /workspaces/Neoforge/servidor_minecraft/mods}, reader: mod manifest]
[07Sep2025 02:46:44.825] [main/INFO] [net.neoforged.fml.loading.moddiscovery.ModDiscoverer/SCAN]: Found mod file "alshanex_familiars-1.21.1_v3.0.jar" [locator: {mods folder locator at /workspaces/Neoforge/servidor_minecraft/mods}, reader: mod manifest]
[07Sep2025 02:46:44.830] [main/INFO] [net.neoforged.fml.loading.moddiscovery.ModDiscoverer/SCAN]: Found mod file "alternate_current-mc1.21-1.9.0.jar" [locator: {mods folder locator at /workspaces/Neoforge/servidor_minecraft/mods}, reader: mod manifest]
[07Sep2025 02:46:44.834] [main/INFO] [net.neoforged.fml.loading.moddiscovery.ModDiscoverer/SCAN]: Found mod file "amendments-1.21-2.0.5-neoforge.jar" [locator: {mods folder locator at /workspaces/Neoforge/servidor_minecraft/mods}, reader: mod manifest]
[07Sep2025 02:46:44.837] [main/INFO] [net.neoforged.fml.loading.moddiscovery.ModDiscoverer/SCAN]: Found mod file "aquatic_frontiers-1.7-neoforge-1.21.1.jar" [locator: {mods folder locator at /workspaces/Neoforge/servidor_minecraft/mods}, reader: mod manifest]
[07Sep2025 02:46:44.839] [main/INFO] [net.neoforged.fml.loading.moddiscovery.ModDiscoverer/SCAN]: Found mod file "architectury-13.0.8-neoforge.jar" [locator: {mods folder locator at /workspaces/Neoforge/servidor_minecraft/mods}, reader: mod manifest]
[07Sep2025 02:46:44.844] [main/INFO] [net.neoforged.fml.loading.moddiscovery.ModDiscoverer/SCAN]: Found mod file "armoroftheages-neoforge-1.21.1-1.5.4.jar" [locator: {mods folder locator at /workspaces/Neoforge/servidor_minecraft/mods}, reader: mod manifest]
[07Sep2025 02:46:44.848] [main/INFO] [net.neoforged.fml.loading.moddiscovery.ModDiscoverer/SCAN]: Found mod file "artifacts-neoforge-13.0.7.jar" [locator: {mods folder locator at /workspaces/Neoforge/servidor_minecraft/mods}, reader: mod manifest]
[07Sep2025 02:46:44.850] [main/INFO] [net.neoforged.fml.loading.moddiscovery.ModDiscoverer/SCAN]: Found mod file "ATi Structures V1.4.2 (1.21+).jar" [locator: {mods folder locator at /workspaces/Neoforge/servidor_minecraft/mods}, reader: mod manifest]
[07Sep2025 02:46:44.853] [main/INFO] [net.neoforged.fml.loading.moddiscovery.ModDiscoverer/SCAN]: Found mod file "attributefix-neoforge-1.21.1-21.1.2.jar" [locator: {mods folder locator at /workspaces/Neoforge/servidor_minecraft/mods}, reader: mod manifest]
[07Sep2025 02:46:44.856] [main/INFO] [net.neoforged.fml.loading.moddiscovery.ModDiscoverer/SCAN]: Found mod file "awesomedungeon-neoforge-1.21.1-3.2.0.jar" [locator: {mods folder locator at /workspaces/Neoforge/servidor_minecraft/mods}, reader: mod manifest]
[07Sep2025 02:46:44.858] [main/INFO] [net.neoforged.fml.loading.moddiscovery.ModDiscoverer/SCAN]: Found mod file "azurelib-neo-1.21.1-3.0.27.jar" [locator: {mods folder locator at /workspaces/Neoforge/servidor_minecraft/mods}, reader: mod manifest]
[07Sep2025 02:46:44.862] [main/INFO] [net.neoforged.fml.loading.moddiscovery.ModDiscoverer/SCAN]: Found mod file "backported_animal_variants-0.2-1.21.1.jar" [locator: {mods folder locator at /workspaces/Neoforge/servidor_minecraft/mods}, reader: mod manifest]
[07Sep2025 02:46:44.865] [main/INFO] [net.neoforged.fml.loading.moddiscovery.ModDiscoverer/SCAN]: Found mod file "bagus_lib-1.21.1-13.18.1.jar" [locator: {mods folder locator at /workspaces/Neoforge/servidor_minecraft/mods}, reader: mod manifest]
[07Sep2025 02:46:44.868] [main/INFO] [net.neoforged.fml.loading.moddiscovery.ModDiscoverer/SCAN]: Found mod file "balm-neoforge-1.21.1-21.0.49.jar" [locator: {mods folder locator at /workspaces/Neoforge/servidor_minecraft/mods}, reader: mod manifest]
[07Sep2025 02:46:44.869] [main/INFO] [net.neoforged.fml.loading.moddiscovery.ModDiscoverer/SCAN]: Found mod file "battle-towers-1.3.0.jar" [locator: {mods folder locator at /workspaces/Neoforge/servidor_minecraft/mods}, reader: mod manifest]
[07Sep2025 02:46:44.872] [main/INFO] [net.neoforged.fml.loading.moddiscovery.ModDiscoverer/SCAN]: Found mod file "bearminimum-neoforge-1.21.1-1.0.5.jar" [locator: {mods folder locator at /workspaces/Neoforge/servidor_minecraft/mods}, reader: mod manifest]
[07Sep2025 02:46:44.874] [main/INFO] [net.neoforged.fml.loading.moddiscovery.ModDiscoverer/SCAN]: Found mod file "bettercombat-neoforge-2.2.4+1.21.1.jar" [locator: {mods folder locator at /workspaces/Neoforge/servidor_minecraft/mods}, reader: mod manifest]
[07Sep2025 02:46:44.878] [main/INFO] [net.neoforged.fml.loading.moddiscovery.ModDiscoverer/SCAN]: Found mod file "BetterCopper-neoforge-1.21-1.3.jar" [locator: {mods folder locator at /workspaces/Neoforge/servidor_minecraft/mods}, reader: mod manifest]
[07Sep2025 02:46:44.884] [main/INFO] [net.neoforged.fml.loading.moddiscovery.ModDiscoverer/SCAN]: Found mod file "bf_biomes-1.1.0-neoforge-1.21.1.jar" [locator: {mods folder locator at /workspaces/Neoforge/servidor_minecraft/mods}, reader: mod manifest]
[07Sep2025 02:46:44.888] [main/INFO] [net.neoforged.fml.loading.moddiscovery.ModDiscoverer/SCAN]: Found mod file "BiomesOPlenty-neoforge-1.21.1-21.1.0.12.jar" [locator: {mods folder locator at /workspaces/Neoforge/servidor_minecraft/mods}, reader: mod manifest]
[07Sep2025 02:46:44.891] [main/INFO] [net.neoforged.fml.loading.moddiscovery.ModDiscoverer/SCAN]: Found mod file "BOMD-NeoForge-1.21-1.3.2.jar" [locator: {mods folder locator at /workspaces/Neoforge/servidor_minecraft/mods}, reader: mod manifest]
[07Sep2025 02:46:44.893] [main/INFO] [net.neoforged.fml.loading.moddiscovery.ModDiscoverer/SCAN]: Found mod file "bookshelf-neoforge-1.21.1-21.1.68.jar" [locator: {mods folder locator at /workspaces/Neoforge/servidor_minecraft/mods}, reader: mod manifest]
[07Sep2025 02:46:44.899] [main/INFO] [net.neoforged.fml.loading.moddiscovery.ModDiscoverer/SCAN]: Found mod file "born_in_chaos_[Neoforge]_1.21.1_1.7.2.jar" [locator: {mods folder locator at /workspaces/Neoforge/servidor_minecraft/mods}, reader: mod manifest]
[07Sep2025 02:46:44.902] [main/INFO] [net.neoforged.fml.loading.moddiscovery.ModDiscoverer/SCAN]: Found mod file "bossesrise-1.21.1-neoforge-1.0.9.jar" [locator: {mods folder locator at /workspaces/Neoforge/servidor_minecraft/mods}, reader: mod manifest]
[07Sep2025 02:46:44.904] [main/INFO] [net.neoforged.fml.loading.moddiscovery.ModDiscoverer/SCAN]: Found mod file "brutalbosses-1.21-8.2.jar" [locator: {mods folder locator at /workspaces/Neoforge/servidor_minecraft/mods}, reader: mod manifest]
[07Sep2025 02:46:44.906] [main/INFO] [net.neoforged.fml.loading.moddiscovery.ModDiscoverer/SCAN]: Found mod file "c2me-neoforge-mc1.21.1-0.3.0+alpha.0.73.jar" [locator: {mods folder locator at /workspaces/Neoforge/servidor_minecraft/mods}, reader: mod manifest]
[07Sep2025 02:46:44.908] [main/INFO] [net.neoforged.fml.loading.moddiscovery.ModDiscoverer/SCAN]: Found mod file "capybara-3.0.0.jar" [locator: {mods folder locator at /workspaces/Neoforge/servidor_minecraft/mods}, reader: mod manifest]
[07Sep2025 02:46:44.910] [main/INFO] [net.neoforged.fml.loading.moddiscovery.ModDiscoverer/SCAN]: Found mod file "carryon-neoforge-1.21.1-2.2.2.11.jar" [locator: {mods folder locator at /workspaces/Neoforge/servidor_minecraft/mods}, reader: mod manifest]
[07Sep2025 02:46:44.912] [main/INFO] [net.neoforged.fml.loading.moddiscovery.ModDiscoverer/SCAN]: Found mod file "CerbonsAPI-NeoForge-1.21-1.3.0.jar" [locator: {mods folder locator at /workspaces/Neoforge/servidor_minecraft/mods}, reader: mod manifest]
[07Sep2025 02:46:44.914] [main/INFO] [net.neoforged.fml.loading.moddiscovery.ModDiscoverer/SCAN]: Found mod file "chefsdelight-1.0.4-neoforge-1.21.1.jar" [locator: {mods folder locator at /workspaces/Neoforge/servidor_minecraft/mods}, reader: mod manifest]
[07Sep2025 02:46:44.916] [main/INFO] [net.neoforged.fml.loading.moddiscovery.ModDiscoverer/SCAN]: Found mod file "chest_with_legs-2.0.2-neoforge-1.21.1.jar" [locator: {mods folder locator at /workspaces/Neoforge/servidor_minecraft/mods}, reader: mod manifest]
[07Sep2025 02:46:44.925] [main/INFO] [net.neoforged.fml.loading.moddiscovery.ModDiscoverer/SCAN]: Found mod file "choccos_mobs-0.1.3-neoforge-1.21.1.jar" [locator: {mods folder locator at /workspaces/Neoforge/servidor_minecraft/mods}, reader: mod manifest]
[07Sep2025 02:46:44.929] [main/INFO] [net.neoforged.fml.loading.moddiscovery.ModDiscoverer/SCAN]: Found mod file "chunksending-1.21-2.8.jar" [locator: {mods folder locator at /workspaces/Neoforge/servidor_minecraft/mods}, reader: mod manifest]
[07Sep2025 02:46:44.935] [main/INFO] [net.neoforged.fml.loading.moddiscovery.ModDiscoverer/SCAN]: Found mod file "cloth-config-15.0.140-neoforge.jar" [locator: {mods folder locator at /workspaces/Neoforge/servidor_minecraft/mods}, reader: mod manifest]
[07Sep2025 02:46:44.939] [main/INFO] [net.neoforged.fml.loading.moddiscovery.ModDiscoverer/SCAN]: Found mod file "Clumps-neoforge-1.21.1-19.0.0.1.jar" [locator: {mods folder locator at /workspaces/Neoforge/servidor_minecraft/mods}, reader: mod manifest]
[07Sep2025 02:46:44.943] [main/INFO] [net.neoforged.fml.loading.moddiscovery.ModDiscoverer/SCAN]: Found mod file "Corgilib-NeoForge-1.21.1-5.0.0.7.jar" [locator: {mods folder locator at /workspaces/Neoforge/servidor_minecraft/mods}, reader: mod manifest]
[07Sep2025 02:46:44.948] [main/INFO] [net.neoforged.fml.loading.moddiscovery.ModDiscoverer/SCAN]: Found mod file "coroutil-neoforge-1.21.0-1.3.8.jar" [locator: {mods folder locator at /workspaces/Neoforge/servidor_minecraft/mods}, reader: mod manifest]
[07Sep2025 02:46:44.950] [main/INFO] [net.neoforged.fml.loading.moddiscovery.ModDiscoverer/SCAN]: Found mod file "creaturecorner-neoforge-1.21.1-0.1.jar" [locator: {mods folder locator at /workspaces/Neoforge/servidor_minecraft/mods}, reader: mod manifest]
[07Sep2025 02:46:44.956] [main/INFO] [net.neoforged.fml.loading.moddiscovery.ModDiscoverer/SCAN]: Found mod file "CreeperOverhaul-neoforge-1.21.1-4.0.6.jar" [locator: {mods folder locator at /workspaces/Neoforge/servidor_minecraft/mods}, reader: mod manifest]
[07Sep2025 02:46:44.960] [main/INFO] [net.neoforged.fml.loading.moddiscovery.ModDiscoverer/SCAN]: Found mod file "cristellib-neoforge-1.2.8.jar" [locator: {mods folder locator at /workspaces/Neoforge/servidor_minecraft/mods}, reader: mod manifest]
[07Sep2025 02:46:44.964] [main/INFO] [net.neoforged.fml.loading.moddiscovery.ModDiscoverer/SCAN]: Found mod file "crittersandcompanions-neoforge-1.21.1-2.3.1.jar" [locator: {mods folder locator at /workspaces/Neoforge/servidor_minecraft/mods}, reader: mod manifest]
[07Sep2025 02:46:44.966] [main/INFO] [net.neoforged.fml.loading.moddiscovery.ModDiscoverer/SCAN]: Found mod file "cupboard-1.21-2.9.jar" [locator: {mods folder locator at /workspaces/Neoforge/servidor_minecraft/mods}, reader: mod manifest]
[07Sep2025 02:46:44.968] [main/INFO] [net.neoforged.fml.loading.moddiscovery.ModDiscoverer/SCAN]: Found mod file "curios-neoforge-9.5.1+1.21.1.jar" [locator: {mods folder locator at /workspaces/Neoforge/servidor_minecraft/mods}, reader: mod manifest]
[07Sep2025 02:46:44.971] [main/INFO] [net.neoforged.fml.loading.moddiscovery.ModDiscoverer/SCAN]: Found mod file "CustomPlayerModels-1.21-0.6.24a.jar" [locator: {mods folder locator at /workspaces/Neoforge/servidor_minecraft/mods}, reader: mod manifest]
[07Sep2025 02:46:44.972] [main/INFO] [net.neoforged.fml.loading.moddiscovery.ModDiscoverer/SCAN]: Found mod file "deermod-neoforge-0.2.7+1.21.1.jar" [locator: {mods folder locator at /workspaces/Neoforge/servidor_minecraft/mods}, reader: mod manifest]
[07Sep2025 02:46:44.976] [main/INFO] [net.neoforged.fml.loading.moddiscovery.ModDiscoverer/SCAN]: Found mod file "DiagonalFences-v21.1.1-1.21.1-NeoForge.jar" [locator: {mods folder locator at /workspaces/Neoforge/servidor_minecraft/mods}, reader: mod manifest]
[07Sep2025 02:46:44.979] [main/INFO] [net.neoforged.fml.loading.moddiscovery.ModDiscoverer/SCAN]: Found mod file "DiagonalWindows-v21.1.1-1.21.1-NeoForge.jar" [locator: {mods folder locator at /workspaces/Neoforge/servidor_minecraft/mods}, reader: mod manifest]
[07Sep2025 02:46:44.981] [main/INFO] [net.neoforged.fml.loading.moddiscovery.ModDiscoverer/SCAN]: Found mod file "DungeonCrawl-NeoForge-1.21-2.3.15.jar" [locator: {mods folder locator at /workspaces/Neoforge/servidor_minecraft/mods}, reader: mod manifest]
[07Sep2025 02:46:44.983] [main/INFO] [net.neoforged.fml.loading.moddiscovery.ModDiscoverer/SCAN]: Found mod file "dungeons+-1.10.1.jar" [locator: {mods folder locator at /workspaces/Neoforge/servidor_minecraft/mods}, reader: mod manifest]
[07Sep2025 02:46:44.987] [main/INFO] [net.neoforged.fml.loading.moddiscovery.ModDiscoverer/SCAN]: Found mod file "dungeons-and-taverns-v4.4.4.jar" [locator: {mods folder locator at /workspaces/Neoforge/servidor_minecraft/mods}, reader: mod manifest]
[07Sep2025 02:46:44.989] [main/INFO] [net.neoforged.fml.loading.moddiscovery.ModDiscoverer/SCAN]: Found mod file "DungeonsArise-1.21.x-2.1.64-release.jar" [locator: {mods folder locator at /workspaces/Neoforge/servidor_minecraft/mods}, reader: mod manifest]
[07Sep2025 02:46:44.992] [main/INFO] [net.neoforged.fml.loading.moddiscovery.ModDiscoverer/SCAN]: Found mod file "DungeonsAriseSevenSeas-1.21.x-1.0.3.2-neoforge.jar" [locator: {mods folder locator at /workspaces/Neoforge/servidor_minecraft/mods}, reader: mod manifest]
[07Sep2025 02:46:44.995] [main/INFO] [net.neoforged.fml.loading.moddiscovery.ModDiscoverer/SCAN]: Found mod file "earthmobsmod-1.21.1-19.0.4.jar" [locator: {mods folder locator at /workspaces/Neoforge/servidor_minecraft/mods}, reader: mod manifest]
[07Sep2025 02:46:44.998] [main/INFO] [net.neoforged.fml.loading.moddiscovery.ModDiscoverer/SCAN]: Found mod file "EasyAnvils-v21.1.0-1.21.1-NeoForge.jar" [locator: {mods folder locator at /workspaces/Neoforge/servidor_minecraft/mods}, reader: mod manifest]
[07Sep2025 02:46:45.000] [main/INFO] [net.neoforged.fml.loading.moddiscovery.ModDiscoverer/SCAN]: Found mod file "EasyMagic-v21.1.0-1.21.1-NeoForge.jar" [locator: {mods folder locator at /workspaces/Neoforge/servidor_minecraft/mods}, reader: mod manifest]
[07Sep2025 02:46:45.003] [main/INFO] [net.neoforged.fml.loading.moddiscovery.ModDiscoverer/SCAN]: Found mod file "ecologics-1.21.1-2.3.1.jar" [locator: {mods folder locator at /workspaces/Neoforge/servidor_minecraft/mods}, reader: mod manifest]
[07Sep2025 02:46:45.006] [main/INFO] [net.neoforged.fml.loading.moddiscovery.ModDiscoverer/SCAN]: Found mod file "ender_dragon_loot-1.21.1.jar" [locator: {mods folder locator at /workspaces/Neoforge/servidor_minecraft/mods}, reader: mod manifest]
[07Sep2025 02:46:45.009] [main/INFO] [net.neoforged.fml.loading.moddiscovery.ModDiscoverer/SCAN]: Found mod file "endermanoverhaul-neoforge-1.21.1-2.0.2.jar" [locator: {mods folder locator at /workspaces/Neoforge/servidor_minecraft/mods}, reader: mod manifest]
[07Sep2025 02:46:45.011] [main/INFO] [net.neoforged.fml.loading.moddiscovery.ModDiscoverer/SCAN]: Found mod file "EnderZoology-v21.1.3-1.21.1-NeoForge.jar" [locator: {mods folder locator at /workspaces/Neoforge/servidor_minecraft/mods}, reader: mod manifest]
[07Sep2025 02:46:45.013] [main/INFO] [net.neoforged.fml.loading.moddiscovery.ModDiscoverer/SCAN]: Found mod file "explorations-neoforge-1.21.1-1.6.2.jar" [locator: {mods folder locator at /workspaces/Neoforge/servidor_minecraft/mods}, reader: mod manifest]
[07Sep2025 02:46:45.016] [main/INFO] [net.neoforged.fml.loading.moddiscovery.ModDiscoverer/SCAN]: Found mod file "Explorify v1.6.2 f10-48.jar" [locator: {mods folder locator at /workspaces/Neoforge/servidor_minecraft/mods}, reader: mod manifest]
[07Sep2025 02:46:45.018] [main/INFO] [net.neoforged.fml.loading.moddiscovery.ModDiscoverer/SCAN]: Found mod file "exposure-neoforge-1.21.1-1.9.10.jar" [locator: {mods folder locator at /workspaces/Neoforge/servidor_minecraft/mods}, reader: mod manifest]
[07Sep2025 02:46:45.020] [main/INFO] [net.neoforged.fml.loading.moddiscovery.ModDiscoverer/SCAN]: Found mod file "familiarslib-1.0.0.jar" [locator: {mods folder locator at /workspaces/Neoforge/servidor_minecraft/mods}, reader: mod manifest]
[07Sep2025 02:46:45.036] [main/INFO] [net.neoforged.fml.loading.moddiscovery.ModDiscoverer/SCAN]: Found mod file "FarmersDelight-1.21.1-1.2.9.jar" [locator: {mods folder locator at /workspaces/Neoforge/servidor_minecraft/mods}, reader: mod manifest]
[07Sep2025 02:46:45.038] [main/INFO] [net.neoforged.fml.loading.moddiscovery.ModDiscoverer/SCAN]: Found mod file "FarmersStructures-1.0.1-1.21.1_neoforge.jar" [locator: {mods folder locator at /workspaces/Neoforge/servidor_minecraft/mods}, reader: mod manifest]
[07Sep2025 02:46:45.040] [main/INFO] [net.neoforged.fml.loading.moddiscovery.ModDiscoverer/SCAN]: Found mod file "fastasyncworldsave-1.21-2.4.jar" [locator: {mods folder locator at /workspaces/Neoforge/servidor_minecraft/mods}, reader: mod manifest]
[07Sep2025 02:46:45.050] [main/INFO] [net.neoforged.fml.loading.moddiscovery.ModDiscoverer/SCAN]: Found mod file "ferritecore-7.0.2-neoforge.jar" [locator: {mods folder locator at /workspaces/Neoforge/servidor_minecraft/mods}, reader: mod manifest]
[07Sep2025 02:46:45.052] [main/INFO] [net.neoforged.fml.loading.moddiscovery.ModDiscoverer/SCAN]: Found mod file "flowerymooblooms-neoforge-3.0.1+mc1.21.1.jar" [locator: {mods folder locator at /workspaces/Neoforge/servidor_minecraft/mods}, reader: mod manifest]
[07Sep2025 02:46:45.054] [main/INFO] [net.neoforged.fml.loading.moddiscovery.ModDiscoverer/SCAN]: Found mod file "formations-1.0.4-neoforge-mc1.21.jar" [locator: {mods folder locator at /workspaces/Neoforge/servidor_minecraft/mods}, reader: mod manifest]
[07Sep2025 02:46:45.056] [main/INFO] [net.neoforged.fml.loading.moddiscovery.ModDiscoverer/SCAN]: Found mod file "formationsnether-1.0.5-mc1.21+.jar" [locator: {mods folder locator at /workspaces/Neoforge/servidor_minecraft/mods}, reader: mod manifest]
[07Sep2025 02:46:45.057] [main/INFO] [net.neoforged.fml.loading.moddiscovery.ModDiscoverer/SCAN]: Found mod file "formationsoverworld-1.0.5-mc1.21+.jar" [locator: {mods folder locator at /workspaces/Neoforge/servidor_minecraft/mods}, reader: mod manifest]
[07Sep2025 02:46:45.060] [main/INFO] [net.neoforged.fml.loading.moddiscovery.ModDiscoverer/SCAN]: Found mod file "friendsandfoes-neoforge-4.0.8+mc1.21.1.jar" [locator: {mods folder locator at /workspaces/Neoforge/servidor_minecraft/mods}, reader: mod manifest]
[07Sep2025 02:46:45.063] [main/INFO] [net.neoforged.fml.loading.moddiscovery.ModDiscoverer/SCAN]: Found mod file "fzzy_config-0.7.2+1.21+neoforge.jar" [locator: {mods folder locator at /workspaces/Neoforge/servidor_minecraft/mods}, reader: mod manifest]
[07Sep2025 02:46:45.066] [main/INFO] [net.neoforged.fml.loading.moddiscovery.ModDiscoverer/SCAN]: Found mod file "geckolib-neoforge-1.21.1-4.7.7.jar" [locator: {mods folder locator at /workspaces/Neoforge/servidor_minecraft/mods}, reader: mod manifest]
[07Sep2025 02:46:45.067] [main/INFO] [net.neoforged.fml.loading.moddiscovery.ModDiscoverer/SCAN]: Found mod file "GlitchCore-neoforge-1.21.1-2.1.0.0.jar" [locator: {mods folder locator at /workspaces/Neoforge/servidor_minecraft/mods}, reader: mod manifest]
[07Sep2025 02:46:45.072] [main/INFO] [net.neoforged.fml.loading.moddiscovery.ModDiscoverer/SCAN]: Found mod file "golemoverhaul-neoforge-1.21.1-1.0.2.jar" [locator: {mods folder locator at /workspaces/Neoforge/servidor_minecraft/mods}, reader: mod manifest]
[07Sep2025 02:46:45.074] [main/INFO] [net.neoforged.fml.loading.moddiscovery.ModDiscoverer/SCAN]: Found mod file "HangGlider-v21.1.0-1.21.1-NeoForge.jar" [locator: {mods folder locator at /workspaces/Neoforge/servidor_minecraft/mods}, reader: mod manifest]
[07Sep2025 02:46:45.075] [main/INFO] [net.neoforged.fml.loading.moddiscovery.ModDiscoverer/SCAN]: Found mod file "happy_airships-neoforge-1.1.1.jar" [locator: {mods folder locator at /workspaces/Neoforge/servidor_minecraft/mods}, reader: mod manifest]
[07Sep2025 02:46:45.077] [main/INFO] [net.neoforged.fml.loading.moddiscovery.ModDiscoverer/SCAN]: Found mod file "hardcorerevival-neoforge-1.21.1-21.1.8.jar" [locator: {mods folder locator at /workspaces/Neoforge/servidor_minecraft/mods}, reader: mod manifest]
[07Sep2025 02:46:45.081] [main/INFO] [net.neoforged.fml.loading.moddiscovery.ModDiscoverer/SCAN]: Found mod file "Hearths v1.0.4 f12-80.mod.jar" [locator: {mods folder locator at /workspaces/Neoforge/servidor_minecraft/mods}, reader: mod manifest]
[07Sep2025 02:46:45.084] [main/INFO] [net.neoforged.fml.loading.moddiscovery.ModDiscoverer/SCAN]: Found mod file "HopoBetterMineshaft-[1.21-1.21.3]-1.3.0b.jar" [locator: {mods folder locator at /workspaces/Neoforge/servidor_minecraft/mods}, reader: mod manifest]
[07Sep2025 02:46:45.089] [main/INFO] [net.neoforged.fml.loading.moddiscovery.ModDiscoverer/SCAN]: Found mod file "HopoBetterRuinedPortals-[1.21.1-1.21.3]-1.4.4b.jar" [locator: {mods folder locator at /workspaces/Neoforge/servidor_minecraft/mods}, reader: mod manifest]
[07Sep2025 02:46:45.091] [main/INFO] [net.neoforged.fml.loading.moddiscovery.ModDiscoverer/SCAN]: Found mod file "HopoBetterUnderwaterRuins-[1.21.1-1.21.3]-1.2.1b.jar" [locator: {mods folder locator at /workspaces/Neoforge/servidor_minecraft/mods}, reader: mod manifest]
[07Sep2025 02:46:45.092] [main/INFO] [net.neoforged.fml.loading.moddiscovery.ModDiscoverer/SCAN]: Found mod file "horses-can-float-1.21.jar" [locator: {mods folder locator at /workspaces/Neoforge/servidor_minecraft/mods}, reader: mod manifest]
[07Sep2025 02:46:45.095] [main/INFO] [net.neoforged.fml.loading.moddiscovery.ModDiscoverer/SCAN]: Found mod file "Hyrule_Terrors-neoforge-1.1.7-1.21.1.jar" [locator: {mods folder locator at /workspaces/Neoforge/servidor_minecraft/mods}, reader: mod manifest]
[07Sep2025 02:46:45.097] [main/INFO] [net.neoforged.fml.loading.moddiscovery.ModDiscoverer/SCAN]: Found mod file "IllagerInvasion-v21.1.6-1.21.1-NeoForge.jar" [locator: {mods folder locator at /workspaces/Neoforge/servidor_minecraft/mods}, reader: mod manifest]
[07Sep2025 02:46:45.098] [main/INFO] [net.neoforged.fml.loading.moddiscovery.ModDiscoverer/SCAN]: Found mod file "illagerwarship-1.0.1-neoforge-1.21.1.jar" [locator: {mods folder locator at /workspaces/Neoforge/servidor_minecraft/mods}, reader: mod manifest]
[07Sep2025 02:46:45.101] [main/INFO] [net.neoforged.fml.loading.moddiscovery.ModDiscoverer/SCAN]: Found mod file "immersive_aircraft-1.3.3+1.21.1-neoforge.jar" [locator: {mods folder locator at /workspaces/Neoforge/servidor_minecraft/mods}, reader: mod manifest]
[07Sep2025 02:46:45.104] [main/INFO] [net.neoforged.fml.loading.moddiscovery.ModDiscoverer/SCAN]: Found mod file "immersive_melodies-neoforge-0.6.2+1.21.1.jar" [locator: {mods folder locator at /workspaces/Neoforge/servidor_minecraft/mods}, reader: mod manifest]
[07Sep2025 02:46:45.106] [main/INFO] [net.neoforged.fml.loading.moddiscovery.ModDiscoverer/SCAN]: Found mod file "immersive_paintings-neoforge-1.21.1-0.7.3.jar" [locator: {mods folder locator at /workspaces/Neoforge/servidor_minecraft/mods}, reader: mod manifest]
[07Sep2025 02:46:45.109] [main/INFO] [net.neoforged.fml.loading.moddiscovery.ModDiscoverer/SCAN]: Found mod file "irons_spellbooks-1.21.1-3.14.2.jar" [locator: {mods folder locator at /workspaces/Neoforge/servidor_minecraft/mods}, reader: mod manifest]
[07Sep2025 02:46:45.112] [main/INFO] [net.neoforged.fml.loading.moddiscovery.ModDiscoverer/SCAN]: Found mod file "katters-structures-2.1.jar" [locator: {mods folder locator at /workspaces/Neoforge/servidor_minecraft/mods}, reader: mod manifest]
[07Sep2025 02:46:45.113] [main/INFO] [net.neoforged.fml.loading.moddiscovery.ModDiscoverer/SCAN]: Found mod file "Kobolds-3.0.25.jar" [locator: {mods folder locator at /workspaces/Neoforge/servidor_minecraft/mods}, reader: mod manifest]
[07Sep2025 02:46:45.116] [main/INFO] [net.neoforged.fml.loading.moddiscovery.ModDiscoverer/SCAN]: Found library file "kotlinforforge-5.9.0-all.jar" [locator: {mods folder locator at /workspaces/Neoforge/servidor_minecraft/mods}, reader: mod manifest]
[07Sep2025 02:46:45.118] [main/INFO] [net.neoforged.fml.loading.moddiscovery.ModDiscoverer/SCAN]: Found mod file "KryptonFoxified-0.1.0+mc1.21.jar" [locator: {mods folder locator at /workspaces/Neoforge/servidor_minecraft/mods}, reader: mod manifest]
[07Sep2025 02:46:45.121] [main/INFO] [net.neoforged.fml.loading.moddiscovery.ModDiscoverer/SCAN]: Found mod file "LeavesBeGone-v21.1.0-1.21.1-NeoForge.jar" [locator: {mods folder locator at /workspaces/Neoforge/servidor_minecraft/mods}, reader: mod manifest]
[07Sep2025 02:46:45.124] [main/INFO] [net.neoforged.fml.loading.moddiscovery.ModDiscoverer/SCAN]: Found mod file "libraryferret-neoforge-1.21.1-4.0.0.jar" [locator: {mods folder locator at /workspaces/Neoforge/servidor_minecraft/mods}, reader: mod manifest]
[07Sep2025 02:46:45.125] [main/INFO] [net.neoforged.fml.loading.moddiscovery.ModDiscoverer/SCAN]: Found mod file "lios_overhauled_villages-1.18.2-1.21.6-v0.0.9.jar" [locator: {mods folder locator at /workspaces/Neoforge/servidor_minecraft/mods}, reader: mod manifest]
[07Sep2025 02:46:45.127] [main/INFO] [net.neoforged.fml.loading.moddiscovery.ModDiscoverer/SCAN]: Found mod file "lithium-neoforge-0.15.0+mc1.21.1.jar" [locator: {mods folder locator at /workspaces/Neoforge/servidor_minecraft/mods}, reader: mod manifest]
[07Sep2025 02:46:45.129] [main/INFO] [net.neoforged.fml.loading.moddiscovery.ModDiscoverer/SCAN]: Found mod file "lithostitched-neoforge-1.21.1-1.4.11.jar" [locator: {mods folder locator at /workspaces/Neoforge/servidor_minecraft/mods}, reader: mod manifest]
[07Sep2025 02:46:45.131] [main/INFO] [net.neoforged.fml.loading.moddiscovery.ModDiscoverer/SCAN]: Found mod file "livingthings-neoforge-1.21.1-2.3.0.jar" [locator: {mods folder locator at /workspaces/Neoforge/servidor_minecraft/mods}, reader: mod manifest]
[07Sep2025 02:46:45.133] [main/INFO] [net.neoforged.fml.loading.moddiscovery.ModDiscoverer/SCAN]: Found mod file "lootintegrations-1.21.1-4.7.jar" [locator: {mods folder locator at /workspaces/Neoforge/servidor_minecraft/mods}, reader: mod manifest]
[07Sep2025 02:46:45.134] [main/INFO] [net.neoforged.fml.loading.moddiscovery.ModDiscoverer/SCAN]: Found mod file "lootintegrations_vanilla-1.4.jar" [locator: {mods folder locator at /workspaces/Neoforge/servidor_minecraft/mods}, reader: mod manifest]
[07Sep2025 02:46:45.138] [main/INFO] [net.neoforged.fml.loading.moddiscovery.ModDiscoverer/SCAN]: Found mod file "lukis-crazy-chambers-1.0.2.jar" [locator: {mods folder locator at /workspaces/Neoforge/servidor_minecraft/mods}, reader: mod manifest]
[07Sep2025 02:46:45.141] [main/INFO] [net.neoforged.fml.loading.moddiscovery.ModDiscoverer/SCAN]: Found mod file "Luminous Nether V1.3.1 - NeoForge 1.21.1.jar" [locator: {mods folder locator at /workspaces/Neoforge/servidor_minecraft/mods}, reader: mod manifest]
[07Sep2025 02:46:45.146] [main/INFO] [net.neoforged.fml.loading.moddiscovery.ModDiscoverer/SCAN]: Found mod file "Luminous V1.5.2 - NeoForge 1.21.1.jar" [locator: {mods folder locator at /workspaces/Neoforge/servidor_minecraft/mods}, reader: mod manifest]
[07Sep2025 02:46:45.148] [main/INFO] [net.neoforged.fml.loading.moddiscovery.ModDiscoverer/SCAN]: Found mod file "medieval_buildings_nether_edition-1.21.1-1.0.0-neoforge.jar" [locator: {mods folder locator at /workspaces/Neoforge/servidor_minecraft/mods}, reader: mod manifest]
[07Sep2025 02:46:45.150] [main/INFO] [net.neoforged.fml.loading.moddiscovery.ModDiscoverer/SCAN]: Found mod file "mns-1.0.8-1.21.jar" [locator: {mods folder locator at /workspaces/Neoforge/servidor_minecraft/mods}, reader: mod manifest]
[07Sep2025 02:46:45.153] [main/INFO] [net.neoforged.fml.loading.moddiscovery.ModDiscoverer/SCAN]: Found mod file "mobs_of_mythology-neoforge-1.21.1-2.2.2.jar" [locator: {mods folder locator at /workspaces/Neoforge/servidor_minecraft/mods}, reader: mod manifest]
[07Sep2025 02:46:45.155] [main/INFO] [net.neoforged.fml.loading.moddiscovery.ModDiscoverer/SCAN]: Found mod file "modernfix-neoforge-5.24.3+mc1.21.1.jar" [locator: {mods folder locator at /workspaces/Neoforge/servidor_minecraft/mods}, reader: mod manifest]
[07Sep2025 02:46:45.157] [main/INFO] [net.neoforged.fml.loading.moddiscovery.ModDiscoverer/SCAN]: Found mod file "moonlight-1.21-2.22.2-neoforge.jar" [locator: {mods folder locator at /workspaces/Neoforge/servidor_minecraft/mods}, reader: mod manifest]
[07Sep2025 02:46:45.162] [main/INFO] [net.neoforged.fml.loading.moddiscovery.ModDiscoverer/SCAN]: Found mod file "more_mobs-v1.5.6-mc1.14-1.21.7-mod.jar" [locator: {mods folder locator at /workspaces/Neoforge/servidor_minecraft/mods}, reader: mod manifest]
[07Sep2025 02:46:45.165] [main/INFO] [net.neoforged.fml.loading.moddiscovery.ModDiscoverer/SCAN]: Found mod file "mostructures-neoforge-1.6.0+1.21.1.jar" [locator: {mods folder locator at /workspaces/Neoforge/servidor_minecraft/mods}, reader: mod manifest]
[07Sep2025 02:46:45.168] [main/INFO] [net.neoforged.fml.loading.moddiscovery.ModDiscoverer/SCAN]: Found mod file "mowziesmobs-1.21.1-1.7.5.jar" [locator: {mods folder locator at /workspaces/Neoforge/servidor_minecraft/mods}, reader: mod manifest]
[07Sep2025 02:46:45.170] [main/INFO] [net.neoforged.fml.loading.moddiscovery.ModDiscoverer/SCAN]: Found mod file "mss-1.3.5-1.21.jar" [locator: {mods folder locator at /workspaces/Neoforge/servidor_minecraft/mods}, reader: mod manifest]
[07Sep2025 02:46:45.173] [main/INFO] [net.neoforged.fml.loading.moddiscovery.ModDiscoverer/SCAN]: Found mod file "MutantMonsters-v21.1.0-1.21.1-NeoForge.jar" [locator: {mods folder locator at /workspaces/Neoforge/servidor_minecraft/mods}, reader: mod manifest]
[07Sep2025 02:46:45.175] [main/INFO] [net.neoforged.fml.loading.moddiscovery.ModDiscoverer/SCAN]: Found mod file "mutated_items-2.0.2-neoforge-1.21.1.jar" [locator: {mods folder locator at /workspaces/Neoforge/servidor_minecraft/mods}, reader: mod manifest]
[07Sep2025 02:46:45.177] [main/INFO] [net.neoforged.fml.loading.moddiscovery.ModDiscoverer/SCAN]: Found mod file "mvs-4.3.0-1.21.jar" [locator: {mods folder locator at /workspaces/Neoforge/servidor_minecraft/mods}, reader: mod manifest]
[07Sep2025 02:46:45.180] [main/INFO] [net.neoforged.fml.loading.moddiscovery.ModDiscoverer/SCAN]: Found mod file "naturally_trimmed-3.0.8+1.21-neoforge.jar" [locator: {mods folder locator at /workspaces/Neoforge/servidor_minecraft/mods}, reader: mod manifest]
[07Sep2025 02:46:45.182] [main/INFO] [net.neoforged.fml.loading.moddiscovery.ModDiscoverer/SCAN]: Found mod file "neo_medieval_buildings_end_edition-1.0.2-1.21.jar" [locator: {mods folder locator at /workspaces/Neoforge/servidor_minecraft/mods}, reader: mod manifest]
[07Sep2025 02:46:45.185] [main/INFO] [net.neoforged.fml.loading.moddiscovery.ModDiscoverer/SCAN]: Found mod file "nice-mobs-remastered-2.5b.jar" [locator: {mods folder locator at /workspaces/Neoforge/servidor_minecraft/mods}, reader: mod manifest]
[07Sep2025 02:46:45.187] [main/INFO] [net.neoforged.fml.loading.moddiscovery.ModDiscoverer/SCAN]: Found mod file "noisium-neoforge-2.3.0+mc1.21-1.21.1.jar" [locator: {mods folder locator at /workspaces/Neoforge/servidor_minecraft/mods}, reader: mod manifest]
[07Sep2025 02:46:45.188] [main/INFO] [net.neoforged.fml.loading.moddiscovery.ModDiscoverer/SCAN]: Found mod file "nyfsspiders-neoforge-1.21.1-2.3.2.jar" [locator: {mods folder locator at /workspaces/Neoforge/servidor_minecraft/mods}, reader: mod manifest]
[07Sep2025 02:46:45.192] [main/INFO] [net.neoforged.fml.loading.moddiscovery.ModDiscoverer/SCAN]: Found mod file "OctoLib-NEOFORGE-0.6.0.3+1.21.jar" [locator: {mods folder locator at /workspaces/Neoforge/servidor_minecraft/mods}, reader: mod manifest]
[07Sep2025 02:46:45.198] [main/INFO] [net.neoforged.fml.loading.moddiscovery.ModDiscoverer/SCAN]: Found mod file "Oh-The-Biomes-Weve-Gone-NeoForge-2.4.6.jar" [locator: {mods folder locator at /workspaces/Neoforge/servidor_minecraft/mods}, reader: mod manifest]
[07Sep2025 02:46:45.200] [main/INFO] [net.neoforged.fml.loading.moddiscovery.ModDiscoverer/SCAN]: Found mod file "Oh-The-Trees-Youll-Grow-neoforge-1.21.1-5.0.14.jar" [locator: {mods folder locator at /workspaces/Neoforge/servidor_minecraft/mods}, reader: mod manifest]
[07Sep2025 02:46:45.202] [main/INFO] [net.neoforged.fml.loading.moddiscovery.ModDiscoverer/SCAN]: Found mod file "om_hom-1.0.2-neoforge-1.21.1.jar" [locator: {mods folder locator at /workspaces/Neoforge/servidor_minecraft/mods}, reader: mod manifest]
[07Sep2025 02:46:45.204] [main/INFO] [net.neoforged.fml.loading.moddiscovery.ModDiscoverer/SCAN]: Found mod file "owo-lib-neoforge-0.12.15.5-beta.1+1.21.jar" [locator: {mods folder locator at /workspaces/Neoforge/servidor_minecraft/mods}, reader: mod manifest]
[07Sep2025 02:46:45.205] [main/INFO] [net.neoforged.fml.loading.moddiscovery.ModDiscoverer/SCAN]: Found mod file "packetfixer-3.1.4-1.20.5-1.21.X-merged.jar" [locator: {mods folder locator at /workspaces/Neoforge/servidor_minecraft/mods}, reader: mod manifest]
[07Sep2025 02:46:45.208] [main/INFO] [net.neoforged.fml.loading.moddiscovery.ModDiscoverer/SCAN]: Found mod file "platform-neoforge-1.21.1-1.2.10.2 (1).jar" [locator: {mods folder locator at /workspaces/Neoforge/servidor_minecraft/mods}, reader: mod manifest]
[07Sep2025 02:46:45.211] [main/INFO] [net.neoforged.fml.loading.moddiscovery.ModDiscoverer/SCAN]: Found mod file "platform-neoforge-1.21.1-1.2.10.2.jar" [locator: {mods folder locator at /workspaces/Neoforge/servidor_minecraft/mods}, reader: mod manifest]
[07Sep2025 02:46:45.213] [main/INFO] [net.neoforged.fml.loading.moddiscovery.ModDiscoverer/SCAN]: Found mod file "player-animation-lib-forge-2.0.1+1.21.1.jar" [locator: {mods folder locator at /workspaces/Neoforge/servidor_minecraft/mods}, reader: mod manifest]
[07Sep2025 02:46:45.215] [main/INFO] [net.neoforged.fml.loading.moddiscovery.ModDiscoverer/SCAN]: Found mod file "plushies-neoforge-1.5.1.jar" [locator: {mods folder locator at /workspaces/Neoforge/servidor_minecraft/mods}, reader: mod manifest]
[07Sep2025 02:46:45.217] [main/INFO] [net.neoforged.fml.loading.moddiscovery.ModDiscoverer/SCAN]: Found mod file "polymorph-neoforge-1.1.0+1.21.1.jar" [locator: {mods folder locator at /workspaces/Neoforge/servidor_minecraft/mods}, reader: mod manifest]
[07Sep2025 02:46:45.219] [main/INFO] [net.neoforged.fml.loading.moddiscovery.ModDiscoverer/SCAN]: Found mod file "portablemobs-1.2.1-neoforge-mc1.21.jar" [locator: {mods folder locator at /workspaces/Neoforge/servidor_minecraft/mods}, reader: mod manifest]
[07Sep2025 02:46:45.221] [main/INFO] [net.neoforged.fml.loading.moddiscovery.ModDiscoverer/SCAN]: Found mod file "prickle-neoforge-1.21.1-21.1.10.jar" [locator: {mods folder locator at /workspaces/Neoforge/servidor_minecraft/mods}, reader: mod manifest]
[07Sep2025 02:46:45.227] [main/INFO] [net.neoforged.fml.loading.moddiscovery.ModDiscoverer/SCAN]: Found mod file "projectvibrantjourneys-1.21.1-7.0.6.jar" [locator: {mods folder locator at /workspaces/Neoforge/servidor_minecraft/mods}, reader: mod manifest]
[07Sep2025 02:46:45.229] [main/INFO] [net.neoforged.fml.loading.moddiscovery.ModDiscoverer/SCAN]: Found mod file "PuzzlesLib-v21.1.38-1.21.1-NeoForge.jar" [locator: {mods folder locator at /workspaces/Neoforge/servidor_minecraft/mods}, reader: mod manifest]
[07Sep2025 02:46:45.234] [main/INFO] [net.neoforged.fml.loading.moddiscovery.ModDiscoverer/SCAN]: Found mod file "qraftyfied-9.1.1.jar" [locator: {mods folder locator at /workspaces/Neoforge/servidor_minecraft/mods}, reader: mod manifest]
[07Sep2025 02:46:45.236] [main/INFO] [net.neoforged.fml.loading.moddiscovery.ModDiscoverer/SCAN]: Found mod file "realmrpg_skeletons-1.1.0-neoforge-1.21.1.jar" [locator: {mods folder locator at /workspaces/Neoforge/servidor_minecraft/mods}, reader: mod manifest]
[07Sep2025 02:46:45.237] [main/INFO] [net.neoforged.fml.loading.moddiscovery.ModDiscoverer/SCAN]: Found mod file "redirected-neoforge-1.0.0-1.21.1.jar" [locator: {mods folder locator at /workspaces/Neoforge/servidor_minecraft/mods}, reader: mod manifest]
[07Sep2025 02:46:45.241] [main/INFO] [net.neoforged.fml.loading.moddiscovery.ModDiscoverer/SCAN]: Found mod file "regions_unexplored-neoforge-1.21.1-0.5.6.1.jar" [locator: {mods folder locator at /workspaces/Neoforge/servidor_minecraft/mods}, reader: mod manifest]
[07Sep2025 02:46:45.243] [main/INFO] [net.neoforged.fml.loading.moddiscovery.ModDiscoverer/SCAN]: Found mod file "relics-1.21.1-0.10.7.6.jar" [locator: {mods folder locator at /workspaces/Neoforge/servidor_minecraft/mods}, reader: mod manifest]
[07Sep2025 02:46:45.245] [main/INFO] [net.neoforged.fml.loading.moddiscovery.ModDiscoverer/SCAN]: Found mod file "resourcefulconfig-neoforge-1.21-3.0.11.jar" [locator: {mods folder locator at /workspaces/Neoforge/servidor_minecraft/mods}, reader: mod manifest]
[07Sep2025 02:46:45.248] [main/INFO] [net.neoforged.fml.loading.moddiscovery.ModDiscoverer/SCAN]: Found mod file "resourcefullib-neoforge-1.21-3.0.12.jar" [locator: {mods folder locator at /workspaces/Neoforge/servidor_minecraft/mods}, reader: mod manifest]
[07Sep2025 02:46:45.250] [main/INFO] [net.neoforged.fml.loading.moddiscovery.ModDiscoverer/SCAN]: Found mod file "responsiveshields-2.4-neoforge-mc1.21.x.jar" [locator: {mods folder locator at /workspaces/Neoforge/servidor_minecraft/mods}, reader: mod manifest]
[07Sep2025 02:46:45.252] [main/INFO] [net.neoforged.fml.loading.moddiscovery.ModDiscoverer/SCAN]: Found mod file "Ribbits-1.21.1-NeoForge-4.1.2.jar" [locator: {mods folder locator at /workspaces/Neoforge/servidor_minecraft/mods}, reader: mod manifest]
[07Sep2025 02:46:45.253] [main/INFO] [net.neoforged.fml.loading.moddiscovery.ModDiscoverer/SCAN]: Found mod file "rottencreatures-neoforge-1.21.1-1.1.2.jar" [locator: {mods folder locator at /workspaces/Neoforge/servidor_minecraft/mods}, reader: mod manifest]
[07Sep2025 02:46:45.257] [main/INFO] [net.neoforged.fml.loading.moddiscovery.ModDiscoverer/SCAN]: Found mod file "samurai_dynasty-0.1.4-1.21.1.jar" [locator: {mods folder locator at /workspaces/Neoforge/servidor_minecraft/mods}, reader: mod manifest]
[07Sep2025 02:46:45.259] [main/INFO] [net.neoforged.fml.loading.moddiscovery.ModDiscoverer/SCAN]: Found mod file "saturn-mc1.21.1-0.1.5.jar" [locator: {mods folder locator at /workspaces/Neoforge/servidor_minecraft/mods}, reader: mod manifest]
[07Sep2025 02:46:45.260] [main/INFO] [net.neoforged.fml.loading.moddiscovery.ModDiscoverer/SCAN]: Found mod file "ScalableLux-0.1.0+beta.2+neoforge.1a07a27-all.jar" [locator: {mods folder locator at /workspaces/Neoforge/servidor_minecraft/mods}, reader: mod manifest]
[07Sep2025 02:46:45.263] [main/INFO] [net.neoforged.fml.loading.moddiscovery.ModDiscoverer/SCAN]: Found mod file "simplehats-neoforge-1.21.1-0.4.0.jar" [locator: {mods folder locator at /workspaces/Neoforge/servidor_minecraft/mods}, reader: mod manifest]
[07Sep2025 02:46:45.266] [main/INFO] [net.neoforged.fml.loading.moddiscovery.ModDiscoverer/SCAN]: Found mod file "simplyswords-neoforge-1.61.3-1.21.1.jar" [locator: {mods folder locator at /workspaces/Neoforge/servidor_minecraft/mods}, reader: mod manifest]
[07Sep2025 02:46:45.268] [main/INFO] [net.neoforged.fml.loading.moddiscovery.ModDiscoverer/SCAN]: Found mod file "SmartBrainLib-neoforge-1.21.1-1.16.10.jar" [locator: {mods folder locator at /workspaces/Neoforge/servidor_minecraft/mods}, reader: mod manifest]
[07Sep2025 02:46:45.272] [main/INFO] [net.neoforged.fml.loading.moddiscovery.ModDiscoverer/SCAN]: Found mod file "smoothchunk-1.21-4.1.jar" [locator: {mods folder locator at /workspaces/Neoforge/servidor_minecraft/mods}, reader: mod manifest]
[07Sep2025 02:46:45.274] [main/INFO] [net.neoforged.fml.loading.moddiscovery.ModDiscoverer/SCAN]: Found mod file "snuffles-1.1.2.jar" [locator: {mods folder locator at /workspaces/Neoforge/servidor_minecraft/mods}, reader: mod manifest]
[07Sep2025 02:46:45.276] [main/INFO] [net.neoforged.fml.loading.moddiscovery.ModDiscoverer/SCAN]: Found mod file "Structory_1.21.x_v1.3.11.jar" [locator: {mods folder locator at /workspaces/Neoforge/servidor_minecraft/mods}, reader: mod manifest]
[07Sep2025 02:46:45.277] [main/INFO] [net.neoforged.fml.loading.moddiscovery.ModDiscoverer/SCAN]: Found mod file "Structory_Towers_1.21.x_v1.0.13.jar" [locator: {mods folder locator at /workspaces/Neoforge/servidor_minecraft/mods}, reader: mod manifest]
[07Sep2025 02:46:45.279] [main/INFO] [net.neoforged.fml.loading.moddiscovery.ModDiscoverer/SCAN]: Found mod file "structure_layout_optimizer-neoforge-1.0.10.jar" [locator: {mods folder locator at /workspaces/Neoforge/servidor_minecraft/mods}, reader: mod manifest]
[07Sep2025 02:46:45.286] [main/INFO] [net.neoforged.fml.loading.moddiscovery.ModDiscoverer/SCAN]: Found mod file "structureessentials-1.21.1-4.8.jar" [locator: {mods folder locator at /workspaces/Neoforge/servidor_minecraft/mods}, reader: mod manifest]
[07Sep2025 02:46:45.289] [main/INFO] [net.neoforged.fml.loading.moddiscovery.ModDiscoverer/SCAN]: Found mod file "supermartijn642corelib-1.1.18a-neoforge-mc1.21.jar" [locator: {mods folder locator at /workspaces/Neoforge/servidor_minecraft/mods}, reader: mod manifest]
[07Sep2025 02:46:45.293] [main/INFO] [net.neoforged.fml.loading.moddiscovery.ModDiscoverer/SCAN]: Found mod file "supplementaries-1.21-3.4.9-neoforge.jar" [locator: {mods folder locator at /workspaces/Neoforge/servidor_minecraft/mods}, reader: mod manifest]
[07Sep2025 02:46:45.297] [main/INFO] [net.neoforged.fml.loading.moddiscovery.ModDiscoverer/SCAN]: Found mod file "t_and_t-neoforge-fabric-1.13.2.jar" [locator: {mods folder locator at /workspaces/Neoforge/servidor_minecraft/mods}, reader: mod manifest]
[07Sep2025 02:46:45.300] [main/INFO] [net.neoforged.fml.loading.moddiscovery.ModDiscoverer/SCAN]: Found mod file "takesapillage-neoforge-1.0.9+mc1.21.1.jar" [locator: {mods folder locator at /workspaces/Neoforge/servidor_minecraft/mods}, reader: mod manifest]
[07Sep2025 02:46:45.302] [main/INFO] [net.neoforged.fml.loading.moddiscovery.ModDiscoverer/SCAN]: Found mod file "TerraBlender-neoforge-1.21.1-4.1.0.8.jar" [locator: {mods folder locator at /workspaces/Neoforge/servidor_minecraft/mods}, reader: mod manifest]
[07Sep2025 02:46:45.303] [main/INFO] [net.neoforged.fml.loading.moddiscovery.ModDiscoverer/SCAN]: Found mod file "terrablenderfix-neoforge-1.21.1-0.0.1.jar" [locator: {mods folder locator at /workspaces/Neoforge/servidor_minecraft/mods}, reader: mod manifest]
[07Sep2025 02:46:45.305] [main/INFO] [net.neoforged.fml.loading.moddiscovery.ModDiscoverer/SCAN]: Found mod file "tidal-towns-1.3.4.jar" [locator: {mods folder locator at /workspaces/Neoforge/servidor_minecraft/mods}, reader: mod manifest]
[07Sep2025 02:46:45.306] [main/INFO] [net.neoforged.fml.loading.moddiscovery.ModDiscoverer/SCAN]: Found mod file "TinySkeletons-v21.1.0-1.21.1-NeoForge.jar" [locator: {mods folder locator at /workspaces/Neoforge/servidor_minecraft/mods}, reader: mod manifest]
[07Sep2025 02:46:45.307] [main/INFO] [net.neoforged.fml.loading.moddiscovery.ModDiscoverer/SCAN]: Found mod file "too_many_bows-neoforge-1.21-2.2.0.jar" [locator: {mods folder locator at /workspaces/Neoforge/servidor_minecraft/mods}, reader: mod manifest]
[07Sep2025 02:46:45.309] [main/INFO] [net.neoforged.fml.loading.moddiscovery.ModDiscoverer/SCAN]: Found mod file "totw_modded-neoforge-1.21-1.0.8.jar" [locator: {mods folder locator at /workspaces/Neoforge/servidor_minecraft/mods}, reader: mod manifest]
[07Sep2025 02:46:45.312] [main/INFO] [net.neoforged.fml.loading.moddiscovery.ModDiscoverer/SCAN]: Found mod file "tower_of_chambers_neoforge-37.50-neoforge-1.21.1.jar" [locator: {mods folder locator at /workspaces/Neoforge/servidor_minecraft/mods}, reader: mod manifest]
[07Sep2025 02:46:45.313] [main/INFO] [net.neoforged.fml.loading.moddiscovery.ModDiscoverer/SCAN]: Found mod file "trashslot-neoforge-1.21.1-21.1.4.jar" [locator: {mods folder locator at /workspaces/Neoforge/servidor_minecraft/mods}, reader: mod manifest]
[07Sep2025 02:46:45.318] [main/INFO] [net.neoforged.fml.loading.moddiscovery.ModDiscoverer/SCAN]: Found mod file "travelersbackpack-neoforge-1.21.1-10.1.23.jar" [locator: {mods folder locator at /workspaces/Neoforge/servidor_minecraft/mods}, reader: mod manifest]
[07Sep2025 02:46:45.324] [main/INFO] [net.neoforged.fml.loading.moddiscovery.ModDiscoverer/SCAN]: Found mod file "treasures_of_the_dead-0.6.0a-1.21.1.jar" [locator: {mods folder locator at /workspaces/Neoforge/servidor_minecraft/mods}, reader: mod manifest]
[07Sep2025 02:46:45.325] [main/INFO] [net.neoforged.fml.loading.moddiscovery.ModDiscoverer/SCAN]: Found mod file "trial-towers-1.2.jar" [locator: {mods folder locator at /workspaces/Neoforge/servidor_minecraft/mods}, reader: mod manifest]
[07Sep2025 02:46:45.328] [main/INFO] [net.neoforged.fml.loading.moddiscovery.ModDiscoverer/SCAN]: Found mod file "txnilib-neoforge-1.0.24-1.21.1.jar" [locator: {mods folder locator at /workspaces/Neoforge/servidor_minecraft/mods}, reader: mod manifest]
[07Sep2025 02:46:45.329] [main/INFO] [net.neoforged.fml.loading.moddiscovery.ModDiscoverer/SCAN]: Found mod file "u_sea-1.2.3+mc1.19-1.21.8.jar" [locator: {mods folder locator at /workspaces/Neoforge/servidor_minecraft/mods}, reader: mod manifest]
[07Sep2025 02:46:45.332] [main/INFO] [net.neoforged.fml.loading.moddiscovery.ModDiscoverer/SCAN]: Found mod file "untitledduckmod-1.2.0-neoforge-1.21.1.jar" [locator: {mods folder locator at /workspaces/Neoforge/servidor_minecraft/mods}, reader: mod manifest]
[07Sep2025 02:46:45.336] [main/INFO] [net.neoforged.fml.loading.moddiscovery.ModDiscoverer/SCAN]: Found mod file "Unwrecked Ships Plus 2.0.5.jar" [locator: {mods folder locator at /workspaces/Neoforge/servidor_minecraft/mods}, reader: mod manifest]
[07Sep2025 02:46:45.338] [main/INFO] [net.neoforged.fml.loading.moddiscovery.ModDiscoverer/SCAN]: Found mod file "valhelsia_core-neoforge-1.21.1-1.1.5.jar" [locator: {mods folder locator at /workspaces/Neoforge/servidor_minecraft/mods}, reader: mod manifest]
[07Sep2025 02:46:45.349] [main/INFO] [net.neoforged.fml.loading.moddiscovery.ModDiscoverer/SCAN]: Found mod file "valhelsia_furniture-neoforge-1.21.1-1.1.1.jar" [locator: {mods folder locator at /workspaces/Neoforge/servidor_minecraft/mods}, reader: mod manifest]
[07Sep2025 02:46:45.351] [main/INFO] [net.neoforged.fml.loading.moddiscovery.ModDiscoverer/SCAN]: Found mod file "valhelsia_structures-neoforge-1.21.1-1.1.2.jar" [locator: {mods folder locator at /workspaces/Neoforge/servidor_minecraft/mods}, reader: mod manifest]
[07Sep2025 02:46:45.354] [main/INFO] [net.neoforged.fml.loading.moddiscovery.ModDiscoverer/SCAN]: Found mod file "vanillabackport-neoforge-1.21.1-1.1.4.3.jar" [locator: {mods folder locator at /workspaces/Neoforge/servidor_minecraft/mods}, reader: mod manifest]
[07Sep2025 02:46:45.355] [main/INFO] [net.neoforged.fml.loading.moddiscovery.ModDiscoverer/SCAN]: Found mod file "VisualWorkbench-v21.1.1-1.21.1-NeoForge.jar" [locator: {mods folder locator at /workspaces/Neoforge/servidor_minecraft/mods}, reader: mod manifest]
[07Sep2025 02:46:45.359] [main/INFO] [net.neoforged.fml.loading.moddiscovery.ModDiscoverer/SCAN]: Found mod file "Wabi-Sabi Structures 3.0.1-1.21.jar" [locator: {mods folder locator at /workspaces/Neoforge/servidor_minecraft/mods}, reader: mod manifest]
[07Sep2025 02:46:45.360] [main/INFO] [net.neoforged.fml.loading.moddiscovery.ModDiscoverer/SCAN]: Found mod file "watut-neoforge-1.21.0-1.2.7.jar" [locator: {mods folder locator at /workspaces/Neoforge/servidor_minecraft/mods}, reader: mod manifest]
[07Sep2025 02:46:45.363] [main/INFO] [net.neoforged.fml.loading.moddiscovery.ModDiscoverer/SCAN]: Found mod file "waystones-neoforge-1.21.1-21.1.22.jar" [locator: {mods folder locator at /workspaces/Neoforge/servidor_minecraft/mods}, reader: mod manifest]
[07Sep2025 02:46:45.366] [main/INFO] [net.neoforged.fml.loading.moddiscovery.ModDiscoverer/SCAN]: Found mod file "yet_another_config_lib_v3-3.7.1+1.21.1-neoforge.jar" [locator: {mods folder locator at /workspaces/Neoforge/servidor_minecraft/mods}, reader: mod manifest]
[07Sep2025 02:46:45.367] [main/INFO] [net.neoforged.fml.loading.moddiscovery.ModDiscoverer/SCAN]: Found mod file "YungsApi-1.21.1-NeoForge-5.1.6 (1).jar" [locator: {mods folder locator at /workspaces/Neoforge/servidor_minecraft/mods}, reader: mod manifest]
[07Sep2025 02:46:45.369] [main/INFO] [net.neoforged.fml.loading.moddiscovery.ModDiscoverer/SCAN]: Found mod file "YungsApi-1.21.1-NeoForge-5.1.6.jar" [locator: {mods folder locator at /workspaces/Neoforge/servidor_minecraft/mods}, reader: mod manifest]
[07Sep2025 02:46:45.370] [main/INFO] [net.neoforged.fml.loading.moddiscovery.ModDiscoverer/SCAN]: Found mod file "YungsBetterDesertTemples-1.21.1-NeoForge-4.1.5.jar" [locator: {mods folder locator at /workspaces/Neoforge/servidor_minecraft/mods}, reader: mod manifest]
[07Sep2025 02:46:45.371] [main/INFO] [net.neoforged.fml.loading.moddiscovery.ModDiscoverer/SCAN]: Found mod file "YungsBetterDungeons-1.21.1-NeoForge-5.1.4.jar" [locator: {mods folder locator at /workspaces/Neoforge/servidor_minecraft/mods}, reader: mod manifest]
[07Sep2025 02:46:45.372] [main/INFO] [net.neoforged.fml.loading.moddiscovery.ModDiscoverer/SCAN]: Found mod file "YungsBetterJungleTemples-1.21.1-NeoForge-3.1.2.jar" [locator: {mods folder locator at /workspaces/Neoforge/servidor_minecraft/mods}, reader: mod manifest]
[07Sep2025 02:46:45.374] [main/INFO] [net.neoforged.fml.loading.moddiscovery.ModDiscoverer/SCAN]: Found mod file "YungsBetterMineshafts-1.21.1-NeoForge-5.1.1.jar" [locator: {mods folder locator at /workspaces/Neoforge/servidor_minecraft/mods}, reader: mod manifest]
[07Sep2025 02:46:45.375] [main/INFO] [net.neoforged.fml.loading.moddiscovery.ModDiscoverer/SCAN]: Found mod file "YungsBetterNetherFortresses-1.21.1-NeoForge-3.1.5.jar" [locator: {mods folder locator at /workspaces/Neoforge/servidor_minecraft/mods}, reader: mod manifest]
[07Sep2025 02:46:45.376] [main/INFO] [net.neoforged.fml.loading.moddiscovery.ModDiscoverer/SCAN]: Found mod file "YungsBetterOceanMonuments-1.21.1-NeoForge-4.1.2.jar" [locator: {mods folder locator at /workspaces/Neoforge/servidor_minecraft/mods}, reader: mod manifest]
[07Sep2025 02:46:45.378] [main/INFO] [net.neoforged.fml.loading.moddiscovery.ModDiscoverer/SCAN]: Found mod file "YungsBetterWitchHuts-1.21.1-NeoForge-4.1.1.jar" [locator: {mods folder locator at /workspaces/Neoforge/servidor_minecraft/mods}, reader: mod manifest]
[07Sep2025 02:46:45.379] [main/INFO] [net.neoforged.fml.loading.moddiscovery.ModDiscoverer/SCAN]: Found mod file "YungsExtras-1.21.1-NeoForge-5.1.1.jar" [locator: {mods folder locator at /workspaces/Neoforge/servidor_minecraft/mods}, reader: mod manifest]
[07Sep2025 02:46:45.400] [main/INFO] [net.neoforged.fml.loading.moddiscovery.ModDiscoverer/SCAN]: Found mod file "yuushya-1.21.0-neoforge-2.2.3.jar" [locator: {mods folder locator at /workspaces/Neoforge/servidor_minecraft/mods}, reader: mod manifest]
[07Sep2025 02:46:46.227] [main/INFO] [net.neoforged.fml.loading.moddiscovery.locators.JarInJarDependencyLocator/]: Found 111 dependencies adding them to mods collection
[07Sep2025 02:46:46.227] [main/INFO] [net.neoforged.fml.loading.moddiscovery.ModDiscoverer/SCAN]: Found mod file "c2me-fixes-worldgen-threading-issues-mc1.21.1-0.3.0+alpha.0.73.jar" [parent: c2me-neoforge-mc1.21.1-0.3.0+alpha.0.73.jar, locator: jarinjar, reader: mod manifest]
[07Sep2025 02:46:46.227] [main/INFO] [net.neoforged.fml.loading.moddiscovery.ModDiscoverer/SCAN]: Found mod file "kuma-api-neoforge-21.0.5+1.21.jar" [parent: balm-neoforge-1.21.1-21.0.49.jar, locator: jarinjar, reader: mod manifest]
[07Sep2025 02:46:46.227] [main/INFO] [net.neoforged.fml.loading.moddiscovery.ModDiscoverer/SCAN]: Found mod file "fabric-renderer-api-v1-3.4.0+9c40919e19.jar" [parent: forgified-fabric-api-0.115.6+2.1.0+1.21.1.jar, locator: jarinjar, reader: mod manifest]
[07Sep2025 02:46:46.228] [main/INFO] [net.neoforged.fml.loading.moddiscovery.ModDiscoverer/SCAN]: Found mod file "fabric-item-api-v1-11.1.1+57cdfa8219.jar" [parent: forgified-fabric-api-0.115.6+2.1.0+1.21.1.jar, locator: jarinjar, reader: mod manifest]
[07Sep2025 02:46:46.228] [main/INFO] [net.neoforged.fml.loading.moddiscovery.ModDiscoverer/SCAN]: Found mod file "c2me-rewrites-chunk-serializer-mc1.21.1-0.3.0+alpha.0.73.jar" [parent: c2me-neoforge-mc1.21.1-0.3.0+alpha.0.73.jar, locator: jarinjar, reader: mod manifest]
[07Sep2025 02:46:46.228] [main/INFO] [net.neoforged.fml.loading.moddiscovery.ModDiscoverer/SCAN]: Found mod file "fabric-rendering-fluids-v1-3.1.6+857185bc19.jar" [parent: forgified-fabric-api-0.115.6+2.1.0+1.21.1.jar, locator: jarinjar, reader: mod manifest]
[07Sep2025 02:46:46.228] [main/INFO] [net.neoforged.fml.loading.moddiscovery.ModDiscoverer/SCAN]: Found mod file "c2me-opts-natives-math-mc1.21.1-0.3.0+alpha.0.73.jar" [parent: c2me-neoforge-mc1.21.1-0.3.0+alpha.0.73.jar, locator: jarinjar, reader: mod manifest]
[07Sep2025 02:46:46.228] [main/INFO] [net.neoforged.fml.loading.moddiscovery.ModDiscoverer/SCAN]: Found mod file "c2me-fixes-general-threading-issues-mc1.21.1-0.3.0+alpha.0.73.jar" [parent: c2me-neoforge-mc1.21.1-0.3.0+alpha.0.73.jar, locator: jarinjar, reader: mod manifest]
[07Sep2025 02:46:46.228] [main/INFO] [net.neoforged.fml.loading.moddiscovery.ModDiscoverer/SCAN]: Found library file "netty-0.1.4.1.jar" [parent: owo-lib-neoforge-0.12.15.5-beta.1+1.21.jar, locator: jarinjar]
[07Sep2025 02:46:46.228] [main/INFO] [net.neoforged.fml.loading.moddiscovery.ModDiscoverer/SCAN]: Found library file "endec-0.1.8.1.jar" [parent: owo-lib-neoforge-0.12.15.5-beta.1+1.21.jar, locator: jarinjar]
[07Sep2025 02:46:46.228] [main/INFO] [net.neoforged.fml.loading.moddiscovery.ModDiscoverer/SCAN]: Found library file "kotlinx-coroutines-core-jvm-1.10.2.jar" [parent: kotlinforforge-5.9.0-all.jar, locator: jarinjar]
[07Sep2025 02:46:46.228] [main/INFO] [net.neoforged.fml.loading.moddiscovery.ModDiscoverer/SCAN]: Found mod file "fabric-convention-tags-v1-2.1.4+7f945d5b19.jar" [parent: forgified-fabric-api-0.115.6+2.1.0+1.21.1.jar, locator: jarinjar, reader: mod manifest]
[07Sep2025 02:46:46.228] [main/INFO] [net.neoforged.fml.loading.moddiscovery.ModDiscoverer/SCAN]: Found mod file "fabric-block-view-api-v2-1.0.11+e9036fd419.jar" [parent: forgified-fabric-api-0.115.6+2.1.0+1.21.1.jar, locator: jarinjar, reader: mod manifest]
[07Sep2025 02:46:46.228] [main/INFO] [net.neoforged.fml.loading.moddiscovery.ModDiscoverer/SCAN]: Found mod file "fabric-command-api-v2-2.2.28+36d727be19.jar" [parent: forgified-fabric-api-0.115.6+2.1.0+1.21.1.jar, locator: jarinjar, reader: mod manifest]
[07Sep2025 02:46:46.228] [main/INFO] [net.neoforged.fml.loading.moddiscovery.ModDiscoverer/SCAN]: Found mod file "fabric-convention-tags-v2-2.11.0+87e5848019.jar" [parent: forgified-fabric-api-0.115.6+2.1.0+1.21.1.jar, locator: jarinjar, reader: mod manifest]
[07Sep2025 02:46:46.229] [main/INFO] [net.neoforged.fml.loading.moddiscovery.ModDiscoverer/SCAN]: Found mod file "fabric-data-attachment-api-v1-1.4.3+58235da019.jar" [parent: forgified-fabric-api-0.115.6+2.1.0+1.21.1.jar, locator: jarinjar, reader: mod manifest]
[07Sep2025 02:46:46.229] [main/INFO] [net.neoforged.fml.loading.moddiscovery.ModDiscoverer/SCAN]: Found library file "jctools-core-4.0.5.jar" [parent: c2me-neoforge-mc1.21.1-0.3.0+alpha.0.73.jar, locator: jarinjar]
[07Sep2025 02:46:46.229] [main/INFO] [net.neoforged.fml.loading.moddiscovery.ModDiscoverer/SCAN]: Found mod file "c2me-opts-math-mc1.21.1-0.3.0+alpha.0.73.jar" [parent: c2me-neoforge-mc1.21.1-0.3.0+alpha.0.73.jar, locator: jarinjar, reader: mod manifest]
[07Sep2025 02:46:46.229] [main/INFO] [net.neoforged.fml.loading.moddiscovery.ModDiscoverer/SCAN]: Found library file "kotlin-stdlib-jdk7-2.1.21.jar" [parent: kotlinforforge-5.9.0-all.jar, locator: jarinjar]
[07Sep2025 02:46:46.229] [main/INFO] [net.neoforged.fml.loading.moddiscovery.ModDiscoverer/SCAN]: Found library file "kotlin-stdlib-jdk8-2.1.21.jar" [parent: kotlinforforge-5.9.0-all.jar, locator: jarinjar]
[07Sep2025 02:46:46.229] [main/INFO] [net.neoforged.fml.loading.moddiscovery.ModDiscoverer/SCAN]: Found mod file "fabric-screen-api-v1-2.0.25+4228281319.jar" [parent: forgified-fabric-api-0.115.6+2.1.0+1.21.1.jar, locator: jarinjar, reader: mod manifest]
[07Sep2025 02:46:46.229] [main/INFO] [net.neoforged.fml.loading.moddiscovery.ModDiscoverer/SCAN]: Found library file "reactive-streams-1.0.4.jar" [parent: c2me-neoforge-mc1.21.1-0.3.0+alpha.0.73.jar, locator: jarinjar]
[07Sep2025 02:46:46.229] [main/INFO] [net.neoforged.fml.loading.moddiscovery.ModDiscoverer/SCAN]: Found mod file "c2me-base-mc1.21.1-0.3.0+alpha.0.73-all.jar" [parent: c2me-neoforge-mc1.21.1-0.3.0+alpha.0.73.jar, locator: jarinjar, reader: mod manifest]
[07Sep2025 02:46:46.229] [main/INFO] [net.neoforged.fml.loading.moddiscovery.ModDiscoverer/SCAN]: Found library file "forgified-fabric-loader-2.5.29+0.16.0+1.21-full.jar" [parent: forgified-fabric-api-0.115.6+2.1.0+1.21.1.jar, locator: jarinjar, reader: mod manifest]
[07Sep2025 02:46:46.229] [main/INFO] [net.neoforged.fml.loading.moddiscovery.ModDiscoverer/SCAN]: Found mod file "forgified-fabric-api-0.115.6+2.1.0+1.21.1.jar" [parent: txnilib-neoforge-1.0.24-1.21.1.jar, locator: jarinjar, reader: mod manifest]
[07Sep2025 02:46:46.229] [main/INFO] [net.neoforged.fml.loading.moddiscovery.ModDiscoverer/SCAN]: Found mod file "c2me-fixes-worldgen-vanilla-bugs-mc1.21.1-0.3.0+alpha.0.73.jar" [parent: c2me-neoforge-mc1.21.1-0.3.0+alpha.0.73.jar, locator: jarinjar, reader: mod manifest]
[07Sep2025 02:46:46.229] [main/INFO] [net.neoforged.fml.loading.moddiscovery.ModDiscoverer/SCAN]: Found mod file "fabric-content-registries-v0-8.0.18+0a0c14ff19.jar" [parent: forgified-fabric-api-0.115.6+2.1.0+1.21.1.jar, locator: jarinjar, reader: mod manifest]
[07Sep2025 02:46:46.230] [main/INFO] [net.neoforged.fml.loading.moddiscovery.ModDiscoverer/SCAN]: Found library file "kotlinx-serialization-json-jvm-1.8.1.jar" [parent: kotlinforforge-5.9.0-all.jar, locator: jarinjar]
[07Sep2025 02:46:46.230] [main/INFO] [net.neoforged.fml.loading.moddiscovery.ModDiscoverer/SCAN]: Found library file "bytecodecs-1.1.2.jar" [parent: resourcefullib-neoforge-1.21-3.0.12.jar, locator: jarinjar]
[07Sep2025 02:46:46.230] [main/INFO] [net.neoforged.fml.loading.moddiscovery.ModDiscoverer/SCAN]: Found mod file "diagonalblocks-neoforge-21.1.1.jar" [parent: DiagonalFences-v21.1.1-1.21.1-NeoForge.jar, locator: jarinjar, reader: mod manifest]
[07Sep2025 02:46:46.230] [main/INFO] [net.neoforged.fml.loading.moddiscovery.ModDiscoverer/SCAN]: Found library file "exp4j-0.4.8.jar" [parent: c2me-neoforge-mc1.21.1-0.3.0+alpha.0.73.jar, locator: jarinjar]
[07Sep2025 02:46:46.230] [main/INFO] [net.neoforged.fml.loading.moddiscovery.ModDiscoverer/SCAN]: Found library file "snakeyaml-2.2.jar" [parent: OctoLib-NEOFORGE-0.6.0.3+1.21.jar, locator: jarinjar]
[07Sep2025 02:46:46.230] [main/INFO] [net.neoforged.fml.loading.moddiscovery.ModDiscoverer/SCAN]: Found gamelibrary file "mixinextras-neoforge-0.5.0.jar" [parent: neoforge-21.1.203-universal.jar, locator: jarinjar, reader: mod manifest]
[07Sep2025 02:46:46.230] [main/INFO] [net.neoforged.fml.loading.moddiscovery.ModDiscoverer/SCAN]: Found mod file "fabric-game-rule-api-v1-1.0.53+36d727be19.jar" [parent: forgified-fabric-api-0.115.6+2.1.0+1.21.1.jar, locator: jarinjar, reader: mod manifest]
[07Sep2025 02:46:46.230] [main/INFO] [net.neoforged.fml.loading.moddiscovery.ModDiscoverer/SCAN]: Found mod file "fabric-api-lookup-api-v1-1.6.70+c21168c319.jar" [parent: forgified-fabric-api-0.115.6+2.1.0+1.21.1.jar, locator: jarinjar, reader: mod manifest]
[07Sep2025 02:46:46.230] [main/INFO] [net.neoforged.fml.loading.moddiscovery.ModDiscoverer/SCAN]: Found mod file "c2me-fixes-chunkio-threading-issues-mc1.21.1-0.3.0+alpha.0.73.jar" [parent: c2me-neoforge-mc1.21.1-0.3.0+alpha.0.73.jar, locator: jarinjar, reader: mod manifest]
[07Sep2025 02:46:46.230] [main/INFO] [net.neoforged.fml.loading.moddiscovery.ModDiscoverer/SCAN]: Found mod file "c2me-client-uncapvd-mc1.21.1-0.3.0+alpha.0.73.jar" [parent: c2me-neoforge-mc1.21.1-0.3.0+alpha.0.73.jar, locator: jarinjar, reader: mod manifest]
[07Sep2025 02:46:46.230] [main/INFO] [net.neoforged.fml.loading.moddiscovery.ModDiscoverer/SCAN]: Found library file "imageio-metadata-3.12.0.jar" [parent: yet_another_config_lib_v3-3.7.1+1.21.1-neoforge.jar, locator: jarinjar]
[07Sep2025 02:46:46.230] [main/INFO] [net.neoforged.fml.loading.moddiscovery.ModDiscoverer/SCAN]: Found mod file "c2me-opts-dfc-mc1.21.1-0.3.0+alpha.0.73.jar" [parent: c2me-neoforge-mc1.21.1-0.3.0+alpha.0.73.jar, locator: jarinjar, reader: mod manifest]
[07Sep2025 02:46:46.230] [main/INFO] [net.neoforged.fml.loading.moddiscovery.ModDiscoverer/SCAN]: Found library file "kotlin-stdlib-2.1.21.jar" [parent: kotlinforforge-5.9.0-all.jar, locator: jarinjar]
[07Sep2025 02:46:46.231] [main/INFO] [net.neoforged.fml.loading.moddiscovery.ModDiscoverer/SCAN]: Found mod file "omegaconfig-neoforge-1.5.1.jar" [parent: mostructures-neoforge-1.6.0+1.21.1.jar, locator: jarinjar, reader: mod manifest]
[07Sep2025 02:46:46.231] [main/INFO] [net.neoforged.fml.loading.moddiscovery.ModDiscoverer/SCAN]: Found library file "tomlkt-jvm-0.3.7.jar" [parent: fzzy_config-0.7.2+1.21+neoforge.jar, locator: jarinjar]
[07Sep2025 02:46:46.231] [main/INFO] [net.neoforged.fml.loading.moddiscovery.ModDiscoverer/SCAN]: Found mod file "fabric-entity-events-v1-1.7.0+1af6e62419.jar" [parent: forgified-fabric-api-0.115.6+2.1.0+1.21.1.jar, locator: jarinjar, reader: mod manifest]
[07Sep2025 02:46:46.231] [main/INFO] [net.neoforged.fml.loading.moddiscovery.ModDiscoverer/SCAN]: Found library file "MathParser.org-mXparser-5.2.1.jar" [parent: immersive_aircraft-1.3.3+1.21.1-neoforge.jar, locator: jarinjar]
[07Sep2025 02:46:46.231] [main/INFO] [net.neoforged.fml.loading.moddiscovery.ModDiscoverer/SCAN]: Found library file "resourceful-cosmetics-4j-1.0.3.jar" [parent: CreeperOverhaul-neoforge-1.21.1-4.0.6.jar, locator: jarinjar]
[07Sep2025 02:46:46.231] [main/INFO] [net.neoforged.fml.loading.moddiscovery.ModDiscoverer/SCAN]: Found library file "common-io-3.12.0.jar" [parent: yet_another_config_lib_v3-3.7.1+1.21.1-neoforge.jar, locator: jarinjar]
[07Sep2025 02:46:46.231] [main/INFO] [net.neoforged.fml.loading.moddiscovery.ModDiscoverer/SCAN]: Found mod file "fabric-loot-api-v2-3.0.15+a3ee712d19.jar" [parent: forgified-fabric-api-0.115.6+2.1.0+1.21.1.jar, locator: jarinjar, reader: mod manifest]
[07Sep2025 02:46:46.231] [main/INFO] [net.neoforged.fml.loading.moddiscovery.ModDiscoverer/SCAN]: Found gamelibrary file "mixinsquared-forge-0.1.1.jar" [parent: supplementaries-1.21-3.4.9-neoforge.jar, locator: jarinjar, reader: mod manifest]
[07Sep2025 02:46:46.231] [main/INFO] [net.neoforged.fml.loading.moddiscovery.ModDiscoverer/SCAN]: Found library file "MixinSquared-0.2.0-beta.6.jar" [parent: mixinsquared-neoforge-0.2.0-beta.6.jar, locator: jarinjar]
[07Sep2025 02:46:46.231] [main/INFO] [net.neoforged.fml.loading.moddiscovery.ModDiscoverer/SCAN]: Found mod file "fabric-loot-api-v3-1.0.3+333dfad919.jar" [parent: forgified-fabric-api-0.115.6+2.1.0+1.21.1.jar, locator: jarinjar, reader: mod manifest]
[07Sep2025 02:46:46.231] [main/INFO] [net.neoforged.fml.loading.moddiscovery.ModDiscoverer/SCAN]: Found mod file "fabric-rendering-data-attachment-v1-0.3.49+73761d2e19.jar" [parent: forgified-fabric-api-0.115.6+2.1.0+1.21.1.jar, locator: jarinjar, reader: mod manifest]
[07Sep2025 02:46:46.231] [main/INFO] [net.neoforged.fml.loading.moddiscovery.ModDiscoverer/SCAN]: Found library file "imageio-webp-3.12.0.jar" [parent: immersive_paintings-neoforge-1.21.1-0.7.3.jar, locator: jarinjar]
[07Sep2025 02:46:46.231] [main/INFO] [net.neoforged.fml.loading.moddiscovery.ModDiscoverer/SCAN]: Found mod file "fabric-networking-api-v1-4.3.0+4f690eb619.jar" [parent: forgified-fabric-api-0.115.6+2.1.0+1.21.1.jar, locator: jarinjar, reader: mod manifest]
[07Sep2025 02:46:46.232] [main/INFO] [net.neoforged.fml.loading.moddiscovery.ModDiscoverer/SCAN]: Found library file "kotlinx-serialization-core-jvm-1.8.1.jar" [parent: kotlinforforge-5.9.0-all.jar, locator: jarinjar]
[07Sep2025 02:46:46.232] [main/INFO] [net.neoforged.fml.loading.moddiscovery.ModDiscoverer/SCAN]: Found mod file "c2me-rewrites-chunkio-mc1.21.1-0.3.0+alpha.0.73.jar" [parent: c2me-neoforge-mc1.21.1-0.3.0+alpha.0.73.jar, locator: jarinjar, reader: mod manifest]
[07Sep2025 02:46:46.232] [main/INFO] [net.neoforged.fml.loading.moddiscovery.ModDiscoverer/SCAN]: Found mod file "fabric-lifecycle-events-v1-2.5.0+a2ee258a19.jar" [parent: forgified-fabric-api-0.115.6+2.1.0+1.21.1.jar, locator: jarinjar, reader: mod manifest]
[07Sep2025 02:46:46.232] [main/INFO] [net.neoforged.fml.loading.moddiscovery.ModDiscoverer/SCAN]: Found mod file "c2me-opts-allocs-mc1.21.1-0.3.0+alpha.0.73.jar" [parent: c2me-neoforge-mc1.21.1-0.3.0+alpha.0.73.jar, locator: jarinjar, reader: mod manifest]
[07Sep2025 02:46:46.232] [main/INFO] [net.neoforged.fml.loading.moddiscovery.ModDiscoverer/SCAN]: Found library file "imageio-core-3.12.0.jar" [parent: immersive_paintings-neoforge-1.21.1-0.7.3.jar, locator: jarinjar]
[07Sep2025 02:46:46.232] [main/INFO] [net.neoforged.fml.loading.moddiscovery.ModDiscoverer/SCAN]: Found library file "asyncutil-0.1.0.jar" [parent: c2me-neoforge-mc1.21.1-0.3.0+alpha.0.73.jar, locator: jarinjar]
[07Sep2025 02:46:46.232] [main/INFO] [net.neoforged.fml.loading.moddiscovery.ModDiscoverer/SCAN]: Found mod file "fabric-key-binding-api-v1-1.0.47+62cc7ce119.jar" [parent: forgified-fabric-api-0.115.6+2.1.0+1.21.1.jar, locator: jarinjar, reader: mod manifest]
[07Sep2025 02:46:46.232] [main/INFO] [net.neoforged.fml.loading.moddiscovery.ModDiscoverer/SCAN]: Found mod file "fabric-client-tags-api-v1-1.1.15+e053909619.jar" [parent: forgified-fabric-api-0.115.6+2.1.0+1.21.1.jar, locator: jarinjar, reader: mod manifest]
[07Sep2025 02:46:46.232] [main/INFO] [net.neoforged.fml.loading.moddiscovery.ModDiscoverer/SCAN]: Found mod file "fabric-transfer-api-v1-5.4.2+a25cb45619.jar" [parent: forgified-fabric-api-0.115.6+2.1.0+1.21.1.jar, locator: jarinjar, reader: mod manifest]
[07Sep2025 02:46:46.232] [main/INFO] [net.neoforged.fml.loading.moddiscovery.ModDiscoverer/SCAN]: Found mod file "c2me-threading-lighting-mc1.21.1-0.3.0+alpha.0.73.jar" [parent: c2me-neoforge-mc1.21.1-0.3.0+alpha.0.73.jar, locator: jarinjar, reader: mod manifest]
[07Sep2025 02:46:46.232] [main/INFO] [net.neoforged.fml.loading.moddiscovery.ModDiscoverer/SCAN]: Found library file "jankson-0.1.5.1.jar" [parent: owo-lib-neoforge-0.12.15.5-beta.1+1.21.jar, locator: jarinjar]
[07Sep2025 02:46:46.232] [main/INFO] [net.neoforged.fml.loading.moddiscovery.ModDiscoverer/SCAN]: Found library file "net.neoforged.neoforge-coremods-21.1.203.jar" [parent: neoforge-21.1.203-universal.jar, locator: jarinjar, reader: mod manifest]
[07Sep2025 02:46:46.232] [main/INFO] [net.neoforged.fml.loading.moddiscovery.ModDiscoverer/SCAN]: Found mod file "fabric-model-loading-api-v1-2.0.0+986ae77219.jar" [parent: forgified-fabric-api-0.115.6+2.1.0+1.21.1.jar, locator: jarinjar, reader: mod manifest]
[07Sep2025 02:46:46.232] [main/INFO] [net.neoforged.fml.loading.moddiscovery.ModDiscoverer/SCAN]: Found mod file "common-networking-neoforge-1.0.18-1.21.1.jar" [parent: nyfsspiders-neoforge-1.21.1-2.3.2.jar, locator: jarinjar, reader: mod manifest]
[07Sep2025 02:46:46.232] [main/INFO] [net.neoforged.fml.loading.moddiscovery.ModDiscoverer/SCAN]: Found mod file "fabric-screen-handler-api-v1-1.3.88+8dbc56dd19.jar" [parent: forgified-fabric-api-0.115.6+2.1.0+1.21.1.jar, locator: jarinjar, reader: mod manifest]
[07Sep2025 02:46:46.232] [main/INFO] [net.neoforged.fml.loading.moddiscovery.ModDiscoverer/SCAN]: Found mod file "fabric-resource-loader-v0-1.3.1+4ea8954419.jar" [parent: forgified-fabric-api-0.115.6+2.1.0+1.21.1.jar, locator: jarinjar, reader: mod manifest]
[07Sep2025 02:46:46.232] [main/INFO] [net.neoforged.fml.loading.moddiscovery.ModDiscoverer/SCAN]: Found mod file "fabric-rendering-v1-5.0.5+077ba95f19.jar" [parent: forgified-fabric-api-0.115.6+2.1.0+1.21.1.jar, locator: jarinjar, reader: mod manifest]
[07Sep2025 02:46:46.232] [main/INFO] [net.neoforged.fml.loading.moddiscovery.ModDiscoverer/SCAN]: Found mod file "fabric-renderer-indigo-1.7.0+4198af7119.jar" [parent: forgified-fabric-api-0.115.6+2.1.0+1.21.1.jar, locator: jarinjar, reader: mod manifest]
[07Sep2025 02:46:46.232] [main/INFO] [net.neoforged.fml.loading.moddiscovery.ModDiscoverer/SCAN]: Found gamelibrary file "mixinsquared-neoforge-0.2.0-beta.6.jar" [parent: c2me-neoforge-mc1.21.1-0.3.0+alpha.0.73.jar, locator: jarinjar, reader: mod manifest]
[07Sep2025 02:46:46.233] [main/INFO] [net.neoforged.fml.loading.moddiscovery.ModDiscoverer/SCAN]: Found library file "yabn-1.0.3.jar" [parent: resourcefullib-neoforge-1.21-3.0.12.jar, locator: jarinjar]
[07Sep2025 02:46:46.233] [main/INFO] [net.neoforged.fml.loading.moddiscovery.ModDiscoverer/SCAN]: Found library file "kotlinx-coroutines-jdk8-1.10.2.jar" [parent: kotlinforforge-5.9.0-all.jar, locator: jarinjar]
[07Sep2025 02:46:46.233] [main/INFO] [net.neoforged.fml.loading.moddiscovery.ModDiscoverer/SCAN]: Found mod file "c2me-rewrites-chunk-system-mc1.21.1-0.3.0+alpha.0.73.jar" [parent: c2me-neoforge-mc1.21.1-0.3.0+alpha.0.73.jar, locator: jarinjar, reader: mod manifest]
[07Sep2025 02:46:46.233] [main/INFO] [net.neoforged.fml.loading.moddiscovery.ModDiscoverer/SCAN]: Found library file "rxjava-3.1.8.jar" [parent: c2me-neoforge-mc1.21.1-0.3.0+alpha.0.73.jar, locator: jarinjar]
[07Sep2025 02:46:46.233] [main/INFO] [net.neoforged.fml.loading.moddiscovery.ModDiscoverer/SCAN]: Found mod file "fabric-particles-v1-4.0.2+824f924c19.jar" [parent: forgified-fabric-api-0.115.6+2.1.0+1.21.1.jar, locator: jarinjar, reader: mod manifest]
[07Sep2025 02:46:46.233] [main/INFO] [net.neoforged.fml.loading.moddiscovery.ModDiscoverer/SCAN]: Found mod file "extensibleenums-neoforge-21.1.1.jar" [parent: IllagerInvasion-v21.1.6-1.21.1-NeoForge.jar, locator: jarinjar, reader: mod manifest]
[07Sep2025 02:46:46.233] [main/INFO] [net.neoforged.fml.loading.moddiscovery.ModDiscoverer/SCAN]: Found mod file "c2me-opts-worldgen-vanilla-mc1.21.1-0.3.0+alpha.0.73.jar" [parent: c2me-neoforge-mc1.21.1-0.3.0+alpha.0.73.jar, locator: jarinjar, reader: mod manifest]
[07Sep2025 02:46:46.233] [main/INFO] [net.neoforged.fml.loading.moddiscovery.ModDiscoverer/SCAN]: Found library file "common-image-3.12.0.jar" [parent: immersive_paintings-neoforge-1.21.1-0.7.3.jar, locator: jarinjar]
[07Sep2025 02:46:46.233] [main/INFO] [net.neoforged.fml.loading.moddiscovery.ModDiscoverer/SCAN]: Found mod file "c2me-opts-scheduling-mc1.21.1-0.3.0+alpha.0.73.jar" [parent: c2me-neoforge-mc1.21.1-0.3.0+alpha.0.73.jar, locator: jarinjar, reader: mod manifest]
[07Sep2025 02:46:46.233] [main/INFO] [net.neoforged.fml.loading.moddiscovery.ModDiscoverer/SCAN]: Found mod file "fabric-transitive-access-wideners-v1-6.2.0+6c854b6f19.jar" [parent: forgified-fabric-api-0.115.6+2.1.0+1.21.1.jar, locator: jarinjar, reader: mod manifest]
[07Sep2025 02:46:46.233] [main/INFO] [net.neoforged.fml.loading.moddiscovery.ModDiscoverer/SCAN]: Found library file "jankson-1.2.3.jar" [parent: fzzy_config-0.7.2+1.21+neoforge.jar, locator: jarinjar]
[07Sep2025 02:46:46.233] [main/INFO] [net.neoforged.fml.loading.moddiscovery.ModDiscoverer/SCAN]: Found library file "gson-0.1.5.1.jar" [parent: owo-lib-neoforge-0.12.15.5-beta.1+1.21.jar, locator: jarinjar]
[07Sep2025 02:46:46.233] [main/INFO] [net.neoforged.fml.loading.moddiscovery.ModDiscoverer/SCAN]: Found mod file "fabric-api-base-0.4.42+d1308dedd1.jar" [parent: owo-lib-neoforge-0.12.15.5-beta.1+1.21.jar, locator: jarinjar, reader: mod manifest]
[07Sep2025 02:46:46.233] [main/INFO] [net.neoforged.fml.loading.moddiscovery.ModDiscoverer/SCAN]: Found mod file "fabric-blockrenderlayer-v1-1.1.52+b089b4bd19.jar" [parent: forgified-fabric-api-0.115.6+2.1.0+1.21.1.jar, locator: jarinjar, reader: mod manifest]
[07Sep2025 02:46:46.234] [main/INFO] [net.neoforged.fml.loading.moddiscovery.ModDiscoverer/SCAN]: Found mod file "c2me-server-utils-mc1.21.1-0.3.0+alpha.0.73.jar" [parent: c2me-neoforge-mc1.21.1-0.3.0+alpha.0.73.jar, locator: jarinjar, reader: mod manifest]
[07Sep2025 02:46:46.234] [main/INFO] [net.neoforged.fml.loading.moddiscovery.ModDiscoverer/SCAN]: Found mod file "fabric-block-api-v1-1.0.22+a6e994cd19.jar" [parent: forgified-fabric-api-0.115.6+2.1.0+1.21.1.jar, locator: jarinjar, reader: mod manifest]
[07Sep2025 02:46:46.234] [main/INFO] [net.neoforged.fml.loading.moddiscovery.ModDiscoverer/SCAN]: Found library file "thedarkcolour.kfflang-5.9.0.jar" [parent: kotlinforforge-5.9.0-all.jar, locator: jarinjar, reader: mod manifest]
[07Sep2025 02:46:46.234] [main/INFO] [net.neoforged.fml.loading.moddiscovery.ModDiscoverer/SCAN]: Found gamelibrary file "thedarkcolour.kfflib-5.9.0.jar" [parent: kotlinforforge-5.9.0-all.jar, locator: jarinjar, reader: mod manifest]
[07Sep2025 02:46:46.234] [main/INFO] [net.neoforged.fml.loading.moddiscovery.ModDiscoverer/SCAN]: Found mod file "fabric-resource-conditions-api-v1-4.3.0+5bdd099819.jar" [parent: forgified-fabric-api-0.115.6+2.1.0+1.21.1.jar, locator: jarinjar, reader: mod manifest]
[07Sep2025 02:46:46.234] [main/INFO] [net.neoforged.fml.loading.moddiscovery.ModDiscoverer/SCAN]: Found mod file "thedarkcolour.kffmod-5.9.0.jar" [parent: kotlinforforge-5.9.0-all.jar, locator: jarinjar, reader: mod manifest]
[07Sep2025 02:46:46.234] [main/INFO] [net.neoforged.fml.loading.moddiscovery.ModDiscoverer/SCAN]: Found library file "gson-0.3.1.jar" [parent: naturally_trimmed-3.0.8+1.21-neoforge.jar, locator: jarinjar]
[07Sep2025 02:46:46.234] [main/INFO] [net.neoforged.fml.loading.moddiscovery.ModDiscoverer/SCAN]: Found library file "kotlin-reflect-2.1.21.jar" [parent: kotlinforforge-5.9.0-all.jar, locator: jarinjar]
[07Sep2025 02:46:46.234] [main/INFO] [net.neoforged.fml.loading.moddiscovery.ModDiscoverer/SCAN]: Found mod file "fabric-item-group-api-v1-4.1.7+e324903319.jar" [parent: forgified-fabric-api-0.115.6+2.1.0+1.21.1.jar, locator: jarinjar, reader: mod manifest]
[07Sep2025 02:46:46.234] [main/INFO] [net.neoforged.fml.loading.moddiscovery.ModDiscoverer/SCAN]: Found library file "velocity-native-3.3.0-SNAPSHOT.jar" [parent: KryptonFoxified-0.1.0+mc1.21.jar, locator: jarinjar]
[07Sep2025 02:46:46.234] [main/INFO] [net.neoforged.fml.loading.moddiscovery.ModDiscoverer/SCAN]: Found mod file "fabric-gametest-api-v1-2.0.5+29f188ce19.jar" [parent: forgified-fabric-api-0.115.6+2.1.0+1.21.1.jar, locator: jarinjar, reader: mod manifest]
[07Sep2025 02:46:46.234] [main/INFO] [net.neoforged.fml.loading.moddiscovery.ModDiscoverer/SCAN]: Found mod file "c2me-notickvd-mc1.21.1-0.3.0+alpha.0.73.jar" [parent: c2me-neoforge-mc1.21.1-0.3.0+alpha.0.73.jar, locator: jarinjar, reader: mod manifest]
[07Sep2025 02:46:46.234] [main/INFO] [net.neoforged.fml.loading.moddiscovery.ModDiscoverer/SCAN]: Found mod file "fabric-biome-api-v1-13.0.31+1e62d33c19.jar" [parent: forgified-fabric-api-0.115.6+2.1.0+1.21.1.jar, locator: jarinjar, reader: mod manifest]
[07Sep2025 02:46:46.234] [main/INFO] [net.neoforged.fml.loading.moddiscovery.ModDiscoverer/SCAN]: Found mod file "c2me-opts-worldgen-general-mc1.21.1-0.3.0+alpha.0.73.jar" [parent: c2me-neoforge-mc1.21.1-0.3.0+alpha.0.73.jar, locator: jarinjar, reader: mod manifest]
[07Sep2025 02:46:46.234] [main/INFO] [net.neoforged.fml.loading.moddiscovery.ModDiscoverer/SCAN]: Found mod file "c2me-opts-chunkio-mc1.21.1-0.3.0+alpha.0.73.jar" [parent: c2me-neoforge-mc1.21.1-0.3.0+alpha.0.73.jar, locator: jarinjar, reader: mod manifest]
[07Sep2025 02:46:46.235] [main/INFO] [net.neoforged.fml.loading.moddiscovery.ModDiscoverer/SCAN]: Found library file "json-0.3.1.jar" [parent: naturally_trimmed-3.0.8+1.21-neoforge.jar, locator: jarinjar]
[07Sep2025 02:46:46.235] [main/INFO] [net.neoforged.fml.loading.moddiscovery.ModDiscoverer/SCAN]: Found mod file "fabric-registry-sync-v0-5.2.0+867470b919.jar" [parent: forgified-fabric-api-0.115.6+2.1.0+1.21.1.jar, locator: jarinjar, reader: mod manifest]
[07Sep2025 02:46:46.235] [main/INFO] [net.neoforged.fml.loading.moddiscovery.ModDiscoverer/SCAN]: Found mod file "fabric-recipe-api-v1-5.0.14+59440bcc19.jar" [parent: forgified-fabric-api-0.115.6+2.1.0+1.21.1.jar, locator: jarinjar, reader: mod manifest]
[07Sep2025 02:46:46.235] [main/INFO] [net.neoforged.fml.loading.moddiscovery.ModDiscoverer/SCAN]: Found mod file "fabric-object-builder-api-v1-15.2.1+cc242efd19.jar" [parent: forgified-fabric-api-0.115.6+2.1.0+1.21.1.jar, locator: jarinjar, reader: mod manifest]
[07Sep2025 02:46:46.235] [main/INFO] [net.neoforged.fml.loading.moddiscovery.ModDiscoverer/SCAN]: Found mod file "fabric-sound-api-v1-1.0.23+10b84f8419.jar" [parent: forgified-fabric-api-0.115.6+2.1.0+1.21.1.jar, locator: jarinjar, reader: mod manifest]
[07Sep2025 02:46:46.235] [main/INFO] [net.neoforged.fml.loading.moddiscovery.ModDiscoverer/SCAN]: Found mod file "fabric-message-api-v1-6.0.13+e053909619.jar" [parent: forgified-fabric-api-0.115.6+2.1.0+1.21.1.jar, locator: jarinjar, reader: mod manifest]
[07Sep2025 02:46:46.235] [main/INFO] [net.neoforged.fml.loading.moddiscovery.ModDiscoverer/SCAN]: Found mod file "expandability-neoforge-12.0.0.jar" [parent: artifacts-neoforge-13.0.7.jar, locator: jarinjar, reader: mod manifest]
[07Sep2025 02:46:46.235] [main/INFO] [net.neoforged.fml.loading.moddiscovery.ModDiscoverer/SCAN]: Found library file "common-lang-3.12.0.jar" [parent: immersive_paintings-neoforge-1.21.1-0.7.3.jar, locator: jarinjar]
[07Sep2025 02:46:46.235] [main/INFO] [net.neoforged.fml.loading.moddiscovery.ModDiscoverer/SCAN]: Found mod file "fabric-data-generation-api-v1-20.2.28+2d91a6db19.jar" [parent: forgified-fabric-api-0.115.6+2.1.0+1.21.1.jar, locator: jarinjar, reader: mod manifest]
[07Sep2025 02:46:46.235] [main/INFO] [net.neoforged.fml.loading.moddiscovery.ModDiscoverer/SCAN]: Found mod file "fabric-events-interaction-v0-0.7.13+7b71cc1619.jar" [parent: forgified-fabric-api-0.115.6+2.1.0+1.21.1.jar, locator: jarinjar, reader: mod manifest]
[07Sep2025 02:46:46.244] [main/INFO] [net.neoforged.fml.loading.moddiscovery.ModDiscoverer/]: 
     Mod List:
		Name Version (Mod Id)

		Abridged 2.0.0 (abridged)
		Accessories 1.1.0-beta.48+1.21.1 (accessories)
		AchievementOptimizer 2.1.0 (achiopt)
		Additional Structures 6.3.2 (additionalstructures)
		Adorable Hamster Pets 3.1.2-1.21.1+neoforge (adorablehamsterpets)
		AdoraBuild: Structures 2.10.1 (adorabuild_structures)
		AdventureDungeons 1.3.1 (adventuredungeons)
		AI-Improvements 0.5.3 (aiimprovements)
		Alshanex's Familiars Mod 1.21.1_v3.0 (alshanex_familiars)
		Alternate Current 1.9.0 (alternate_current)
		Amendments 1.21-2.0.5 (amendments)
		Aquatic Frontiers 1.7 (aquatic_frontiers)
		Architectury 13.0.8 (architectury)
		Armor of the Ages 1.5.4 (armoroftheages)
		Artifacts 13.0.7 (artifacts)
		atistructures 1.4.0 (atistructures)
		AttributeFix 21.1.2 (attributefix)
		Awesome dungeon 3.2.0 (awesomedungeon)
		AzureLib 3.0.27 (azurelib)
		Backported Animal Variants 0.2-1.21.1 (backported_animal_variants)
		Bagus Lib 1.21.1-13.18.1 (bagus_lib)
		Balm 21.0.49 (balm)
		Battle Towers 1.3.0 (mr_battle_towers)
		Bear Minimum 1.0.5 (bearminimum)
		Better Combat 2.2.4+1.21.1 (bettercombat)
		Better Copper 1.3 (bettercopper)
		Biomes O' Plenty 21.1.0.12 (biomesoplenty)
		Block Factory's Biomes 1.1.0 (bf_biomes)
		Bookshelf 21.1.68 (bookshelf)
		Born in Chaos  1.7.2 (born_in_chaos_v1)
		Bosses of Mass Destruction 1.3.2 (bosses_of_mass_destruction)
		Bosses'Rises 1.0.9 (block_factorys_bosses)
		brutalbosses mod 8.2 (brutalbosses)
		Capybara 3.0.0 (unnamedanimalmod)
		Carry On 2.2.2 (carryon)
		Cerbons API 1.3.0 (cerbons_api)
		Chefs Delight 1.0.4 (chefsdelight)
		Chest With Legs 2.0.2 (chest_with_legs)
		Chocco's Mobs 0.1.3 (choccos_mobs)
		ChoiceTheorem's Overhauled Village 3.5.9a (ctov)
		chunksending mod 2.8 (chunksending)
		Cloth Config v15 API 15.0.140 (cloth_config)
		Clumps 19.0.0.1 (clumps)
		Common Networking 1.0.18-1.21.1 (commonnetworking)
		Concurrent Chunk Management Engine 0.3.0+alpha.0.73+1.21.1 (c2me)
		Concurrent Chunk Management Engine (Base) 0.3.0+alpha.0.73+1.21.1 (c2me_base)
		Concurrent Chunk Management Engine (Client/Uncap View Distance) 0.3.0+alpha.0.73+1.21.1 (c2me_client_uncapvd)
		Concurrent Chunk Management Engine (Fixes/Chunk IO/Threading Issues) 0.3.0+alpha.0.73+1.21.1 (c2me_fixes_chunkio_threading_issues)
		Concurrent Chunk Management Engine (Fixes/General/Threading Issues) 0.3.0+alpha.0.73+1.21.1 (c2me_fixes_general_threading_issues)
		Concurrent Chunk Management Engine (Fixes/WorldGen/Threading Issues) 0.3.0+alpha.0.73+1.21.1 (c2me_fixes_worldgen_threading_issues)
		Concurrent Chunk Management Engine (Fixes/WorldGen/Vanilla Bugs) 0.3.0+alpha.0.73+1.21.1 (c2me_fixes_worldgen_vanilla_bugs)
		Concurrent Chunk Management Engine (No Tick View Distance) 0.3.0+alpha.0.73+1.21.1 (c2me_notickvd)
		Concurrent Chunk Management Engine (Optimizations/Chunk IO) 0.3.0+alpha.0.73+1.21.1 (c2me_opts_chunkio)
		Concurrent Chunk Management Engine (Optimizations/Density Function Compiler) 0.3.0+alpha.0.73+1.21.1 (c2me_opts_dfc)
		Concurrent Chunk Management Engine (Optimizations/General WorldGen) 0.3.0+alpha.0.73+1.21.1 (c2me_opts_worldgen_general)
		Concurrent Chunk Management Engine (Optimizations/Math) 0.3.0+alpha.0.73+1.21.1 (c2me_opts_math)
		Concurrent Chunk Management Engine (Optimizations/Memory Allocations) 0.3.0+alpha.0.73+1.21.1 (c2me_opts_allocs)
		Concurrent Chunk Management Engine (Optimizations/Natives Math) 0.3.0+alpha.0.73+1.21.1 (c2me_opts_natives_math)
		Concurrent Chunk Management Engine (Optimizations/Scheduling) 0.3.0+alpha.0.73+1.21.1 (c2me_opts_scheduling)
		Concurrent Chunk Management Engine (Optimizations/Vanilla WorldGen) 0.3.0+alpha.0.73+1.21.1 (c2me_opts_worldgen_vanilla)
		Concurrent Chunk Management Engine (Rewrites/Chunk IO) 0.3.0+alpha.0.73+1.21.1 (c2me_rewrites_chunkio)
		Concurrent Chunk Management Engine (Rewrites/Chunk Serializer) 0.3.0+alpha.0.73+1.21.1 (c2me_rewrites_chunk_serializer)
		Concurrent Chunk Management Engine (Rewrites/Chunk System) 0.3.0+alpha.0.73+1.21.1 (c2me_rewrites_chunk_system)
		Concurrent Chunk Management Engine (Server Utils) 0.3.0+alpha.0.73+1.21.1 (c2me_server_utils)
		Concurrent Chunk Management Engine (Threading/Lighting) 0.3.0+alpha.0.73+1.21.1 (c2me_threading_lighting)
		CorgiLib 5.0.0.7 (corgilib)
		CoroUtil 1.21.0-1.3.8 (coroutil)
		Creature Corner 0.1 (creaturecorner)
		Creeper Overhaul 4.0.6 (creeperoverhaul)
		Cristel Lib 1.2.8 (cristellib)
		Critters and Companions 1.21.1-2.3.1 (crittersandcompanions)
		Cupboard mod 2.9 (cupboard)
		Curios API 9.5.1+1.21.1 (curios)
		Customizable Player Models 0.6.24a (cpm)
		Deer Mod 0.2.7+1.21.1 (deermod)
		Diagonal Blocks 21.1.1 (diagonalblocks)
		Diagonal Fences 21.1.1 (diagonalfences)
		Diagonal Windows 21.1.1 (diagonalwindows)
		Dungeon Crawl 2.3.15 (dungeoncrawl)
		Dungeons and Taverns 1-v4.4.4 (mr_dungeons_andtaverns)
		Dungeons+ 1.10.1 (mr_dungeons)
		EarthMobsMod 1.21.1-19.0.4 (earthmobsmod)
		Easy Anvils 21.1.0 (easyanvils)
		Easy Magic 21.1.0 (easymagic)
		Ecologics 2.3.1 (ecologics)
		Ender Dragon Loot 1.21.1 1.0.0 (ender_dragon_loot)
		Ender Zoology 21.1.3 (enderzoology)
		Enderman Overhaul 2.0.2 (endermanoverhaul)
		ExpandAbility 12.0.0 (expandability)
		Explorations+ 1.21.1-1.6.2 (explorations)
		Explorify 1.6.2 (explorify)
		Exposure 1.9.10 (exposure)
		Extensible Enums 21.1.1 (extensibleenums)
		FamiliarsLib 1.0.0 (familiarslib)
		Farmer's Delight 1.2.9 (farmersdelight)
		FarmersStructures 1.0.0 (farmers_structures)
		fastasyncworldsave mod 2.4 (fastasyncworldsave)
		Ferrite Core 7.0.2 (ferritecore)
		Forgified Fabric API 0.115.6+2.1.0+1.21.1 (fabric_api)
		Forgified Fabric API Base 0.4.42+d1308dedd1 (fabric_api_base)
		Forgified Fabric API Lookup API (v1) 1.6.70+c21168c319 (fabric_api_lookup_api_v1)
		Forgified Fabric Biome API (v1) 13.0.31+1e62d33c19 (fabric_biome_api_v1)
		Forgified Fabric Block API (v1) 1.0.22+a6e994cd19 (fabric_block_api_v1)
		Forgified Fabric BlockRenderLayer Registration (v1) 1.1.52+b089b4bd19 (fabric_blockrenderlayer_v1)
		Forgified Fabric BlockView API (v2) 1.0.11+e9036fd419 (fabric_block_view_api_v2)
		Forgified Fabric Client Tags 1.1.15+e053909619 (fabric_client_tags_api_v1)
		Forgified Fabric Command API (v2) 2.2.28+36d727be19 (fabric_command_api_v2)
		Forgified Fabric Content Registries (v0) 8.0.18+0a0c14ff19 (fabric_content_registries_v0)
		Forgified Fabric Convention Tags 2.1.4+7f945d5b19 (fabric_convention_tags_v1)
		Forgified Fabric Convention Tags (v2) 2.11.0+87e5848019 (fabric_convention_tags_v2)
		Forgified Fabric Data Attachment API (v1) 1.4.3+58235da019 (fabric_data_attachment_api_v1)
		Forgified Fabric Data Generation API (v1) 20.2.28+2d91a6db19 (fabric_data_generation_api_v1)
		Forgified Fabric Entity Events (v1) 1.7.0+1af6e62419 (fabric_entity_events_v1)
		Forgified Fabric Events Interaction (v0) 0.7.13+7b71cc1619 (fabric_events_interaction_v0)
		Forgified Fabric Game Rule API (v1) 1.0.53+36d727be19 (fabric_game_rule_api_v1)
		Forgified Fabric Game Test API (v1) 2.0.5+29f188ce19 (fabric_gametest_api_v1)
		Forgified Fabric Item API (v1) 11.1.1+57cdfa8219 (fabric_item_api_v1)
		Forgified Fabric Item Group API (v1) 4.1.7+e324903319 (fabric_item_group_api_v1)
		Forgified Fabric Key Binding API (v1) 1.0.47+62cc7ce119 (fabric_key_binding_api_v1)
		Forgified Fabric Lifecycle Events (v1) 2.5.0+a2ee258a19 (fabric_lifecycle_events_v1)
		Forgified Fabric Loot API (v2) 3.0.15+a3ee712d19 (fabric_loot_api_v2)
		Forgified Fabric Loot API (v3) 1.0.3+333dfad919 (fabric_loot_api_v3)
		Forgified Fabric Message API (v1) 6.0.13+e053909619 (fabric_message_api_v1)
		Forgified Fabric Model Loading API (v1) 2.0.0+986ae77219 (fabric_model_loading_api_v1)
		Forgified Fabric Networking API (v1) 4.3.0+4f690eb619 (fabric_networking_api_v1)
		Forgified Fabric Object Builder API (v1) 15.2.1+cc242efd19 (fabric_object_builder_api_v1)
		Forgified Fabric Particles (v1) 4.0.2+824f924c19 (fabric_particles_v1)
		Forgified Fabric Recipe API (v1) 5.0.14+59440bcc19 (fabric_recipe_api_v1)
		Forgified Fabric Registry Sync (v0) 5.2.0+867470b919 (fabric_registry_sync_v0)
		Forgified Fabric Renderer - Indigo 1.7.0+4198af7119 (fabric_renderer_indigo)
		Forgified Fabric Renderer API (v1) 3.4.0+9c40919e19 (fabric_renderer_api_v1)
		Forgified Fabric Rendering (v1) 5.0.5+077ba95f19 (fabric_rendering_v1)
		Forgified Fabric Rendering Data Attachment (v1) 0.3.49+73761d2e19 (fabric_rendering_data_attachment_v1)
		Forgified Fabric Rendering Fluids (v1) 3.1.6+857185bc19 (fabric_rendering_fluids_v1)
		Forgified Fabric Resource Conditions API (v1) 4.3.0+5bdd099819 (fabric_resource_conditions_api_v1)
		Forgified Fabric Resource Loader (v0) 1.3.1+4ea8954419 (fabric_resource_loader_v0)
		Forgified Fabric Screen API (v1) 2.0.25+4228281319 (fabric_screen_api_v1)
		Forgified Fabric Screen Handler API (v1) 1.3.88+8dbc56dd19 (fabric_screen_handler_api_v1)
		Forgified Fabric Sound API (v1) 1.0.23+10b84f8419 (fabric_sound_api_v1)
		Forgified Fabric Transfer API (v1) 5.4.2+a25cb45619 (fabric_transfer_api_v1)
		Forgified Fabric Transitive Access Wideners (v1) 6.2.0+6c854b6f19 (fabric_transitive_access_wideners_v1)
		Formations 1.0.4 (formations)
		Formations Nether 1.0.5 (formationsnether)
		Formations Overworld 1.0.5 (formationsoverworld)
		Friends&Foes 4.0.8 (friendsandfoes)
		Friends&Foes - Flowery Mooblooms 3.0.1 (flowerymooblooms)
		Fzzy Config 0.7.2+1.21+neoforge (fzzy_config)
		GeckoLib 4 4.7.7 (geckolib)
		GlitchCore 2.1.0.0 (glitchcore)
		Golem Overhaul 1.0.2 (golemoverhaul)
		Hang Glider 21.1.0 (hangglider)
		Happy Airships 1.1.1 (happy_airships)
		Hardcore Revival 21.1.8 (hardcorerevival)
		Hearths 1.0.4 (hearths)
		HopoBetterMineshaft 1.3.0 (hopo)
		HopoBetterRuinedPortals 1.4.4 (hoporp)
		HopoBetterUnderwaterRuins 1.2.1 (hopour)
		Horses can Float 1.21 (mr_horses_canfloat)
		Hyrule Terrors 1.1.7-1.21.1 (hyrule_terrors)
		Illager Invasion 21.1.6 (illagerinvasion)
		Illager-Warship 1.0.1 (illagerwarship)
		Immersive Aircraft 1.3.3+1.21.1 (immersive_aircraft)
		Immersive Melodies 0.6.2+1.21.1 (immersive_melodies)
		Immersive Paintings 0.7.3 (immersive_paintings)
		Immersive Structures 2.2.1b (imst)
		Iron's Spells 'n Spellbooks 1.21.1-3.14.2 (irons_spellbooks)
		It Takes a Pillage Continuation 1.0.9 (takesapillage)
		Katters Structures 2.1 (mr_katters_structures)
		Kobolds 3.0.25 (kobolds)
		Kotlin For Forge 5.9.0 (kotlinforforge)
		KryptonFoxified 0.1.0+mc1.21 (krypton)
		KumaAPI 21.0.5 (kuma_api)
		Leaves Be Gone 21.1.0 (leavesbegone)
		Library ferret 4.0.0 (libraryferret)
		Lio's Overhauled Villages 1.18.2-1.21.6-v0.0.9 (lios_overhauled_villages)
		Lithium 0.15.0+mc1.21.1 (lithium)
		Lithostitched 1.4.11 (lithostitched)
		Living Things 1.21.1-2.3.0 (livingthings)
		Lootintegrations mod 4.7 (lootintegrations)
		lootintegrations_vanilla mod 1 (lootintegrations_vanilla)
		Luki's Crazy Chambers 1.0.2 (mr_lukis_crazychambers)
		Luminous 1.5.2 (luminousworld)
		Luminous Nether 1.3.1 (luminous_nether)
		Medieval Buildings [The End Edition] 1.0.2 (medievalend)
		Medieval Buildings [The Nether Edition] 1.0.0 (medieval_nether)
		Minecraft 1.21.1 (minecraft)
		Mo' Structures 1.6.0+1.21.1 (mostructures)
		Mobs of Mythology 2.2.2 (mobs_of_mythology)
		ModernFix 5.24.3+mc1.21.1 (modernfix)
		Moog's Nether Structures 1.0.8-1.21 (mns)
		Moog's Soaring Structures 1.3.5-1.21 (mss)
		Moog's Voyager Structures 4.3.0-1.21 (mvs)
		Moonlight Lib 1.21-2.22.2 (moonlight)
		More Mobs 1.5.6+mod (moremobs)
		Mowzie's Mobs 1.7.5 (mowziesmobs)
		Mutant Monsters 21.1.0 (mutantmonsters)
		Mutated Items 2.0.2 (mutated_items)
		Naturally Trimmed 3.0.8 (naturally_trimmed)
		NeoForge 21.1.203 (neoforge)
		Nice Mobs Remastered: Friends & Foes 2.5b (mr_nice_mobsremastered)
		Noisium 2.3.0+mc1.21-1.21.1 (noisium)
		Nyf's Spiders 2.3.2 (nyfsspiders)
		OctoLib 0.6.0.3 (octolib)
		Oh The Biomes We've Gone 2.4.6 (biomeswevegone)
		Oh The Trees You'll Grow 5.0.14 (ohthetreesyoullgrow)
		om hom 1.0.1 (om_hom)
		Omega Config Architectury 1.5.1 (omegaconfig)
		oωo 0.12.15.5-beta.1+1.21 (owo)
		PacketFixer 3.1.4 (packetfixer)
		Platform 1.2.10.2 (platform)
		Player Animator 2.0.1+1.21.1 (playeranimator)
		Plushie Mod 1.5.1 (plushies)
		Polymorph 1.1.0+1.21.1 (polymorph)
		Portable Mobs 1.2.1 (portablemobs)
		PrickleMC 21.1.10 (prickle)
		Project: Vibrant Journeys 1.21.1-7.0.6 (projectvibrantjourneys)
		Puzzles Lib 21.1.38 (puzzleslib)
		qraftyfied 9.1.1 (mr_qraftyfied)
		Realm RPG: Fallen Adventurers 1.1.0 (realmrpg_skeletons)
		Redirected 1.0.0 (redirected)
		Regions Unexplored 0.5.6.1 (regions_unexplored)
		Relics 0.10.7.6 (relics)
		Resourceful Lib 3.0.12 (resourcefullib)
		Resourcefulconfig 3.0.11 (resourcefulconfig)
		Responsive Shields 2.4 (responsiveshields)
		Ribbits 1.21.1-NeoForge-4.1.2 (ribbits)
		RottenCreatures 1.1.2 (rottencreatures)
		Samurai Dynasty 0.1.4-1.21.1 (samurai_dynasty)
		Saturn 0.1.5 (saturn)
		ScalableLux 0.1.0+beta.2+neoforge.1a07a27 (scalablelux)
		SimpleHats 0.4.0 (simplehats)
		Simply Swords 1.61.3-1.21.1 (simplyswords)
		SmartBrainLib 1.16.10 (smartbrainlib)
		Smoothchunk mod 4.1 (smoothchunk)
		Snuffles 1.1.2 (snuffles)
		Structory 1.3.12 (structory)
		Structory: Towers 1.0.13 (structory_towers)
		Structure Essentials mod 4.8 (structureessentials)
		Structure Layout Optimizer 1.0.10 (structure_layout_optimizer)
		SuperMartijn642's Core Lib 1.1.18+a (supermartijn642corelib)
		Supplementaries 1.21-3.4.9 (supplementaries)
		TerraBlender 4.1.0.8 (terrablender)
		TerraBlenderFix 0.0.1 (terrablenderfix)
		Tidal Towns 1.3.4 (mr_tidal_towns)
		Tiny Skeletons 21.1.0 (tinyskeletons)
		Too Many Bows 1.21-2.2.0 (too_many_bows)
		Tower of Chambers NeoForge 37.50 (tower_of_chambers_neoforge)
		Towers of The Wild: Modded 1.0.8 (totw_modded)
		Towns and Towers 1.13.2 (t_and_t)
		TrashSlot 21.1.4 (trashslot)
		Traveler's Backpack 10.1.23 (travelersbackpack)
		Treasures of the dead 0.6.0a-1.21.1 (treasures_of_the_dead)
		Trial Towers 1.2 (mr_trial_towers)
		TxniLib 1.0.24 (txnilib)
		Unnamed Sea 1.2.3 (u_sea)
		Untitled Duck Mod 1.2.0 (untitledduckmod)
		Unwrecked Ships - Plus 2.0.5 (unwrecked_ships_plus)
		Valhelsia Core 1.1.5 (valhelsia_core)
		Valhelsia Furniture 1.1.1 (valhelsia_furniture)
		Valhelsia Structures 1.1.2 (valhelsia_structures)
		VanillaBackport 1.1.4.3 (vanillabackport)
		Visual Workbench 21.1.1 (visualworkbench)
		Wabi-Sabi Structures 3.0.1 (wabi_sabi_structures)
		Waystones 21.1.22 (waystones)
		What Are They Up To 1.21.0-1.2.7 (watut)
		When Dungeons Arise 2.1.64 (dungeons_arise)
		When Dungeons Arise: Seven Seas 1.0.3.2 (dungeons_arise_seven_seas)
		YetAnotherConfigLib 3.7.1+1.21.1-neoforge (yet_another_config_lib_v3)
		YUNG's API 1.21.1-NeoForge-5.1.6 (yungsapi)
		YUNG's Better Desert Temples 1.21.1-NeoForge-4.1.5 (betterdeserttemples)
		YUNG's Better Dungeons 1.21.1-NeoForge-5.1.4 (betterdungeons)
		YUNG's Better Jungle Temples 1.21.1-NeoForge-3.1.2 (betterjungletemples)
		YUNG's Better Mineshafts 1.21.1-NeoForge-5.1.1 (bettermineshafts)
		YUNG's Better Nether Fortresses 1.21.1-NeoForge-3.1.5 (betterfortresses)
		YUNG's Better Ocean Monuments 1.21.1-NeoForge-4.1.2 (betteroceanmonuments)
		YUNG's Better Witch Huts 1.21.1-NeoForge-4.1.1 (betterwitchhuts)
		YUNG's Extras 1.21.1-NeoForge-5.1.1 (yungsextras)
		Yuushya 2.2.3 (yuushya)
[07Sep2025 02:46:50.567] [main/INFO] [mixin/]: Compatibility level set to JAVA_21
[07Sep2025 02:46:51.173] [main/INFO] [net.fabricmc.loader.impl.bootstrap.FabricLoaderBootstrap/]: Propagating FML mod list to Fabric Loader
[07Sep2025 02:46:51.193] [main/INFO] [cpw.mods.modlauncher.LaunchServiceHandler/MODLAUNCHER]: Launching target 'forgeserver' with arguments [nogui]
[07Sep2025 02:46:51.281] [main/INFO] [com.aziz.saturn.common.Saturn/]: Loaded Saturn config file with 4 configurable options
[07Sep2025 02:46:51.296] [main/WARN] [mixin/]: Reference map 'saturn.refmap.json' for saturn.mixins.json could not be read. If this is a development environment you can ignore this message
[07Sep2025 02:46:51.397] [main/INFO] [C2ME Modules Manager/]: Initializing com.ishland.c2me.fixes.worldgen.threading_issues.mixin
[07Sep2025 02:46:51.443] [main/WARN] [mixin/]: Reference map 'betterdungeons.refmap.json' for betterdungeons.mixins.json could not be read. If this is a development environment you can ignore this message
[07Sep2025 02:46:51.449] [main/INFO] [C2ME Modules Manager/]: Initializing com.ishland.c2me.rewrites.chunk_serializer.mixin
[07Sep2025 02:46:51.449] [main/INFO] [C2ME Modules Manager/]: Disabling com.ishland.c2me.rewrites.chunk_serializer.mixin
[07Sep2025 02:46:51.451] [main/INFO] [C2ME Modules Manager/]: Initializing com.ishland.c2me.fixes.general.threading_issues.mixin
[07Sep2025 02:46:51.536] [main/INFO] [ModernFix/]: Loaded configuration file for ModernFix 5.24.3+mc1.21.1: 78 options available, 3 override(s) found
[07Sep2025 02:46:51.537] [main/WARN] [ModernFix/]: Option 'mixin.bugfix.paper_chunk_patches' overriden (by mods [c2me]) to 'false'
[07Sep2025 02:46:51.537] [main/WARN] [ModernFix/]: Option 'mixin.perf.cache_strongholds' overriden (by mods [c2me]) to 'false'
[07Sep2025 02:46:51.537] [main/WARN] [ModernFix/]: Option 'mixin.bugfix.chunk_deadlock' overriden (by mods [c2me]) to 'false'
[07Sep2025 02:46:51.538] [main/INFO] [ModernFix/]: Applying Nashorn fix
[07Sep2025 02:46:51.542] [main/WARN] [mixin/]: Reference map 'yungsapi.refmap.json' for yungsapi.mixins.json could not be read. If this is a development environment you can ignore this message
[07Sep2025 02:46:51.543] [main/WARN] [mixin/]: Reference map 'bagus_lib.refmap.json' for bagus_lib.mixins.json could not be read. If this is a development environment you can ignore this message
[07Sep2025 02:46:51.544] [main/WARN] [mixin/]: Reference map 'mixins.medievalend.refmap.json' for mixins.medievalend.json could not be read. If this is a development environment you can ignore this message
[07Sep2025 02:46:51.545] [main/WARN] [mixin/]: Reference map 'balm.refmap.json' for balm.mixins.json could not be read. If this is a development environment you can ignore this message
[07Sep2025 02:46:51.546] [main/WARN] [mixin/]: Reference map 'prickle.refmap.json' for prickle.mixins.json could not be read. If this is a development environment you can ignore this message
[07Sep2025 02:46:51.547] [main/INFO] [C2ME Modules Manager/]: Initializing com.ishland.c2me.base.mixin
[07Sep2025 02:46:51.617] [main/INFO] [C2ME Config System/]: Global Executor Parallelism: 3 configured, 3 evaluated, 3 default evaluated
[07Sep2025 02:46:51.622] [main/WARN] [mixin/]: Reference map 'betterfortresses.refmap.json' for betterfortresses.mixins.json could not be read. If this is a development environment you can ignore this message
[07Sep2025 02:46:51.628] [main/WARN] [mixin/]: Reference map 'explorations.refmap.json' for explorations.mixins.json could not be read. If this is a development environment you can ignore this message
[07Sep2025 02:46:51.633] [main/WARN] [mixin/]: Reference map 'supermartijn642corelib.mixins.refmap.json' for supermartijn642corelib.mixins.json could not be read. If this is a development environment you can ignore this message
[07Sep2025 02:46:51.635] [main/INFO] [C2ME Modules Manager/]: Initializing com.ishland.c2me.opts.dfc.mixin
[07Sep2025 02:46:51.636] [main/INFO] [C2ME Modules Manager/]: Disabling com.ishland.c2me.opts.dfc.mixin
[07Sep2025 02:46:51.639] [main/WARN] [mixin/]: Reference map 'curios.refmap.json' for curios.neoforge.mixins.json could not be read. If this is a development environment you can ignore this message
[07Sep2025 02:46:51.640] [main/WARN] [mixin/]: Reference map 'curios.refmap.json' for curios.mixins.json could not be read. If this is a development environment you can ignore this message
[07Sep2025 02:46:51.647] [main/WARN] [mixin/]: Reference map '' for accessories-common.mixins.json could not be read. If this is a development environment you can ignore this message
[07Sep2025 02:46:51.655] [main/WARN] [mixin/]: Reference map '' for accessories-forge.mixins.json could not be read. If this is a development environment you can ignore this message
[07Sep2025 02:46:51.659] [main/WARN] [mixin/]: Reference map 'bettermineshafts.refmap.json' for bettermineshafts.mixins.json could not be read. If this is a development environment you can ignore this message
[07Sep2025 02:46:51.660] [main/WARN] [mixin/]: Reference map 'betterjungletemples.refmap.json' for betterjungletemples.mixins.json could not be read. If this is a development environment you can ignore this message
[07Sep2025 02:46:51.661] [main/WARN] [mixin/]: Reference map 'mowziesmobs.refmap.json' for mowziesmobs.mixins.json could not be read. If this is a development environment you can ignore this message
[07Sep2025 02:46:51.661] [main/INFO] [C2ME Modules Manager/]: Initializing com.ishland.c2me.threading.lighting.mixin
[07Sep2025 02:46:51.666] [main/WARN] [mixin/]: Reference map 'lithostitched.refmap.json' for lithostitched.mixins.json could not be read. If this is a development environment you can ignore this message
[07Sep2025 02:46:51.717] [main/INFO] [LithiumConfig/]: Option 'mixin.experimental.entity.block_caching.suffocation' requires 'mixin.util.block_tracking=true' but found 'false'. Setting 'mixin.experimental.entity.block_caching.suffocation=false'.
[07Sep2025 02:46:51.719] [main/INFO] [LithiumConfig/]: Option 'mixin.experimental.entity.block_caching.block_support' requires 'mixin.util.block_tracking=true' but found 'false'. Setting 'mixin.experimental.entity.block_caching.block_support=false'.
[07Sep2025 02:46:51.719] [main/INFO] [LithiumConfig/]: Option 'mixin.experimental.entity.block_caching.block_touching' requires 'mixin.util.block_tracking=true' but found 'false'. Setting 'mixin.experimental.entity.block_caching.block_touching=false'.
[07Sep2025 02:46:51.719] [main/INFO] [LithiumConfig/]: Option 'mixin.experimental.entity.block_caching' requires 'mixin.util.block_tracking=true' but found 'false'. Setting 'mixin.experimental.entity.block_caching=false'.
[07Sep2025 02:46:51.720] [main/INFO] [Lithium/]: Loaded configuration file for Lithium: 146 options available, 0 override(s) found
[07Sep2025 02:46:51.727] [main/WARN] [mixin/]: Reference map 'attributefix.refmap.json' for attributefix.mixins.json could not be read. If this is a development environment you can ignore this message
[07Sep2025 02:46:51.729] [main/WARN] [mixin/]: Reference map 'creaturecorner.refmap.json' for creaturecorner.mixins.json could not be read. If this is a development environment you can ignore this message
[07Sep2025 02:46:51.733] [main/WARN] [mixin/]: Reference map 'fastasyncworldsave.refmap.json' for fastasyncworldsave.mixins.json could not be read. If this is a development environment you can ignore this message
[07Sep2025 02:46:51.734] [main/WARN] [mixin/]: Reference map 'travelersbackpack.mixins.refmap.json' for META-INF/travelersbackpack.mixins.json could not be read. If this is a development environment you can ignore this message
[07Sep2025 02:46:51.735] [main/WARN] [mixin/]: Reference map 'glitchcore.refmap.json' for glitchcore.mixins.json could not be read. If this is a development environment you can ignore this message
[07Sep2025 02:46:51.736] [main/WARN] [mixin/]: Reference map 'glitchcore.refmap.json' for glitchcore.neoforge.mixins.json could not be read. If this is a development environment you can ignore this message
[07Sep2025 02:46:51.737] [main/INFO] [C2ME Modules Manager/]: Initializing com.ishland.c2me.rewrites.chunksystem.mixin
[07Sep2025 02:46:51.746] [main/WARN] [mixin/]: Reference map 'adventuredungeons.refmap.json' for adventuredungeons.mixins.json could not be read. If this is a development environment you can ignore this message
[07Sep2025 02:46:51.748] [main/INFO] [C2ME Modules Manager/]: Initializing com.ishland.c2me.opts.worldgen.vanilla.mixin
[07Sep2025 02:46:51.751] [main/INFO] [C2ME Modules Manager/]: Initializing com.ishland.c2me.opts.scheduling.mixin
[07Sep2025 02:46:51.756] [main/WARN] [mixin/]: Reference map 'smoothchunk.refmap.json' for smoothchunk.mixins.json could not be read. If this is a development environment you can ignore this message
[07Sep2025 02:46:51.757] [main/WARN] [mixin/]: Reference map 'terrablender.refmap.json' for terrablender.mixins.json could not be read. If this is a development environment you can ignore this message
[07Sep2025 02:46:51.757] [main/WARN] [mixin/]: Reference map 'terrablender.refmap.json' for terrablender_neoforge.mixins.json could not be read. If this is a development environment you can ignore this message
[07Sep2025 02:46:51.758] [main/WARN] [mixin/]: Reference map 'biomesoplenty.refmap.json' for biomesoplenty.mixins.json could not be read. If this is a development environment you can ignore this message
[07Sep2025 02:46:51.759] [main/WARN] [mixin/]: Reference map 'biomesoplenty.refmap.json' for biomesoplenty.neoforge.mixins.json could not be read. If this is a development environment you can ignore this message
[07Sep2025 02:46:51.759] [main/WARN] [mixin/]: Reference map 'livingthings.refmap.json' for livingthings.mixins.json could not be read. If this is a development environment you can ignore this message
[07Sep2025 02:46:51.765] [main/WARN] [mixin/]: Reference map 'polymorph.refmap.json' for polymorph.mixins.json could not be read. If this is a development environment you can ignore this message
[07Sep2025 02:46:51.767] [main/WARN] [mixin/]: Reference map 'polymorph.refmap.json' for polymorph-compatibility.mixins.json could not be read. If this is a development environment you can ignore this message
[07Sep2025 02:46:51.767] [main/INFO] [C2ME Modules Manager/]: Initializing com.ishland.c2me.notickvd.mixin
[07Sep2025 02:46:51.788] [main/WARN] [mixin/]: Reference map 'earthmobsmod.refmap.json' for earthmobsmod.mixins.json could not be read. If this is a development environment you can ignore this message
[07Sep2025 02:46:51.789] [main/WARN] [mixin/]: Reference map 'hardcorerevival.refmap.json' for hardcorerevival.mixins.json could not be read. If this is a development environment you can ignore this message
[07Sep2025 02:46:51.791] [main/WARN] [mixin/]: Reference map 'hardcorerevival.refmap.json' for hardcorerevival.neoforge.mixins.json could not be read. If this is a development environment you can ignore this message
[07Sep2025 02:46:51.799] [main/WARN] [mixin/]: Reference map 'immersive_melodies.refmap.json' for immersive_melodies.mixins.json could not be read. If this is a development environment you can ignore this message
[07Sep2025 02:46:51.801] [main/WARN] [mixin/]: Reference map 'chunksending.refmap.json' for chunksending.mixins.json could not be read. If this is a development environment you can ignore this message
[07Sep2025 02:46:51.803] [main/WARN] [mixin/]: Reference map 'mixins.medieval_nether.refmap.json' for mixins.medieval_nether.json could not be read. If this is a development environment you can ignore this message
[07Sep2025 02:46:51.804] [main/WARN] [mixin/]: Reference map 'kuma_api.refmap.json' for kuma_api.mixins.json could not be read. If this is a development environment you can ignore this message
[07Sep2025 02:46:51.807] [main/WARN] [mixin/]: Reference map 'betterwitchhuts.refmap.json' for betterwitchhuts.mixins.json could not be read. If this is a development environment you can ignore this message
[07Sep2025 02:46:51.808] [main/WARN] [mixin/]: Reference map 'geckolib.refmap.json' for geckolib.mixins.json could not be read. If this is a development environment you can ignore this message
[07Sep2025 02:46:51.810] [main/WARN] [mixin/]: Reference map 'crittersandcompanions.refmap.json' for crittersandcompanions.mixins.json could not be read. If this is a development environment you can ignore this message
[07Sep2025 02:46:51.813] [main/WARN] [mixin/]: Reference map 'betteroceanmonuments.refmap.json' for betteroceanmonuments.mixins.json could not be read. If this is a development environment you can ignore this message
[07Sep2025 02:46:51.814] [main/INFO] [C2ME Modules Manager/]: Initializing com.ishland.c2me.opts.natives_math.mixin
[07Sep2025 02:46:51.818] [main/WARN] [C2ME Modules Manager/]: Disabling com.ishland.c2me.opts.natives_math.mixin due to incompatible Java version, see debug logs for details
[07Sep2025 02:46:51.818] [main/INFO] [C2ME Modules Manager/]: Disabling com.ishland.c2me.opts.natives_math.mixin
[07Sep2025 02:46:51.822] [main/WARN] [mixin/]: Reference map 'structureessentials.refmap.json' for structureessentials.mixins.json could not be read. If this is a development environment you can ignore this message
[07Sep2025 02:46:51.824] [main/WARN] [mixin/]: Reference map 'lootintegrations.refmap.json' for lootintegrations.mixins.json could not be read. If this is a development environment you can ignore this message
[07Sep2025 02:46:51.830] [main/WARN] [mixin/]: Reference map 'bookshelf.refmap.json' for bookshelf.mixins.json could not be read. If this is a development environment you can ignore this message
[07Sep2025 02:46:51.833] [main/INFO] [C2ME Modules Manager/]: Initializing com.ishland.c2me.opts.math.mixin
[07Sep2025 02:46:51.837] [main/WARN] [mixin/]: Reference map 'relics.refmap.json' for relics.mixins.json could not be read. If this is a development environment you can ignore this message
[07Sep2025 02:46:51.839] [main/WARN] [mixin/]: Reference map 'takesapillage.refmap.json' for takesapillage-neoforge.mixins.json could not be read. If this is a development environment you can ignore this message
[07Sep2025 02:46:51.847] [main/WARN] [mixin/]: Reference map 'takesapillage.refmap.json' for takesapillage-common.mixins.json could not be read. If this is a development environment you can ignore this message
[07Sep2025 02:46:51.850] [main/WARN] [mixin/]: Reference map 'carryon.refmap.json' for carryon.mixins.json could not be read. If this is a development environment you can ignore this message
[07Sep2025 02:46:51.852] [main/INFO] [C2ME Modules Manager/]: Initializing com.ishland.c2me.fixes.worldgen.vanilla_bugs.mixin
[07Sep2025 02:46:51.861] [main/WARN] [mixin/]: Reference map 'treasures_of_the_dead.refmap.json' for treasures_of_the_dead.mixins.json could not be read. If this is a development environment you can ignore this message
[07Sep2025 02:46:51.862] [main/INFO] [C2ME Modules Manager/]: Initializing com.ishland.c2me.fixes.chunkio.threading_issues.mixin
[07Sep2025 02:46:51.866] [main/WARN] [mixin/]: Reference map 'projectvibrantjourneys.refmap.json' for projectvibrantjourneys.mixins.json could not be read. If this is a development environment you can ignore this message
[07Sep2025 02:46:51.867] [main/WARN] [mixin/]: Reference map 'valhelsia_structures.refmap.json' for valhelsia_structures.mixins.json could not be read. If this is a development environment you can ignore this message
[07Sep2025 02:46:51.867] [main/INFO] [C2ME Modules Manager/]: Initializing com.ishland.c2me.client.uncapvd.mixin
[07Sep2025 02:46:51.888] [main/WARN] [mixin/]: Reference map 'cupboard.refmap.json' for cupboard.mixins.json could not be read. If this is a development environment you can ignore this message
[07Sep2025 02:46:51.890] [main/INFO] [C2ME Modules Manager/]: Initializing com.ishland.c2me.rewrites.chunkio.mixin
[07Sep2025 02:46:51.893] [main/INFO] [C2ME Modules Manager/]: Initializing com.ishland.c2me.opts.allocs.mixin
[07Sep2025 02:46:51.898] [main/WARN] [mixin/]: Reference map 'trashslot.refmap.json' for trashslot.mixins.json could not be read. If this is a development environment you can ignore this message
[07Sep2025 02:46:51.909] [main/WARN] [mixin/]: Reference map 'waystones.refmap.json' for waystones.mixins.json could not be read. If this is a development environment you can ignore this message
[07Sep2025 02:46:51.910] [main/WARN] [mixin/]: Reference map 'clumps.refmap.json' for clumps.mixins.json could not be read. If this is a development environment you can ignore this message
[07Sep2025 02:46:51.916] [main/WARN] [mixin/]: Reference map 'betterdeserttemples.refmap.json' for betterdeserttemples.mixins.json could not be read. If this is a development environment you can ignore this message
[07Sep2025 02:46:51.923] [main/WARN] [mixin/]: Reference map 'friendsandfoes.refmap.json' for friendsandfoes-neoforge.mixins.json could not be read. If this is a development environment you can ignore this message
[07Sep2025 02:46:51.932] [main/WARN] [mixin/]: Reference map 'friendsandfoes.refmap.json' for friendsandfoes-common.mixins.json could not be read. If this is a development environment you can ignore this message
[07Sep2025 02:46:51.933] [main/WARN] [mixin/]: Reference map 'nyfsspiders.refmap.json' for nyfsspiders.mixins.json could not be read. If this is a development environment you can ignore this message
[07Sep2025 02:46:51.946] [main/WARN] [mixin/]: Reference map 'regions_unexplored.refmap.json' for regions_unexplored.mixins.json could not be read. If this is a development environment you can ignore this message
[07Sep2025 02:46:51.946] [main/WARN] [mixin/]: Reference map 'regions_unexplored.refmap.json' for regions_unexplored.neoforge.mixins.json could not be read. If this is a development environment you can ignore this message
[07Sep2025 02:46:51.948] [main/INFO] [C2ME Modules Manager/]: Initializing com.ishland.c2me.server.utils.mixin
[07Sep2025 02:46:51.952] [main/WARN] [mixin/]: Reference map 'ribbits.refmap.json' for ribbits.mixins.json could not be read. If this is a development environment you can ignore this message
[07Sep2025 02:46:51.954] [main/WARN] [mixin/]: Reference map 'ribbits.refmap.json' for ribbits_neoforge.mixins.json could not be read. If this is a development environment you can ignore this message
[07Sep2025 02:46:51.955] [main/WARN] [mixin/]: Reference map 'brutalbosses.refmap.json' for brutalbosses.mixins.json could not be read. If this is a development environment you can ignore this message
[07Sep2025 02:46:51.959] [main/WARN] [mixin/]: Reference map 'irons_spellbooks.refmap.json' for irons_spellbooks.mixins.json could not be read. If this is a development environment you can ignore this message
[07Sep2025 02:46:51.960] [main/WARN] [mixin/]: Reference map 'alshanex_familiars.refmap.json' for alshanex_familiars.mixins.json could not be read. If this is a development environment you can ignore this message
[07Sep2025 02:46:51.961] [main/WARN] [mixin/]: Reference map 'immersive_paintings.refmap.json' for immersive_paintings.mixins.json could not be read. If this is a development environment you can ignore this message
[07Sep2025 02:46:51.962] [main/WARN] [mixin/]: Reference map 'armoroftheages.refmap.json' for armoroftheages.mixins.json could not be read. If this is a development environment you can ignore this message
[07Sep2025 02:46:51.963] [main/WARN] [mixin/]: Reference map 'armoroftheages.refmap.json' for armoroftheages.neoforge.mixins.json could not be read. If this is a development environment you can ignore this message
[07Sep2025 02:46:51.964] [main/INFO] [C2ME Modules Manager/]: Initializing com.ishland.c2me.opts.worldgen.general.mixin
[07Sep2025 02:46:51.970] [main/INFO] [C2ME Modules Manager/]: Initializing com.ishland.c2me.opts.chunkio.mixin
[07Sep2025 02:46:51.974] [main/WARN] [mixin/]: Reference map 'watut.refmap.json' for watut.mixins.json could not be read. If this is a development environment you can ignore this message
[07Sep2025 02:46:51.993] [main/WARN] [mixin/]: Reference map '${refmap_target}refmap.json' for ferritecore.predicates.mixin.json could not be read. If this is a development environment you can ignore this message
[07Sep2025 02:46:51.994] [main/WARN] [mixin/]: Reference map '${refmap_target}refmap.json' for ferritecore.fastmap.mixin.json could not be read. If this is a development environment you can ignore this message
[07Sep2025 02:46:51.994] [main/WARN] [mixin/]: Reference map '${refmap_target}refmap.json' for ferritecore.mrl.mixin.json could not be read. If this is a development environment you can ignore this message
[07Sep2025 02:46:51.996] [main/WARN] [mixin/]: Reference map '${refmap_target}refmap.json' for ferritecore.dedupmultipart.mixin.json could not be read. If this is a development environment you can ignore this message
[07Sep2025 02:46:51.997] [main/WARN] [mixin/]: Reference map '${refmap_target}refmap.json' for ferritecore.blockstatecache.mixin.json could not be read. If this is a development environment you can ignore this message
[07Sep2025 02:46:51.998] [main/WARN] [mixin/]: Reference map '${refmap_target}refmap.json' for ferritecore.dedupbakedquad.mixin.json could not be read. If this is a development environment you can ignore this message
[07Sep2025 02:46:52.002] [main/WARN] [mixin/]: Reference map '${refmap_target}refmap.json' for ferritecore.threaddetec.mixin.json could not be read. If this is a development environment you can ignore this message
[07Sep2025 02:46:52.004] [main/WARN] [mixin/]: Reference map '${refmap_target}refmap.json' for ferritecore.modelsides.mixin.json could not be read. If this is a development environment you can ignore this message
[07Sep2025 02:46:52.004] [main/WARN] [mixin/]: Reference map '${refmap_target}refmap.json' for ferritecore.accessors.mixin.json could not be read. If this is a development environment you can ignore this message
[07Sep2025 02:46:52.005] [main/WARN] [mixin/]: Reference map 'yet_another_config_lib_v3.refmap.json' for yacl.mixins.json could not be read. If this is a development environment you can ignore this message
[07Sep2025 02:46:52.026] [main/INFO] [dev.tonimatas.packetfixer.mixins.v1_20_5_neoforge.MixinPlugin/]: Packet Fixer neoforge 1.20.5-1.21.X has been applied successfully.
[07Sep2025 02:46:52.029] [main/WARN] [mixin/]: Reference map 'bearminimum.refmap.json' for bearminimum.mixins.json could not be read. If this is a development environment you can ignore this message
[07Sep2025 02:46:52.034] [main/WARN] [mixin/]: Reference map 'responsiveshields.refmap.json' for responsiveshields.mixins.json could not be read. If this is a development environment you can ignore this message
[07Sep2025 02:46:52.832] [main/WARN] [mixin/]: Error loading class: com/simibubi/create/content/fluids/spout/FillingBySpout (java.lang.ClassNotFoundException: com.simibubi.create.content.fluids.spout.FillingBySpout)
[07Sep2025 02:46:52.832] [main/WARN] [mixin/]: @Mixin target com.simibubi.create.content.fluids.spout.FillingBySpout was not found exposure-neoforge.mixins.json:create.FillingBySpoutMixin from mod exposure
[07Sep2025 02:46:53.078] [main/ERROR] [net.neoforged.fml.common.asm.RuntimeDistCleaner/DISTXFORM]: Attempted to load class net/minecraft/client/Minecraft for invalid dist DEDICATED_SERVER
[07Sep2025 02:46:53.079] [main/WARN] [mixin/]: Error loading class: net/minecraft/client/Minecraft (java.lang.RuntimeException: Attempted to load class net/minecraft/client/Minecraft for invalid dist DEDICATED_SERVER)
[07Sep2025 02:46:53.079] [main/WARN] [mixin/]: @Mixin target net.minecraft.client.Minecraft was not found omega-config.mixins.json:ClientMixin from mod omegaconfig
[07Sep2025 02:46:53.412] [main/WARN] [mixin/]: Error loading class: net/minecraft/client/model/PlayerModel (java.lang.ClassNotFoundException: net.minecraft.client.model.PlayerModel)
[07Sep2025 02:46:53.413] [main/WARN] [mixin/]: @Mixin target net.minecraft.client.model.PlayerModel was not found mixins.block_factorys_bosses.json:PlayerRollMixin from mod block_factorys_bosses
[07Sep2025 02:46:53.604] [main/INFO] [com.cupboard.Cupboard/]: Loaded config for: structureessentials.json
[07Sep2025 02:46:53.768] [main/ERROR] [net.neoforged.fml.common.asm.RuntimeDistCleaner/DISTXFORM]: Attempted to load class net/minecraft/client/gui/screens/Screen for invalid dist DEDICATED_SERVER
[07Sep2025 02:46:53.769] [main/WARN] [mixin/]: Error loading class: net/minecraft/client/gui/screens/Screen (java.lang.RuntimeException: Attempted to load class net/minecraft/client/gui/screens/Screen for invalid dist DEDICATED_SERVER)
[07Sep2025 02:46:53.769] [main/WARN] [mixin/]: @Mixin target net.minecraft.client.gui.screens.Screen was not found relics.mixins.json:ScreenMixin from mod relics
[07Sep2025 02:46:53.771] [main/WARN] [mixin/]: Error loading class: net/p3pp3rf1y/sophisticatedcore/upgrades/feeding/FeedingUpgradeWrapper (java.lang.ClassNotFoundException: net.p3pp3rf1y.sophisticatedcore.upgrades.feeding.FeedingUpgradeWrapper)
[07Sep2025 02:46:53.771] [main/WARN] [mixin/]: @Mixin target net.p3pp3rf1y.sophisticatedcore.upgrades.feeding.FeedingUpgradeWrapper was not found relics.mixins.json:compat.sophisticatedbackpacks.FeedingUpgradeWrapperMixin from mod relics
[07Sep2025 02:46:53.773] [main/WARN] [mixin/]: Error loading class: net/p3pp3rf1y/sophisticatedcore/upgrades/UpgradeWrapperBase (java.lang.ClassNotFoundException: net.p3pp3rf1y.sophisticatedcore.upgrades.UpgradeWrapperBase)
[07Sep2025 02:46:53.773] [main/WARN] [mixin/]: @Mixin target net.p3pp3rf1y.sophisticatedcore.upgrades.UpgradeWrapperBase was not found relics.mixins.json:compat.sophisticatedbackpacks.UpgradeWrapperBaseAccessor from mod relics
[07Sep2025 02:46:53.856] [main/WARN] [mixin/]: Error loading class: net/minecraft/client/OptionInstance (java.lang.ClassNotFoundException: net.minecraft.client.OptionInstance)
[07Sep2025 02:46:53.856] [main/WARN] [mixin/]: @Mixin target net.minecraft.client.OptionInstance was not found c2me-client-uncapvd.mixins.json:ISimpleOption from mod c2me_client_uncapvd
[07Sep2025 02:46:53.860] [main/ERROR] [net.neoforged.fml.common.asm.RuntimeDistCleaner/DISTXFORM]: Attempted to load class net/minecraft/client/Options for invalid dist DEDICATED_SERVER
[07Sep2025 02:46:53.861] [main/WARN] [mixin/]: Error loading class: net/minecraft/client/Options (java.lang.RuntimeException: Attempted to load class net/minecraft/client/Options for invalid dist DEDICATED_SERVER)
[07Sep2025 02:46:53.861] [main/WARN] [mixin/]: @Mixin target net.minecraft.client.Options was not found c2me-client-uncapvd.mixins.json:MixinGameOptions from mod c2me_client_uncapvd
[07Sep2025 02:46:53.862] [main/WARN] [mixin/]: Error loading class: me/jellysquid/mods/sodium/client/gui/SodiumGameOptionPages (java.lang.ClassNotFoundException: me.jellysquid.mods.sodium.client.gui.SodiumGameOptionPages)
[07Sep2025 02:46:53.864] [main/WARN] [mixin/]: Error loading class: net/caffeinemc/sodium/config/user/UserConfigCategories (java.lang.ClassNotFoundException: net.caffeinemc.sodium.config.user.UserConfigCategories)
[07Sep2025 02:46:53.865] [main/WARN] [mixin/]: Error loading class: net/caffeinemc/mods/sodium/client/gui/SodiumGameOptionPages (java.lang.ClassNotFoundException: net.caffeinemc.mods.sodium.client.gui.SodiumGameOptionPages)
[07Sep2025 02:46:53.866] [main/WARN] [mixin/]: Error loading class: net/vulkanmod/config/option/Options (java.lang.ClassNotFoundException: net.vulkanmod.config.option.Options)
[07Sep2025 02:46:54.542] [main/WARN] [mixin/]: Error loading class: com/mojang/blaze3d/platform/InputConstants$Key (java.lang.ClassNotFoundException: com.mojang.blaze3d.platform.InputConstants$Key)
[07Sep2025 02:46:54.746] [main/INFO] [MixinExtras|Service/]: Initializing MixinExtras via com.llamalad7.mixinextras.service.MixinExtrasServiceImpl(version=0.5.0).
[07Sep2025 02:46:55.484] [main/INFO] [net.minecraft.server.Bootstrap/]: ModernFix reached bootstrap stage (14.89 s after launch)
[07Sep2025 02:46:56.109] [main/INFO] [ModernFix/]: Injecting BlockStateBase cache population hook into getOpacityIfCached from ca.spottedleaf.starlight.mixin.common.blockstate.BlockStateBaseMixin
[07Sep2025 02:46:56.109] [main/INFO] [ModernFix/]: Injecting BlockStateBase cache population hook into isConditionallyFullOpaque from ca.spottedleaf.starlight.mixin.common.blockstate.BlockStateBaseMixin
[07Sep2025 02:46:56.109] [main/INFO] [ModernFix/]: Injecting BlockStateBase cache population hook into scalablelux$actuallyDynamicLightEmission from ca.spottedleaf.starlight.mixin.common.blockstate.BlockStateBaseMixin
[07Sep2025 02:46:56.827] [main/WARN] [mixin/]: @Inject(@At("INVOKE")) Shift.BY=1 on crittersandcompanions.mixins.json:LivingEntityMixin from mod crittersandcompanions::handler$cbo000$crittersandcompanions$onDie exceeds the maximum allowed value: 0. Increase the value of maxShiftBy to suppress this warning.
[07Sep2025 02:46:57.607] [main/WARN] [mixin/]: @Redirect conflict. Skipping mixins.redirected_neoforge_1.21.1.json:net.minecraft.world.level.block.RedStoneWireBlockMixin from mod redirected->@Redirect::redirectDirections()[Lnet/minecraft/core/Direction; with priority 10, already redirected by lithium.mixins.json:alloc.enum_values.redstone_wire.RedStoneWireBlockMixin from mod lithium->@Redirect::removeAllocation1()[Lnet/minecraft/core/Direction; with priority 1000
[07Sep2025 02:46:57.607] [main/WARN] [mixin/]: @Redirect conflict. Skipping mixins.redirected_neoforge_1.21.1.json:net.minecraft.world.level.block.RedStoneWireBlockMixin from mod redirected->@Redirect::redirectDirections()[Lnet/minecraft/core/Direction; with priority 10, already redirected by lithium.mixins.json:alloc.enum_values.redstone_wire.RedStoneWireBlockMixin from mod lithium->@Redirect::removeAllocation2()[Lnet/minecraft/core/Direction; with priority 1000
[07Sep2025 02:46:57.998] [main/WARN] [mixin/]: @Redirect conflict. Skipping mixins.redirected_neoforge_1.21.1.json:net.minecraft.world.level.block.piston.PistonBaseBlockMixin from mod redirected->@Redirect::redirectDirections()[Lnet/minecraft/core/Direction; with priority 10, already redirected by lithium.mixins.json:alloc.enum_values.piston_block.PistonBaseBlockMixin from mod lithium->@Redirect::removeAllocation()[Lnet/minecraft/core/Direction; with priority 1000
[07Sep2025 02:46:57.998] [main/WARN] [mixin/]: @Redirect conflict. Skipping mixins.redirected_neoforge_1.21.1.json:net.minecraft.world.level.block.piston.PistonBaseBlockMixin from mod redirected->@Redirect::redirectDirections()[Lnet/minecraft/core/Direction; with priority 10, already redirected by lithium.mixins.json:alloc.enum_values.piston_block.PistonBaseBlockMixin from mod lithium->@Redirect::removeAllocation()[Lnet/minecraft/core/Direction; with priority 1000
[07Sep2025 02:46:58.699] [main/WARN] [mixin/]: Static binding violation: PRIVATE @Overwrite method getTemperature in modernfix-common.mixins.json:perf.remove_biome_temperature_cache.BiomeMixin from mod modernfix cannot reduce visibiliy of PUBLIC target method, visibility will be upgraded.
[07Sep2025 02:46:58.701] [main/WARN] [mixin/]: Method overwrite conflict for getTemperature in modernfix-common.mixins.json:perf.remove_biome_temperature_cache.BiomeMixin from mod modernfix, previously written by com.aziz.saturn.mixin.leaks.biome_temperature_cache.BiomeMixin. Skipping method.
[07Sep2025 02:46:58.702] [main/WARN] [mixin/]: Method overwrite conflict for getTemperature in lithium.mixins.json:world.temperature_cache.BiomeMixin from mod lithium, previously written by com.aziz.saturn.mixin.leaks.biome_temperature_cache.BiomeMixin. Skipping method.
[07Sep2025 02:46:59.060] [main/WARN] [mixin/]: Method overwrite conflict for setChanged in irons_spellbooks.mixins.json:LecternBlockEntityMixin from mod irons_spellbooks, previously written by net.mehvahdjukaar.amendments.mixins.LecternBlockEntityMixin. Skipping method.
[07Sep2025 02:46:59.060] [main/WARN] [mixin/]: Method overwrite conflict for getUpdatePacket in irons_spellbooks.mixins.json:LecternBlockEntityMixin from mod irons_spellbooks, previously written by net.mehvahdjukaar.amendments.mixins.LecternBlockEntityUpdateMixin. Skipping method.
[07Sep2025 02:46:59.060] [main/WARN] [mixin/]: Method overwrite conflict for getUpdateTag in irons_spellbooks.mixins.json:LecternBlockEntityMixin from mod irons_spellbooks, previously written by net.mehvahdjukaar.amendments.mixins.LecternBlockEntityUpdateMixin. Skipping method.
[07Sep2025 02:46:59.098] [main/WARN] [mixin/]: Method overwrite conflict for getSlotsForFace in lithium.mixins.json:alloc.composter.ComposterMixin$ComposterBlockComposterInventoryMixin from mod lithium, previously written by com.aziz.saturn.mixin.allocations.composter.ComposterBlockMixin$InputContainerMixin. Skipping method.
[07Sep2025 02:46:59.100] [main/WARN] [mixin/]: Method overwrite conflict for getSlotsForFace in lithium.mixins.json:alloc.composter.ComposterMixin$ComposterBlockDummyInventoryMixin from mod lithium, previously written by com.aziz.saturn.mixin.allocations.composter.ComposterBlockMixin$EmptyContainerMixin. Skipping method.
[07Sep2025 02:46:59.596] [main/WARN] [mixin/]: Method overwrite conflict for scheduleRandomTick in corgilib-common.mixins.json:chunk.MixinChunkAccess from mod corgilib, previously written by dev.corgitaco.ohthetreesyoullgrow.mixin.chunk.MixinChunkAccess. Skipping method.
[07Sep2025 02:46:59.596] [main/WARN] [mixin/]: Method overwrite conflict for getScheduledRandomTicks in corgilib-common.mixins.json:chunk.MixinChunkAccess from mod corgilib, previously written by dev.corgitaco.ohthetreesyoullgrow.mixin.chunk.MixinChunkAccess. Skipping method.
[07Sep2025 02:47:02.546] [main/INFO] [net.minecraft.server.Bootstrap/]: Vanilla bootstrap took 7060 milliseconds
[07Sep2025 02:47:02.808] [modloading-worker-0/INFO] [STDOUT/]: [net.valhelsia.valhelsia_core.api.common.item.tab.neoforge.CreativeTabFactoryImpl:create:15]: TEST
[07Sep2025 02:47:02.809] [modloading-worker-0/INFO] [STDOUT/]: [net.valhelsia.valhelsia_core.api.common.item.tab.neoforge.CreativeTabFactoryImpl:create:21]: TEST2
[07Sep2025 02:47:02.811] [modloading-worker-0/INFO] [Puzzles Lib/]: Constructing common components for easyanvils:main
[07Sep2025 02:47:02.823] [modloading-worker-0/INFO] [Puzzles Lib/]: Constructing common components for enderzoology:main
[07Sep2025 02:47:02.875] [modloading-worker-0/INFO] [net.neoforged.neoforge.common.NeoForgeMod/NEOFORGE-MOD]: NeoForge mod loading, version 21.1.203, for MC 1.21.1
[07Sep2025 02:47:03.216] [modloading-worker-0/INFO] [Puzzles Lib/]: Constructing common components for leavesbegone:main
[07Sep2025 02:47:03.258] [modloading-worker-0/INFO] [Puzzles Lib/]: Constructing common components for tinyskeletons:main
[07Sep2025 02:47:03.288] [modloading-worker-0/INFO] [naturally_trimmed/]: Loading Naturally Trimmed config from config file
[07Sep2025 02:47:03.484] [modloading-worker-0/INFO] [noisium/]: Loading Noisium.
[07Sep2025 02:47:03.524] [modloading-worker-0/INFO] [me.steinborn.krypton.mod.shared.KryptonSharedInitializer/]: Compression will use libdeflate (Linux x86_64), encryption will use OpenSSL 3.x.x (Linux x86_64)
[07Sep2025 02:47:03.528] [modloading-worker-0/INFO] [me.steinborn.krypton.mod.server.KryptonServerInitializer/]: Krypton is now accelerating your Minecraft server's networking stack 🚀
[07Sep2025 02:47:03.591] [modloading-worker-0/INFO] [Puzzles Lib/]: Constructing common components for mutantmonsters:main
[07Sep2025 02:47:04.014] [modloading-worker-0/INFO] [Puzzles Lib/]: Constructing common components for visualworkbench:main
[07Sep2025 02:47:04.087] [modloading-worker-0/INFO] [com.jtorleonstudios.libraryferret.LibraryFerret/]: Initialize mod Library Ferret
[07Sep2025 02:47:04.090] [modloading-worker-0/INFO] [com.jtorleonstudios.libraryferret.LibraryFerret/]: Initialized mod Library Ferret
[07Sep2025 02:47:04.313] [modloading-worker-0/INFO] [moremobs/]: [More Mobs] Registering server started event...
[07Sep2025 02:47:04.314] [modloading-worker-0/INFO] [moremobs/]: [More Mobs] Loaded More Mobs by Tschipcraft successfully!
[07Sep2025 02:47:04.316] [modloading-worker-0/INFO] [AdventureDungeons/]: Hello NeoForge world!
[07Sep2025 02:47:04.319] [modloading-worker-0/INFO] [AdventureDungeons/]: Hello from Common init on NeoForge! we are currently in a production environment!
[07Sep2025 02:47:04.320] [modloading-worker-0/INFO] [AdventureDungeons/]: The ID for diamonds is minecraft:diamond
[07Sep2025 02:47:04.320] [modloading-worker-0/INFO] [AdventureDungeons/]: Hello to adventuredungeons
[07Sep2025 02:47:04.399] [modloading-worker-0/INFO] [Living Things/]: Loaded NeoForgeRegistrationFactory for service Factory
[07Sep2025 02:47:04.547] [modloading-worker-0/INFO] [net.potionstudios.biomeswevegone.BiomesWeveGone/]: Registering Oh The Biomes We've Gone data components
[07Sep2025 02:47:04.589] [modloading-worker-0/INFO] [net.potionstudios.biomeswevegone.BiomesWeveGone/]: Registering Oh The Biomes We've Gone items
[07Sep2025 02:47:04.695] [modloading-worker-0/INFO] [net.potionstudios.biomeswevegone.BiomesWeveGone/]: Registering Oh The Biomes We've Gone Blocks
[07Sep2025 02:47:04.728] [modloading-worker-0/INFO] [Puzzles Lib/]: Constructing common components for puzzleslib:main
[07Sep2025 02:47:04.733] [modloading-worker-0/INFO] [net.potionstudios.biomeswevegone.BiomesWeveGone/]: Registering Oh The Biomes We've Gone Wood
[07Sep2025 02:47:04.735] [modloading-worker-0/INFO] [net.potionstudios.biomeswevegone.BiomesWeveGone/]: Registering Oh The Biomes We've Gone Block Entities
[07Sep2025 02:47:04.735] [modloading-worker-0/INFO] [net.potionstudios.biomeswevegone.BiomesWeveGone/]: Registering Oh The Biomes We've Gone Entities
[07Sep2025 02:47:04.737] [modloading-worker-0/INFO] [net.potionstudios.biomeswevegone.BiomesWeveGone/]: Registering Oh The Biomes We've Gone Creative Tabs
[07Sep2025 02:47:04.741] [modloading-worker-0/INFO] [net.potionstudios.biomeswevegone.BiomesWeveGone/]: Registering Oh The Biomes We've Gone Sounds
[07Sep2025 02:47:04.746] [modloading-worker-0/INFO] [net.potionstudios.biomeswevegone.BiomesWeveGone/]: Registering Oh The Biomes We've Gone Block Predicate
[07Sep2025 02:47:04.756] [modloading-worker-0/INFO] [net.potionstudios.biomeswevegone.BiomesWeveGone/]: Registering Oh The Biomes We've Gone State Providers
[07Sep2025 02:47:04.758] [modloading-worker-0/INFO] [net.potionstudios.biomeswevegone.BiomesWeveGone/]: Registering Oh The Biomes We've Gone Tree Decorators
[07Sep2025 02:47:04.767] [modloading-worker-0/INFO] [net.potionstudios.biomeswevegone.BiomesWeveGone/]: Registering Oh The Biomes We've Gone Custom Features
[07Sep2025 02:47:04.771] [modloading-worker-0/INFO] [net.potionstudios.biomeswevegone.BiomesWeveGone/]: Registering Oh The Biomes We've Gone Structure Pieces
[07Sep2025 02:47:04.772] [modloading-worker-0/INFO] [net.potionstudios.biomeswevegone.BiomesWeveGone/]: Registering Oh The Biomes We've Gone Custom Structure Types
[07Sep2025 02:47:04.774] [modloading-worker-0/INFO] [net.potionstudios.biomeswevegone.BiomesWeveGone/]: Registering Oh The Biomes We've Gone Configured Features
[07Sep2025 02:47:04.792] [modloading-worker-0/INFO] [net.potionstudios.biomeswevegone.BiomesWeveGone/]: Creating and Registering Overworld Vegetation Configured Features
[07Sep2025 02:47:04.906] [modloading-worker-0/INFO] [thedarkcolour.kotlinforforge.neoforge.test.KotlinForForge/]: Kotlin For Forge Enabled!
[07Sep2025 02:47:04.910] [modloading-worker-0/INFO] [net.potionstudios.biomeswevegone.BiomesWeveGone/]: Registering Oh The Biomes We've Gone Tree Configured Features
[07Sep2025 02:47:04.911] [modloading-worker-0/INFO] [net.potionstudios.biomeswevegone.BiomesWeveGone/]: Creating and Registering Vanilla Configured Features
[07Sep2025 02:47:04.915] [modloading-worker-0/INFO] [net.potionstudios.biomeswevegone.BiomesWeveGone/]: Registering Oh The Biomes You'll Go Overworld Configured Features
[07Sep2025 02:47:04.924] [modloading-worker-0/INFO] [net.potionstudios.biomeswevegone.BiomesWeveGone/]: Registering Oh The Biomes We've Gone Placed Features
[07Sep2025 02:47:04.924] [modloading-worker-0/INFO] [Puzzles Lib/]: Constructing common components for illagerinvasion:main
[07Sep2025 02:47:04.941] [modloading-worker-0/INFO] [net.potionstudios.biomeswevegone.BiomesWeveGone/]: Creating and Registering Overworld Tree Placed Features
[07Sep2025 02:47:04.955] [modloading-worker-0/INFO] [net.potionstudios.biomeswevegone.BiomesWeveGone/]: Creating and Registering Overworld Vegetation Placed Features
[07Sep2025 02:47:04.956] [modloading-worker-0/INFO] [net.potionstudios.biomeswevegone.BiomesWeveGone/]: Creating and Registering Vanilla Placed Features
[07Sep2025 02:47:04.957] [modloading-worker-0/INFO] [net.potionstudios.biomeswevegone.BiomesWeveGone/]: Registering Oh The Biomes We've Gone Custom Surface Rules
[07Sep2025 02:47:04.972] [modloading-worker-0/INFO] [net.potionstudios.biomeswevegone.BiomesWeveGone/]: Registering Oh The Biomes We've Gone Template Pools
[07Sep2025 02:47:04.990] [modloading-worker-0/INFO] [net.potionstudios.biomeswevegone.BiomesWeveGone/]: Registering Oh The Biome's We've Gone Village Template Pools
[07Sep2025 02:47:04.993] [modloading-worker-0/INFO] [net.potionstudios.biomeswevegone.BiomesWeveGone/]: Registering Oh The Biomes We've Gone Poi Types
[07Sep2025 02:47:04.995] [modloading-worker-0/INFO] [net.potionstudios.biomeswevegone.BiomesWeveGone/]: Registering Oh The Biomes We've Gone Villager Professions
[07Sep2025 02:47:04.999] [modloading-worker-0/INFO] [net.potionstudios.biomeswevegone.BiomesWeveGone/]: Registering Oh The Biomes We've Gone Custom Structure Processors
[07Sep2025 02:47:05.001] [modloading-worker-0/INFO] [net.potionstudios.biomeswevegone.BiomesWeveGone/]: Registering Oh The Biomes We've Gone villager types
[07Sep2025 02:47:05.002] [modloading-worker-0/INFO] [net.potionstudios.biomeswevegone.BiomesWeveGone/]: Registering Oh The Biomes We've Gone Schedules
[07Sep2025 02:47:05.005] [modloading-worker-0/INFO] [net.potionstudios.biomeswevegone.BiomesWeveGone/]: Registering Oh The Biomes We've Gone Memory Module Types
[07Sep2025 02:47:05.006] [modloading-worker-0/INFO] [net.potionstudios.biomeswevegone.BiomesWeveGone/]: Registering Oh The Biomes We've Gone Sensor Types
[07Sep2025 02:47:05.010] [modloading-worker-0/INFO] [net.potionstudios.biomeswevegone.BiomesWeveGone/]: Registering Oh The Biomes We've Gone Map Decoration Types
[07Sep2025 02:47:05.015] [modloading-worker-0/INFO] [net.potionstudios.biomeswevegone.BiomesWeveGone/]: Registering Oh The Biomes We've Gone Entity SubPredicates
[07Sep2025 02:47:05.101] [modloading-worker-0/INFO] [YetAnotherConfigLib/]: Deserializing ItTakesPillageConfig from 'config/takesapillage.json'
[07Sep2025 02:47:05.171] [modloading-worker-0/INFO] [Puzzles Lib/]: Constructing common components for diagonalblocks:main
[07Sep2025 02:47:05.286] [modloading-worker-0/INFO] [STDOUT/]: [net.valhelsia.valhelsia_core.api.common.item.tab.neoforge.CreativeTabFactoryImpl:create:15]: TEST
[07Sep2025 02:47:05.287] [modloading-worker-0/INFO] [STDOUT/]: [net.valhelsia.valhelsia_core.api.common.item.tab.neoforge.CreativeTabFactoryImpl:create:21]: TEST2
[07Sep2025 02:47:05.320] [modloading-worker-0/INFO] [Puzzles Lib/]: Constructing common components for diagonalwindows:main
[07Sep2025 02:47:05.327] [modloading-worker-0/INFO] [Puzzles Lib/]: Constructing common components for hangglider:main
[07Sep2025 02:47:05.495] [modloading-worker-0/INFO] [com.cupboard.Cupboard/]: Loaded config for: cupboard.json
[07Sep2025 02:47:05.503] [modloading-worker-0/INFO] [Towns and Towers/]: Loading T&T
[07Sep2025 02:47:05.508] [modloading-worker-0/INFO] [SimpleHats/]: Loaded 293 hat entries from simplehats.json
[07Sep2025 02:47:05.525] [modloading-worker-0/INFO] [owo/]: forge?
[07Sep2025 02:47:05.576] [modloading-worker-0/INFO] [Puzzles Lib/]: Constructing common components for easymagic:main
[07Sep2025 02:47:05.779] [modloading-worker-0/INFO] [Dungeon Crawl/]: Here we go! Launching Dungeon Crawl 2.3.15...
[07Sep2025 02:47:05.909] [modloading-worker-0/INFO] [azurelib/FileWatching]: Registered azurelib config for auto-sync function
[07Sep2025 02:47:05.952] [modloading-worker-0/INFO] [YetAnotherConfigLib/]: Deserializing FriendsAndFoesConfig from 'config/friendsandfoes.json'
[07Sep2025 02:47:06.145] [modloading-worker-0/INFO] [Regions Unexplored/]: Initializing Regions Unexplored from Forge Mod Initializer entrypoint.
[07Sep2025 02:47:06.227] [modloading-worker-0/INFO] [fzzy_config/]: Loaded config adorablehamsterpets:main in 653ms
[07Sep2025 02:47:06.265] [modloading-worker-0/INFO] [adorablehamsterpets/]: Registering Data Component Types for adorablehamsterpets
[07Sep2025 02:47:06.313] [modloading-worker-0/INFO] [adorablehamsterpets/]: Registering Mod Criteria for adorablehamsterpets
[07Sep2025 02:47:06.455] [modloading-worker-0/INFO] [azurelib/FileWatching]: Registered mobs_of_mythology config for auto-sync function
[07Sep2025 02:47:06.513] [modloading-worker-0/INFO] [com.bigenergy.achiopt.Achiopt/]: Enabling Achievement Optimizer
[07Sep2025 02:47:06.715] [modloading-worker-0/INFO] [Puzzles Lib/]: Constructing common components for diagonalfences:main
[07Sep2025 02:47:06.736] [modloading-worker-0/INFO] [YetAnotherConfigLib/]: Deserializing AOTAConfig from '/workspaces/Neoforge/servidor_minecraft/config/armoroftheages.json'
[07Sep2025 02:47:06.743] [modloading-worker-0/INFO] [coroutil/]: neo forge loader environment detected
[07Sep2025 02:47:06.801] [modloading-worker-0/INFO] [YetAnotherConfigLib/]: Deserializing YACLConfig from '/workspaces/Neoforge/servidor_minecraft/config/yacl.json5'
[07Sep2025 02:47:06.825] [modloading-worker-0/INFO] [Bear Minimum/]: Hello to bearminimum
[07Sep2025 02:47:06.830] [modloading-worker-0/INFO] [be.florens.expandability.ExpandAbility/]: ExpandAbility here, who dis?
[07Sep2025 02:47:06.987] [modloading-worker-0/INFO] [fzzy_config/]: Loaded config simplyswords:general in 22ms
[07Sep2025 02:47:07.700] [modloading-worker-0/INFO] [fzzy_config/]: Loaded config simplyswords:gem_powers in 583ms
[07Sep2025 02:47:07.710] [modloading-worker-0/INFO] [fzzy_config/]: Loaded config simplyswords:status_effects in 9ms
[07Sep2025 02:47:07.860] [modloading-worker-0/INFO] [fzzy_config/]: Loaded config simplyswords:weapon_attributes in 130ms
[07Sep2025 02:47:08.433] [modloading-worker-0/INFO] [fzzy_config/]: Loaded config simplyswords:unique_effects in 378ms
[07Sep2025 02:47:08.502] [modloading-worker-0/INFO] [STDOUT/]: [net.sweenus.simplyswords.SimplySwords:init:98]: /workspaces/Neoforge/servidor_minecraft/config
[07Sep2025 02:47:09.183] [modloading-worker-0/INFO] [yuushya/]: Yuushya has been loaded successfully!
[07Sep2025 02:47:09.588] [modloading-sync-worker/INFO] [Diagonal Blocks/]: Constructing shapes for DiagonalFenceBlock[NodeWidth=2.0,ExtensionWidth=2.0,NodeTop=24.0,ExtensionBottom=0.0,ExtensionTop=24.0] took 26ms
[07Sep2025 02:47:09.614] [modloading-sync-worker/INFO] [Diagonal Blocks/]: Constructing shapes for DiagonalFenceBlock[NodeWidth=2.0,ExtensionWidth=2.0,NodeTop=16.0,ExtensionBottom=0.0,ExtensionTop=16.0] took 23ms
[07Sep2025 02:47:09.729] [modloading-sync-worker/INFO] [Diagonal Blocks/]: Constructing shapes for DiagonalFenceBlock[NodeWidth=2.0,ExtensionWidth=1.0,NodeTop=16.0,ExtensionBottom=6.0,ExtensionTop=15.0] took 110ms
[07Sep2025 02:47:10.075] [modloading-sync-worker/INFO] [TerraBlenderFix/]: Changed SurfaceRuleManager map type
[07Sep2025 02:47:10.184] [modloading-sync-worker/INFO] [Diagonal Blocks/]: Constructing shapes for DiagonalGlassPaneBlock[NodeWidth=1.0,ExtensionWidth=1.0,NodeTop=16.0,ExtensionBottom=0.0,ExtensionTop=16.0] took 15ms
[07Sep2025 02:47:11.708] [modloading-sync-worker/INFO] [Living Things/]: Loaded NeoForgePlatformHelper for service IPlatformHelper
[07Sep2025 02:47:11.787] [modloading-sync-worker/INFO] [SimpleHats/]: Generated 293 hat items from hat entries.
[07Sep2025 02:47:11.950] [modloading-sync-worker/WARN] [supermartijn642corelib/]: Could not find value 'formations:template_editor' in registry 'minecraft:item' for @RegistryEntryAcceptor!
[07Sep2025 02:47:11.964] [modloading-sync-worker/WARN] [Moonlight/]: Failed to find child for WoodType: luminous_nether:mushroom - stick. Ignored! ERROR: No value present
[07Sep2025 02:47:12.011] [modloading-sync-worker/INFO] [Moonlight/]: Initialized block sets in 60ms
[07Sep2025 02:47:12.772] [modloading-sync-worker/INFO] [Living Things/]: Config 'livingthings.json' was successfully loaded.
[07Sep2025 02:47:12.774] [modloading-sync-worker/INFO] [Living Things/]: Config 'penguin.json' was successfully loaded.
[07Sep2025 02:47:12.775] [modloading-sync-worker/INFO] [Living Things/]: Config 'elephant.json' was successfully loaded.
[07Sep2025 02:47:12.776] [modloading-sync-worker/INFO] [Living Things/]: Config 'giraffe.json' was successfully loaded.
[07Sep2025 02:47:12.776] [modloading-sync-worker/INFO] [Living Things/]: Config 'lion.json' was successfully loaded.
[07Sep2025 02:47:12.777] [modloading-sync-worker/INFO] [Living Things/]: Config 'shark.json' was successfully loaded.
[07Sep2025 02:47:12.778] [modloading-sync-worker/INFO] [Living Things/]: Config 'ostrich.json' was successfully loaded.
[07Sep2025 02:47:12.778] [modloading-sync-worker/INFO] [Living Things/]: Config 'flamingo.json' was successfully loaded.
[07Sep2025 02:47:12.779] [modloading-sync-worker/INFO] [Living Things/]: Config 'crab.json' was successfully loaded.
[07Sep2025 02:47:12.780] [modloading-sync-worker/INFO] [Living Things/]: Config 'mantaray.json' was successfully loaded.
[07Sep2025 02:47:12.781] [modloading-sync-worker/INFO] [Living Things/]: Config 'raccoon.json' was successfully loaded.
[07Sep2025 02:47:12.781] [modloading-sync-worker/INFO] [Living Things/]: Config 'owl.json' was successfully loaded.
[07Sep2025 02:47:12.782] [modloading-sync-worker/INFO] [Living Things/]: Config 'ancient_blaze.json' was successfully loaded.
[07Sep2025 02:47:12.783] [modloading-sync-worker/INFO] [Living Things/]: Config 'koala.json' was successfully loaded.
[07Sep2025 02:47:12.783] [modloading-sync-worker/INFO] [Living Things/]: Config 'snail.json' was successfully loaded.
[07Sep2025 02:47:12.784] [modloading-sync-worker/INFO] [Living Things/]: Config 'monkey.json' was successfully loaded.
[07Sep2025 02:47:12.785] [modloading-sync-worker/INFO] [Living Things/]: Config 'nether_knight.json' was successfully loaded.
[07Sep2025 02:47:12.785] [modloading-sync-worker/INFO] [Living Things/]: Config 'shroomie.json' was successfully loaded.
[07Sep2025 02:47:12.786] [modloading-sync-worker/INFO] [Living Things/]: Config 'seahorse.json' was successfully loaded.
[07Sep2025 02:47:12.787] [modloading-sync-worker/INFO] [Living Things/]: Config 'baby_ender_dragon.json' was successfully loaded.
[07Sep2025 02:47:12.787] [modloading-sync-worker/INFO] [Living Things/]: Config 'peacock.json' was successfully loaded.
[07Sep2025 02:47:12.788] [modloading-sync-worker/INFO] [Living Things/]: Registering MobAttributes
[07Sep2025 02:47:12.910] [modloading-sync-worker/INFO] [Living Things/]: Registering SpawnPlacements
[07Sep2025 02:47:13.103] [modloading-sync-worker/ERROR] [net.minecraft.Util/]: Entity golemoverhaul:candle_flame has no attributes
[07Sep2025 02:47:13.137] [modloading-sync-worker/INFO] [Puzzles Lib/]: Dispatching loading event for config easyanvils-common.toml
[07Sep2025 02:47:13.139] [modloading-sync-worker/INFO] [Puzzles Lib/]: Dispatching loading event for config enderzoology-common.toml
[07Sep2025 02:47:13.146] [modloading-sync-worker/WARN] [net.neoforged.fml.config.ConfigTracker/]: Opening a config that was already loaded with value LoadedConfig[config=SynchronizedConfig{DataHolder:{redstone=SynchronizedConfig{DataHolder:{wind_vane=true, clock_block=true, redstone_illuminator=true, crank=true, cog_block=true, gold_door=true, gold_trapdoor=true, lock_block=true, relayer=true, speaker_block=SynchronizedConfig{DataHolder:{enabled=true, narrator_enabled=true, max_text=32, range=64}}, bellows=SynchronizedConfig{DataHolder:{enabled=true, base_period=78, power_scaling=2.0, base_velocity_scaling=5.0, range=5}}, spring_launcher=SynchronizedConfig{DataHolder:{enabled=true, velocity=1.5, fall_height_required=5}}, enderman_head=SynchronizedConfig{DataHolder:{enabled=true, drop_head=true, ticks_to_increase_power=15, work_from_any_side=false}}, turn_table=SynchronizedConfig{DataHolder:{enabled=true, rotate_entities=true, shuffle_containers=true}}, pulley_block=SynchronizedConfig{DataHolder:{enabled=true, mineshaft_elevator=0.035}}, dispenser_minecart=SynchronizedConfig{DataHolder:{enabled=true, adjust_projectile_angle=true}}, faucet=SynchronizedConfig{DataHolder:{enabled=true, spill_items=true, fill_entities_below=false}}, crystal_display=SynchronizedConfig{DataHolder:{enabled=true, chaining=true}}}}, functional=SynchronizedConfig{DataHolder:{fodder=true, hourglass=true, rope=SynchronizedConfig{DataHolder:{block_side_attachment=true, slide_on_fall=true, rope_override=supplementaries:rope, horizontal_ropes=true, replace_in_loot_tables=NONE}}, jar=SynchronizedConfig{DataHolder:{enabled=true, capacity=12, drink_from_jar=false, drink_from_jar_item=false, jar_auto_detect=false, jar_capture=true, jar_cookies=true, jar_liquids=true}}, cage=SynchronizedConfig{DataHolder:{enabled=true, allow_all_mobs=false, cage_allow_all_babies=false, cage_auto_detect=false, persistent_mobs=false, health_threshold=100, require_taming=true}}, safe=SynchronizedConfig{DataHolder:{enabled=true, prevent_breaking=false, simple_safes=false}}, sack=SynchronizedConfig{DataHolder:{enabled=true, sack_penalty=true, sack_increment=2, slots=9}}, bamboo_spikes=SynchronizedConfig{DataHolder:{enabled=true, tipped_spikes=true, player_loot=false, only_allow_harmful_effects=true, populate_creative_tab=true}}, urn=SynchronizedConfig{DataHolder:{enabled=true, critter_spawn_chance=0.01, cave_urns=true}}, soap=SynchronizedConfig{DataHolder:{enabled=true, clean_blacklist=[minecraft:glazed_terracotta, botania:mystical_flower, mna:chimerite_crystal, botania:floating_flower, ,minecraft:mushroom, botania:mushroom, botania:tall_mystical_flower, botania:petal_block, morered:network_cable, xycraft_world:glowing_shiny_aurey_block, xycraft_world:shiny_aurey_block, xycraft_world:rgb_lamp, xycraft_world:glowing_rgb_viewer, xycraft_world:glowing_matte_rgb_block, xycraft_world:rgb_lamp_pole], special_blocks=SynchronizedConfig{DataHolder:{quark:dirty_glass=minecraft:glass, quark:dirty_glass_pane=minecraft:glass_pane, #alexscaves:cave_paintings=alexscaves:smooth_limestone, minecraft:wither_rose=minecraft:poppy}}}}, cannon=SynchronizedConfig{DataHolder:{enabled=true, explode_tnt=IGNITE, fire_power=0.6, fuse_time=40, cooldown=60, music_disc_heave_ho=true, cannon_boat=SynchronizedConfig{DataHolder:{enabled=true, recoil_multiplier=0.5}}, cannonball=SynchronizedConfig{DataHolder:{enabled=true, power_scaling=3.5, break_radius=1.1}}}}, present=SynchronizedConfig{DataHolder:{enabled=true, trapped_present=true}}, flax=SynchronizedConfig{DataHolder:{enabled=true, wild_flax=true}}, lumisene=SynchronizedConfig{DataHolder:{enabled=true, flammable_from_lumisene_block_duration=50, lumisene_bottle=SynchronizedConfig{DataHolder:{enabled=true, flammable_duration=300, glowing_duration=200}}}}}}, building=SynchronizedConfig{DataHolder:{lapis_bricks=true, deepslate_lamp=true, end_stone_lamp=true, blackstone_lamp=true, stone_lamp=true, stone_tile=true, blackstone_tile=true, bunting=true, sconce=true, sconce_lever=true, pancake=true, checker_block=true, raked_gravel=true, feather_block=true, statue=true, doormat=true, flint_block=true, fine_wood=true, candle_holder=true, fire_pit=true, wicker_fence=true, blackboard=SynchronizedConfig{DataHolder:{enabled=true, colored_blackboard=false, interaction_mode=BOTH}}, gravel_bricks=SynchronizedConfig{DataHolder:{enabled=true}}, slidy_block=SynchronizedConfig{DataHolder:{enabled=true, speed=0.125}}, timber_frame=SynchronizedConfig{DataHolder:{enabled=true, swap_on_shift=false, axes_strip=true, replace_daub=true}}, iron_gate=SynchronizedConfig{DataHolder:{enabled=true, double_opening=true, door-like_gates=false}}, item_shelf=SynchronizedConfig{DataHolder:{enabled=true, climbable_shelves=false}}, sugar_cube=SynchronizedConfig{DataHolder:{enabled=true, horse_speed_duration=10}}, planter=SynchronizedConfig{DataHolder:{enabled=true, broken_by_sapling=false, rich_soil_planter=true}}, notice_board=SynchronizedConfig{DataHolder:{enabled=true, allow_any_item=false, gui=true}}, pedestal=SynchronizedConfig{DataHolder:{enabled=true, crystal_enchanting=3.0}}, ash=SynchronizedConfig{DataHolder:{enabled=true, ash_from_fire_chance=1.0, ash_from_burning_mobs=true, rain_wash_ash=true, basalt_ash=true}}, flag=SynchronizedConfig{DataHolder:{enabled=true, stick_pole=true, pole_length=16}}, goblet=SynchronizedConfig{DataHolder:{enabled=true, allow_drinking=true}}, globe=SynchronizedConfig{DataHolder:{enabled=true, show_coordinates=true, sepia_globe=true}}, way_sign=SynchronizedConfig{DataHolder:{enabled=true, road_signs=SynchronizedConfig{DataHolder:{enabled=true, show_distance_text=true}}}}, daub=SynchronizedConfig{DataHolder:{enabled=true, wattle_and_daub=true}}, ash_bricks=SynchronizedConfig{DataHolder:{enabled=true}}, hat_stand=SynchronizedConfig{DataHolder:{enabled=true, unrestricted=false}}, awning=SynchronizedConfig{DataHolder:{enabled=true, slant=true, shift_through=true, angle=69.44395478041653}}, flower_box=SynchronizedConfig{DataHolder:{enabled=true, simple_mode=true}}, netherite_doors=SynchronizedConfig{DataHolder:{door=true, trapdoor=true, unbreakable=false}}}}, tools=SynchronizedConfig{DataHolder:{candy=true, stasis=true, altimeter=true, confetti_popper=true, quiver=SynchronizedConfig{DataHolder:{enabled=true, use_without_slow=true, slots=6, quiver_skeleton_spawn_chance=0.03, quiver_skeleton_spawn_depend_on_global_difficulty=true, only_works_in_curio=false, quiver_pickup=true}}, lunch_basket=SynchronizedConfig{DataHolder:{enabled=true, placeable=true, slots=6}}, slice_map=SynchronizedConfig{DataHolder:{enabled=true, range_multiplier=0.25}}, bubble_blower=SynchronizedConfig{DataHolder:{enabled=true, stasis_cost=5, bubble_block=SynchronizedConfig{DataHolder:{lifetime=1200, break_when_touched=true, max_charges=200}}}}, wrench=SynchronizedConfig{DataHolder:{enabled=true, bypass_when_on=MAIN_HAND}}, rope_arrow=SynchronizedConfig{DataHolder:{enabled=true, capacity=32, exclusive_to_crossbows=false}}, flute=SynchronizedConfig{DataHolder:{enabled=true, unbound=false, unbound_radius=64, bound_distance=64}}, bomb=SynchronizedConfig{DataHolder:{enabled=true, explosion_radius=2.0, break_blocks=WEAK, bomb_fuse=0, cooldown=true, blue_bomb=SynchronizedConfig{DataHolder:{explosion_radius=5.15, break_blocks=WEAK}}}}, slingshot=SynchronizedConfig{DataHolder:{enabled=true, range_multiplier=1.0, charge_time=20, stasis_deceleration=0.9625, unrestricted_enderman_intercept=true, allow_buckets=true, damageable_damage=0.5, allow_splash_potions=false, allow_bombs=false, allow_fire_charges=false, allow_snowballs=false, allow_enderpearls=false}}, antique_ink=SynchronizedConfig{DataHolder:{enabled=true}}}}, general=SynchronizedConfig{DataHolder:{creative_tab=false, dispensers=true, jar_tab=false, debug_save_dynamic_pack=false, sanity_checks_messages=true, red_merchant_spawn_multiplier=1.0}}, tweaks=SynchronizedConfig{DataHolder:{dragon_banner_pattern=SynchronizedConfig{DataHolder:{enabled=true}}, shulker_helmet=SynchronizedConfig{DataHolder:{enabled=true}}, golden_apple_disenchant=SynchronizedConfig{DataHolder:{enabled=true}}, traders_open_doors=SynchronizedConfig{DataHolder:{enabled=true}}, dispenser_tweaks=SynchronizedConfig{DataHolder:{axe_strip=true, shoot_ender_pearls=true, extract_from_bundles=true}}, throwable_bricks=SynchronizedConfig{DataHolder:{enabled=true}}, placeable_sticks=SynchronizedConfig{DataHolder:{sticks=true, blaze_rods=true}}, placeable_gunpowder=SynchronizedConfig{DataHolder:{enabled=true, speed=2, spread_age=2}}, raked_gravel=SynchronizedConfig{DataHolder:{enabled=true}}, bottle_xp=SynchronizedConfig{DataHolder:{enabled=false, cost=2, target_block=}}, map_tweaks=SynchronizedConfig{DataHolder:{random_adventurer_maps=true, random_adventurer_maps_select_random_structure=true, block_map_markers=true, death_marker=WITH_COMPASS, quill_adventurer_maps=true, quill_vanilla_maps=true, min_search_radius=75, tinted_blocks_on_maps=true}}, placeable_books=SynchronizedConfig{DataHolder:{enabled=true, mixed_books=false}}, zombie_horse=SynchronizedConfig{DataHolder:{zombie_horse_conversion=true, rotten_flesh=64, rideable_underwater=true, zombie_horse_inverse_conversion=true}}, noteblocks_scare=SynchronizedConfig{DataHolder:{enabled=true}}, bad_luck_tweaks=SynchronizedConfig{DataHolder:{cat_unluck=true, lightning_unluck=true}}, item_lore=SynchronizedConfig{DataHolder:{enabled=true}}, sus_recipes=SynchronizedConfig{DataHolder:{enabled=true}}, slimed_effect=SynchronizedConfig{DataHolder:{enabled=true, throwable_slimeballs=true, hinders_jump=NORMAL_DIFFICULTY, duration=300, chance_per_slime_size=0.15}}, clock_and_compass=SynchronizedConfig{DataHolder:{clock_right_click=true, compass_right_click=false}}}}}}, path=/workspaces/Neoforge/servidor_minecraft/config/supplementaries-common.toml, modConfig=net.neoforged.fml.config.ModConfig@2547e01a] at path supplementaries-common.toml
[07Sep2025 02:47:13.154] [modloading-sync-worker/INFO] [Puzzles Lib/]: Dispatching loading event for config mutantmonsters-common.toml
[07Sep2025 02:47:13.156] [modloading-sync-worker/INFO] [Puzzles Lib/]: Dispatching loading event for config visualworkbench-common.toml
[07Sep2025 02:47:13.171] [modloading-sync-worker/WARN] [net.neoforged.fml.config.ConfigTracker/]: Opening a config that was already loaded with value LoadedConfig[config=SynchronizedConfig{DataHolder:{lectern=SynchronizedConfig{DataHolder:{improved_screen=true}}, fireball=SynchronizedConfig{DataHolder:{thrown_cooldown=10, dragon_charge=true, gravity=true, deflectable=false, fire_charges_throwable=true, fire_charges_dispenser_behavior=true, improved_explosions=true}}, snowball=SynchronizedConfig{DataHolder:{freeze_ticks=35}}, hanging_signs=SynchronizedConfig{DataHolder:{items_on_signs=true}}, cauldron=SynchronizedConfig{DataHolder:{enhanced_cauldron=true, hand_crafting=true, in_world_crafting=true, dye_water=true, dye_recipes_per_layer=4, potion_recipes_per_layer=2, potions_mixing=ON, potion_mixing_limit=8, connect_to_fences=true, consistent_lava_layers=false, inverse_potions=SynchronizedConfig{DataHolder:{minecraft:mining_fatigue=minecraft:haste, minecraft:strength=minecraft:weakness, minecraft:weakness=minecraft:strength, minecraft:instant_damage=minecraft:instant_health, minecraft:instant_health=minecraft:instant_damage, minecraft:slowness=minecraft:speed, minecraft:speed=minecraft:slowness, minecraft:luck=minecraft:unluck, minecraft:haste=minecraft:mining_fatigue, minecraft:unluck=minecraft:luck}}}}, tripwire_hook=SynchronizedConfig{DataHolder:{tool_hook=true}}, carpets=SynchronizedConfig{DataHolder:{carpeted_stairs=true, carpeted_slabs=true}}, cake=SynchronizedConfig{DataHolder:{double_cake=true, directional_cake=true}}, mob_head=SynchronizedConfig{DataHolder:{skull_piles=true, skull_candles=true, multiple_candles=true}}, flower_pot=SynchronizedConfig{DataHolder:{hanging_pot=true}}, lantern=SynchronizedConfig{DataHolder:{wall_lanterns=true, high_priority=true, mod_blacklist=[bbb, extlights, betterendforge, spelunkery, galosphere, tconstruct, enigmaticlegacy, beautify], id_whitelist=[enlightened_end:xenon_lantern], falling_lanterns=ON}}, bell=SynchronizedConfig{DataHolder:{chain_ringing=true, chain_length=16}}, banners=SynchronizedConfig{DataHolder:{ceiling_banners=true}}, misc=SynchronizedConfig{DataHolder:{dye_blocks=false}}, torch=SynchronizedConfig{DataHolder:{torch_fire=true, torch_fire_offhand=false, torch_fire_duration=2}}, lily_pad=SynchronizedConfig{DataHolder:{better_lilypads=true}}}}, path=/workspaces/Neoforge/servidor_minecraft/config/amendments-common.toml, modConfig=net.neoforged.fml.config.ModConfig@597fe257] at path amendments-common.toml
[07Sep2025 02:47:13.172] [modloading-sync-worker/INFO] [Puzzles Lib/]: Dispatching loading event for config easymagic-common.toml
[07Sep2025 02:47:13.181] [modloading-sync-worker/WARN] [net.neoforged.fml.config.ConfigTracker/]: Opening a config that was already loaded with value LoadedConfig[config=SynchronizedConfig{DataHolder:{general=SynchronizedConfig{DataHolder:{clear_dynamic_resources=false, extra_debug=false}}}}, path=/workspaces/Neoforge/servidor_minecraft/config/moonlight-common.toml, modConfig=net.neoforged.fml.config.ModConfig@5ea60296] at path moonlight-common.toml
[07Sep2025 02:47:13.323] [modloading-worker-0/INFO] [terrablender/]: Registered region minecraft:overworld to index 0 for type OVERWORLD
[07Sep2025 02:47:13.323] [modloading-worker-0/INFO] [terrablender/]: Registered region minecraft:nether to index 0 for type NETHER
[07Sep2025 02:47:13.323] [modloading-worker-0/INFO] [terrablender/]: Registered region vanillabackport:overworld to index 1 for type OVERWORLD
[07Sep2025 02:47:13.326] [NeoForge Version Check/INFO] [net.neoforged.fml.VersionChecker/]: [enderzoology] Starting version check at https://raw.githubusercontent.com/Fuzss/modresources/main/update/enderzoology.json
[07Sep2025 02:47:13.343] [modloading-worker-0/INFO] [com.chunksending.ChunkSending/]: chunksending mod initialized
[07Sep2025 02:47:13.344] [modloading-worker-0/INFO] [com.structureessentials.StructureEssentials/]: structureessentials mod initialized
[07Sep2025 02:47:13.344] [modloading-worker-0/INFO] [com.lootintegrations.LootintegrationsMod/]: lootintegrations mod initialized
[07Sep2025 02:47:13.375] [NeoForge Version Check/INFO] [net.neoforged.fml.VersionChecker/]: [enderzoology] Found status: UP_TO_DATE Current: 21.1.3 Target: null
[07Sep2025 02:47:13.376] [NeoForge Version Check/INFO] [net.neoforged.fml.VersionChecker/]: [easyanvils] Starting version check at https://raw.githubusercontent.com/Fuzss/modresources/main/update/easyanvils.json
[07Sep2025 02:47:13.382] [modloading-worker-0/INFO] [fzzy_config/]: Loaded config immersive_paintings:common_config in 12ms
[07Sep2025 02:47:13.387] [NeoForge Version Check/INFO] [net.neoforged.fml.VersionChecker/]: [easyanvils] Found status: UP_TO_DATE Current: 21.1.0 Target: null
[07Sep2025 02:47:13.388] [NeoForge Version Check/INFO] [net.neoforged.fml.VersionChecker/]: [mr_horses_canfloat] Starting version check at https://api.modrinth.com/updates/MKFXH430/forge_updates.json?neoforge=only
[07Sep2025 02:47:13.395] [modloading-worker-0/INFO] [net.veroxuniverse.samurai_dynasty.SamuraiDynastyMod/]: HELLO FROM COMMON SETUP
[07Sep2025 02:47:13.399] [modloading-worker-0/INFO] [adorablehamsterpets/]: [BiomeConfig] Parsed 7 tags, 212 included biomes, and 1 excluded biomes.
[07Sep2025 02:47:13.401] [modloading-worker-0/INFO] [adorablehamsterpets/]: [FeatureConfig] Parsed feature generation settings from config.
[07Sep2025 02:47:13.420] [modloading-worker-0/INFO] [STDOUT/]: [toni.lib.TxniLib:onInitialize:75]: TxniLib onInitialize!
[07Sep2025 02:47:13.422] [modloading-worker-0/INFO] [fzzy_config/]: Loaded config immersive_paintings:client_config in 39ms
[07Sep2025 02:47:13.434] [modloading-worker-0/INFO] [com.brutalbosses.BrutalBosses/]: brutalbosses mod initialized
[07Sep2025 02:47:13.452] [modloading-worker-0/INFO] [CPM/]: Customizable Player Models Initialized
[07Sep2025 02:47:13.541] [modloading-sync-worker/INFO] [ribbits/]: Registering Ribbit umbrella types...
[07Sep2025 02:47:13.541] [modloading-sync-worker/INFO] [ribbits/]: Registering Ribbit professions...
[07Sep2025 02:47:13.541] [modloading-sync-worker/INFO] [ribbits/]: Registering Ribbit instruments...
[07Sep2025 02:47:13.548] [NeoForge Version Check/INFO] [net.neoforged.fml.VersionChecker/]: [mr_horses_canfloat] Found status: OUTDATED Current: 1.21 Target: 1.21-mod
[07Sep2025 02:47:13.549] [NeoForge Version Check/INFO] [net.neoforged.fml.VersionChecker/]: [prickle] Starting version check at https://updates.blamejared.com/get?n=prickle&gv=1.21.1&ml=neoforge
[07Sep2025 02:47:13.570] [modloading-sync-worker/INFO] [Supplementaries/]: Finished mod setup in: [0, 0, 4, 0, 0, 21, 0] ms
[07Sep2025 02:47:13.587] [modloading-sync-worker/INFO] [com.tiviacz.travelersbackpack.TravelersBackpack/]: Registered the FluidEffect with Unique ID of minecraft:water for Water (Fluid Amount Required: 1000) with the ID 0
[07Sep2025 02:47:13.588] [modloading-sync-worker/INFO] [com.tiviacz.travelersbackpack.TravelersBackpack/]: Registered the FluidEffect with Unique ID of minecraft:lava for Lava (Fluid Amount Required: 1000) with the ID 1
[07Sep2025 02:47:13.588] [modloading-sync-worker/INFO] [com.tiviacz.travelersbackpack.TravelersBackpack/]: Registered the FluidEffect with Unique ID of travelersbackpack:potion for item.minecraft.potion.effect.empty.effect.empty (Fluid Amount Required: 250) with the ID 2
[07Sep2025 02:47:13.588] [modloading-sync-worker/INFO] [com.tiviacz.travelersbackpack.TravelersBackpack/]: Registered the FluidEffect with Unique ID of minecraft:milk for Milk (Fluid Amount Required: 1000) with the ID 3
[07Sep2025 02:47:13.589] [modloading-sync-worker/INFO] [terrablender/]: Registered region biomesoplenty:overworld_primary to index 2 for type OVERWORLD
[07Sep2025 02:47:13.590] [modloading-sync-worker/INFO] [terrablender/]: Registered region biomesoplenty:overworld_secondary to index 3 for type OVERWORLD
[07Sep2025 02:47:13.590] [modloading-sync-worker/INFO] [terrablender/]: Registered region biomesoplenty:overworld_rare to index 4 for type OVERWORLD
[07Sep2025 02:47:13.590] [modloading-sync-worker/INFO] [terrablender/]: Registered region biomesoplenty:nether_common to index 1 for type NETHER
[07Sep2025 02:47:13.590] [modloading-sync-worker/INFO] [terrablender/]: Registered region biomesoplenty:nether_rare to index 2 for type NETHER
[07Sep2025 02:47:13.646] [modloading-sync-worker/INFO] [terrablender/]: Registered region biomeswevegone:region_0 to index 5 for type OVERWORLD
[07Sep2025 02:47:13.646] [modloading-sync-worker/INFO] [terrablender/]: Registered region biomeswevegone:region_1 to index 6 for type OVERWORLD
[07Sep2025 02:47:13.646] [modloading-sync-worker/INFO] [terrablender/]: Registered region biomeswevegone:region_2 to index 7 for type OVERWORLD
[07Sep2025 02:47:13.769] [modloading-sync-worker/INFO] [Moonlight/]: Initialized color sets in 71ms
[07Sep2025 02:47:13.770] [modloading-sync-worker/INFO] [terrablender/]: Registered region regions_unexplored:primary to index 8 for type OVERWORLD
[07Sep2025 02:47:13.770] [modloading-sync-worker/INFO] [terrablender/]: Registered region regions_unexplored:secondary to index 9 for type OVERWORLD
[07Sep2025 02:47:13.770] [modloading-sync-worker/INFO] [terrablender/]: Registered region regions_unexplored:nether to index 3 for type NETHER
[07Sep2025 02:47:13.838] [modloading-sync-worker/WARN] [mixin/]: @Redirect conflict. Skipping mixins.redirected_neoforge_1.21.1.json:net.minecraft.world.level.block.state.CacheMixin from mod redirected->@Redirect::redirectSupportTypes()[Lnet/minecraft/world/level/block/SupportType; with priority 10, already redirected by modernfix-common.mixins.json:perf.cache_blockstate_cache_arrays.AbstractBlockStateCacheMixin from mod modernfix->@Redirect::getVoxelShapeValues()[Lnet/minecraft/world/level/block/SupportType; with priority 1000
[07Sep2025 02:47:13.922] [modloading-worker-0/INFO] [io.redspace.ironsspellbooks.IronsSpellbooks/]: Got IMC []
[07Sep2025 02:47:13.923] [modloading-worker-0/INFO] [CPM/]: Customizable Player Models API initialized: Loaded plugins: (0)

[07Sep2025 02:47:13.935] [NeoForge Version Check/INFO] [net.neoforged.fml.VersionChecker/]: [prickle] Found status: BETA_OUTDATED Current: 21.1.10 Target: 21.1.11
[07Sep2025 02:47:13.935] [NeoForge Version Check/INFO] [net.neoforged.fml.VersionChecker/]: [ctov] Starting version check at https://api.modrinth.com/updates/fgmhI8kH/forge_updates.json
[07Sep2025 02:47:13.949] [modloading-worker-0/INFO] [AttributeFix/]: Changing maximum value for minecraft:generic.armor from 30.0 to 1000000.0.
[07Sep2025 02:47:13.951] [modloading-worker-0/INFO] [AttributeFix/]: Changing maximum value for minecraft:generic.armor_toughness from 20.0 to 1000000.0.
[07Sep2025 02:47:13.952] [modloading-worker-0/INFO] [AttributeFix/]: Changing maximum value for minecraft:generic.attack_damage from 2048.0 to 1000000.0.
[07Sep2025 02:47:13.954] [modloading-worker-0/INFO] [AttributeFix/]: Changing maximum value for minecraft:generic.attack_knockback from 5.0 to 1000000.0.
[07Sep2025 02:47:13.974] [modloading-worker-0/INFO] [AttributeFix/]: Changing maximum value for minecraft:generic.max_health from 1024.0 to 1000000.0.
[07Sep2025 02:47:14.086] [NeoForge Version Check/INFO] [net.neoforged.fml.VersionChecker/]: [ctov] Found status: BETA Current: 3.5.9a Target: null
[07Sep2025 02:47:14.086] [NeoForge Version Check/INFO] [net.neoforged.fml.VersionChecker/]: [leavesbegone] Starting version check at https://raw.githubusercontent.com/Fuzss/modresources/main/update/leavesbegone.json
[07Sep2025 02:47:14.100] [NeoForge Version Check/INFO] [net.neoforged.fml.VersionChecker/]: [leavesbegone] Found status: UP_TO_DATE Current: 21.1.0 Target: null
[07Sep2025 02:47:14.100] [NeoForge Version Check/INFO] [net.neoforged.fml.VersionChecker/]: [tinyskeletons] Starting version check at https://raw.githubusercontent.com/Fuzss/modresources/main/update/tinyskeletons.json
[07Sep2025 02:47:14.110] [NeoForge Version Check/INFO] [net.neoforged.fml.VersionChecker/]: [tinyskeletons] Found status: UP_TO_DATE Current: 21.1.0 Target: null
[07Sep2025 02:47:14.111] [NeoForge Version Check/INFO] [net.neoforged.fml.VersionChecker/]: [mr_lukis_crazychambers] Starting version check at https://api.modrinth.com/updates/JeZoobNU/forge_updates.json?neoforge=only
[07Sep2025 02:47:14.174] [NeoForge Version Check/INFO] [net.neoforged.fml.VersionChecker/]: [mr_lukis_crazychambers] Found status: OUTDATED Current: 1.0.2 Target: 1.0.2+mod
[07Sep2025 02:47:14.175] [NeoForge Version Check/INFO] [net.neoforged.fml.VersionChecker/]: [mr_tidal_towns] Starting version check at https://api.modrinth.com/updates/EEIwvQVo/forge_updates.json?neoforge=only
[07Sep2025 02:47:14.190] [modloading-sync-worker/INFO] [CorgiLib/]: Initializing network...
[07Sep2025 02:47:14.198] [modloading-sync-worker/INFO] [CorgiLib/]: Initialized network!
[07Sep2025 02:47:14.242] [NeoForge Version Check/INFO] [net.neoforged.fml.VersionChecker/]: [mr_tidal_towns] Found status: OUTDATED Current: 1.3.4 Target: 1.3.4+mod
[07Sep2025 02:47:14.243] [NeoForge Version Check/INFO] [net.neoforged.fml.VersionChecker/]: [unnamedanimalmod] Starting version check at https://raw.githubusercontent.com/ZestyBlaze/Capybara-UAM/refs/heads/1.21-nf/updates.json
[07Sep2025 02:47:14.258] [NeoForge Version Check/INFO] [net.neoforged.fml.VersionChecker/]: [unnamedanimalmod] Found status: UP_TO_DATE Current: 3.0.0 Target: null
[07Sep2025 02:47:14.259] [NeoForge Version Check/INFO] [net.neoforged.fml.VersionChecker/]: [mr_dungeons_andtaverns] Starting version check at https://api.modrinth.com/updates/tpehi7ww/forge_updates.json?neoforge=only
[07Sep2025 02:47:14.335] [NeoForge Version Check/INFO] [net.neoforged.fml.VersionChecker/]: [mr_dungeons_andtaverns] Found status: AHEAD Current: 1-v4.4.4 Target: null
[07Sep2025 02:47:14.336] [NeoForge Version Check/INFO] [net.neoforged.fml.VersionChecker/]: [mr_dungeons] Starting version check at https://api.modrinth.com/updates/nHORcEHd/forge_updates.json?neoforge=only
[07Sep2025 02:47:14.399] [main/INFO] [com.mojang.authlib.yggdrasil.YggdrasilAuthenticationService/]: Environment: Environment[sessionHost=https://sessionserver.mojang.com, servicesHost=https://api.minecraftservices.com, name=PROD]
[07Sep2025 02:47:14.404] [NeoForge Version Check/INFO] [net.neoforged.fml.VersionChecker/]: [mr_dungeons] Found status: OUTDATED Current: 1.10.1 Target: 1.10.1+mod
[07Sep2025 02:47:14.404] [NeoForge Version Check/INFO] [net.neoforged.fml.VersionChecker/]: [mr_qraftyfied] Starting version check at https://api.modrinth.com/updates/ibnDR6oc/forge_updates.json?neoforge=only
[07Sep2025 02:47:14.474] [NeoForge Version Check/INFO] [net.neoforged.fml.VersionChecker/]: [mr_qraftyfied] Found status: OUTDATED Current: 9.1.1 Target: 9.1.1+mod
[07Sep2025 02:47:14.474] [NeoForge Version Check/INFO] [net.neoforged.fml.VersionChecker/]: [mutantmonsters] Starting version check at https://raw.githubusercontent.com/Fuzss/modresources/main/update/mutantmonsters.json
[07Sep2025 02:47:14.485] [NeoForge Version Check/INFO] [net.neoforged.fml.VersionChecker/]: [mutantmonsters] Found status: UP_TO_DATE Current: 21.1.0 Target: null
[07Sep2025 02:47:14.485] [NeoForge Version Check/INFO] [net.neoforged.fml.VersionChecker/]: [visualworkbench] Starting version check at https://raw.githubusercontent.com/Fuzss/modresources/main/update/visualworkbench.json
[07Sep2025 02:47:14.495] [NeoForge Version Check/INFO] [net.neoforged.fml.VersionChecker/]: [visualworkbench] Found status: UP_TO_DATE Current: 21.1.1 Target: null
[07Sep2025 02:47:14.496] [NeoForge Version Check/INFO] [net.neoforged.fml.VersionChecker/]: [attributefix] Starting version check at https://updates.blamejared.com/get?n=attributefix&gv=1.21.1&ml=neoforge
[07Sep2025 02:47:14.592] [NeoForge Version Check/INFO] [net.neoforged.fml.VersionChecker/]: [attributefix] Found status: BETA Current: 21.1.2 Target: 21.1.2
[07Sep2025 02:47:14.592] [NeoForge Version Check/INFO] [net.neoforged.fml.VersionChecker/]: [travelersbackpack] Starting version check at https://gist.githubusercontent.com/Tiviacz1337/906937677aa472285dff9d6c2a189d5e/raw
[07Sep2025 02:47:14.627] [NeoForge Version Check/INFO] [net.neoforged.fml.VersionChecker/]: [travelersbackpack] Found status: BETA Current: 10.1.23 Target: null
[07Sep2025 02:47:14.627] [NeoForge Version Check/INFO] [net.neoforged.fml.VersionChecker/]: [moremobs] Starting version check at https://api.modrinth.com/updates/HJR6V0I2/forge_updates.json?neoforge=only
[07Sep2025 02:47:14.665] [main/WARN] [net.minecraft.server.packs.VanillaPackResourcesBuilder/]: Assets URL 'union:/workspaces/Neoforge/servidor_minecraft/libraries/net/minecraft/server/1.21.1-20240808.144430/server-1.21.1-20240808.144430-srg.jar%23327!/assets/.mcassetsroot' uses unexpected schema
[07Sep2025 02:47:14.665] [main/WARN] [net.minecraft.server.packs.VanillaPackResourcesBuilder/]: Assets URL 'union:/workspaces/Neoforge/servidor_minecraft/libraries/net/minecraft/server/1.21.1-20240808.144430/server-1.21.1-20240808.144430-srg.jar%23327!/data/.mcassetsroot' uses unexpected schema
[07Sep2025 02:47:14.708] [NeoForge Version Check/INFO] [net.neoforged.fml.VersionChecker/]: [moremobs] Found status: UP_TO_DATE Current: 1.5.6+mod Target: null
[07Sep2025 02:47:14.709] [NeoForge Version Check/INFO] [net.neoforged.fml.VersionChecker/]: [golemoverhaul] Starting version check at https://api.modrinth.com/updates/golem-overhaul/forge_updates.json
[07Sep2025 02:47:14.770] [NeoForge Version Check/INFO] [net.neoforged.fml.VersionChecker/]: [golemoverhaul] Found status: BETA Current: 1.0.2 Target: null
[07Sep2025 02:47:14.770] [NeoForge Version Check/INFO] [net.neoforged.fml.VersionChecker/]: [mr_trial_towers] Starting version check at https://api.modrinth.com/updates/a5PEhOaW/forge_updates.json?neoforge=only
[07Sep2025 02:47:14.833] [main/INFO] [Moonlight/]: Starting runtime resource generation for pack type SERVER_DATA with generators from mods [supplementaries]: [net.mehvahdjukaar.supplementaries.dynamicpack.ServerDynamicResourcesGenerator@1d272ebc]
[07Sep2025 02:47:14.834] [main/INFO] [Moonlight/]: Generating runtime assets for pack supplementaries:generated_pack (supplementaries)
[07Sep2025 02:47:14.852] [NeoForge Version Check/INFO] [net.neoforged.fml.VersionChecker/]: [mr_trial_towers] Found status: OUTDATED Current: 1.2 Target: 1.2+mod
[07Sep2025 02:47:14.852] [NeoForge Version Check/INFO] [net.neoforged.fml.VersionChecker/]: [puzzleslib] Starting version check at https://raw.githubusercontent.com/Fuzss/modresources/main/update/puzzleslib.json
[07Sep2025 02:47:14.862] [NeoForge Version Check/INFO] [net.neoforged.fml.VersionChecker/]: [puzzleslib] Found status: UP_TO_DATE Current: 21.1.38 Target: null
[07Sep2025 02:47:14.862] [NeoForge Version Check/INFO] [net.neoforged.fml.VersionChecker/]: [crittersandcompanions] Starting version check at https://api.modrinth.com/updates/critters-and-companions/forge_updates.json
[07Sep2025 02:47:14.890] [main/INFO] [Supplementaries/]: Generated runtime SERVER_DATA for pack supplementaries:generated_pack (supplementaries) in: 56 ms (multithreaded)
[07Sep2025 02:47:14.891] [main/INFO] [Moonlight/]: Finished runtime resources generation for 1 packs in a total of 57 ms
[07Sep2025 02:47:14.928] [NeoForge Version Check/INFO] [net.neoforged.fml.VersionChecker/]: [crittersandcompanions] Found status: BETA Current: 1.21.1-2.3.1 Target: null
[07Sep2025 02:47:14.928] [NeoForge Version Check/INFO] [net.neoforged.fml.VersionChecker/]: [illagerinvasion] Starting version check at https://raw.githubusercontent.com/Fuzss/modresources/main/update/illagerinvasion.json
[07Sep2025 02:47:14.938] [NeoForge Version Check/INFO] [net.neoforged.fml.VersionChecker/]: [illagerinvasion] Found status: UP_TO_DATE Current: 21.1.6 Target: null
[07Sep2025 02:47:14.938] [NeoForge Version Check/INFO] [net.neoforged.fml.VersionChecker/]: [bookshelf] Starting version check at https://updates.blamejared.com/get?n=bookshelf&gv=1.21.1&ml=neoforge
[07Sep2025 02:47:15.022] [main/ERROR] [net.minecraft.world.level.biome.MobSpawnSettings/]: Spawn data: Value must be positive: 0
[07Sep2025 02:47:15.036] [NeoForge Version Check/INFO] [net.neoforged.fml.VersionChecker/]: [bookshelf] Found status: BETA_OUTDATED Current: 21.1.68 Target: 21.1.69
[07Sep2025 02:47:15.037] [NeoForge Version Check/INFO] [net.neoforged.fml.VersionChecker/]: [additionalstructures] Starting version check at https://raw.githubusercontent.com/XxRexRaptorxX/Update-Checker/main/AdditionalStructures_NEO.json
[07Sep2025 02:47:15.047] [NeoForge Version Check/INFO] [net.neoforged.fml.VersionChecker/]: [additionalstructures] Found status: UP_TO_DATE Current: 6.3.2 Target: null
[07Sep2025 02:47:15.047] [NeoForge Version Check/INFO] [net.neoforged.fml.VersionChecker/]: [diagonalblocks] Starting version check at https://raw.githubusercontent.com/Fuzss/modresources/main/update/diagonalblocks.json
[07Sep2025 02:47:15.056] [NeoForge Version Check/INFO] [net.neoforged.fml.VersionChecker/]: [diagonalblocks] Found status: BETA Current: 21.1.1 Target: null
[07Sep2025 02:47:15.057] [NeoForge Version Check/INFO] [net.neoforged.fml.VersionChecker/]: [mr_battle_towers] Starting version check at https://api.modrinth.com/updates/LSxfjfLO/forge_updates.json?neoforge=only
[07Sep2025 02:47:15.124] [NeoForge Version Check/INFO] [net.neoforged.fml.VersionChecker/]: [mr_battle_towers] Found status: OUTDATED Current: 1.3.0 Target: 1.3.0+mod
[07Sep2025 02:47:15.126] [NeoForge Version Check/INFO] [net.neoforged.fml.VersionChecker/]: [diagonalwindows] Starting version check at https://raw.githubusercontent.com/Fuzss/modresources/main/update/diagonalwindows.json
[07Sep2025 02:47:15.138] [NeoForge Version Check/INFO] [net.neoforged.fml.VersionChecker/]: [diagonalwindows] Found status: UP_TO_DATE Current: 21.1.1 Target: null
[07Sep2025 02:47:15.138] [NeoForge Version Check/INFO] [net.neoforged.fml.VersionChecker/]: [hangglider] Starting version check at https://raw.githubusercontent.com/Fuzss/modresources/main/update/hangglider.json
[07Sep2025 02:47:15.150] [NeoForge Version Check/INFO] [net.neoforged.fml.VersionChecker/]: [hangglider] Found status: UP_TO_DATE Current: 21.1.0 Target: null
[07Sep2025 02:47:15.150] [NeoForge Version Check/INFO] [net.neoforged.fml.VersionChecker/]: [mr_katters_structures] Starting version check at https://api.modrinth.com/updates/V6LLU8Gf/forge_updates.json?neoforge=only
[07Sep2025 02:47:15.214] [NeoForge Version Check/INFO] [net.neoforged.fml.VersionChecker/]: [mr_katters_structures] Found status: OUTDATED Current: 2.1 Target: 2.1+mod
[07Sep2025 02:47:15.214] [NeoForge Version Check/INFO] [net.neoforged.fml.VersionChecker/]: [mr_nice_mobsremastered] Starting version check at https://api.modrinth.com/updates/hxerjRLt/forge_updates.json?neoforge=only
[07Sep2025 02:47:15.284] [NeoForge Version Check/INFO] [net.neoforged.fml.VersionChecker/]: [mr_nice_mobsremastered] Found status: OUTDATED Current: 2.5b Target: 2.5b+mod
[07Sep2025 02:47:15.284] [NeoForge Version Check/INFO] [net.neoforged.fml.VersionChecker/]: [easymagic] Starting version check at https://raw.githubusercontent.com/Fuzss/modresources/main/update/easymagic.json
[07Sep2025 02:47:15.294] [NeoForge Version Check/INFO] [net.neoforged.fml.VersionChecker/]: [easymagic] Found status: UP_TO_DATE Current: 21.1.0 Target: null
[07Sep2025 02:47:15.295] [NeoForge Version Check/INFO] [net.neoforged.fml.VersionChecker/]: [clumps] Starting version check at https://updates.blamejared.com/get?n=clumps&gv=1.21.1&ml=neoforge
[07Sep2025 02:47:15.391] [NeoForge Version Check/INFO] [net.neoforged.fml.VersionChecker/]: [clumps] Found status: BETA Current: 19.0.0.1 Target: 19.0.0.1
[07Sep2025 02:47:15.391] [NeoForge Version Check/INFO] [net.neoforged.fml.VersionChecker/]: [cpm] Starting version check at https://raw.githubusercontent.com/tom5454/CustomPlayerModels/master/version-check-neoforge.json
[07Sep2025 02:47:15.406] [NeoForge Version Check/INFO] [net.neoforged.fml.VersionChecker/]: [cpm] Found status: BETA Current: 0.6.24a Target: 0.6.24a
[07Sep2025 02:47:15.406] [NeoForge Version Check/INFO] [net.neoforged.fml.VersionChecker/]: [unwrecked_ships_plus] Starting version check at https://api.modrinth.com/updates/ae8EZLiC/forge_updates.json?neoforge=only
[07Sep2025 02:47:15.478] [NeoForge Version Check/INFO] [net.neoforged.fml.VersionChecker/]: [unwrecked_ships_plus] Found status: UP_TO_DATE Current: 2.0.5 Target: null
[07Sep2025 02:47:15.478] [NeoForge Version Check/INFO] [net.neoforged.fml.VersionChecker/]: [extensibleenums] Starting version check at https://raw.githubusercontent.com/Fuzss/modresources/main/update/extensibleenums.json
[07Sep2025 02:47:15.490] [NeoForge Version Check/WARN] [net.neoforged.fml.VersionChecker/]: Failed to process update information
com.google.gson.JsonSyntaxException: java.lang.IllegalStateException: Expected BEGIN_OBJECT but was NUMBER at line 1 column 4 path $
	at MC-BOOTSTRAP/com.google.gson@2.10.1/com.google.gson.Gson.fromJson(Gson.java:1238) ~[gson-2.10.1.jar%2394!/:?]
	at MC-BOOTSTRAP/com.google.gson@2.10.1/com.google.gson.Gson.fromJson(Gson.java:1137) ~[gson-2.10.1.jar%2394!/:?]
	at MC-BOOTSTRAP/com.google.gson@2.10.1/com.google.gson.Gson.fromJson(Gson.java:1047) ~[gson-2.10.1.jar%2394!/:?]
	at MC-BOOTSTRAP/com.google.gson@2.10.1/com.google.gson.Gson.fromJson(Gson.java:982) ~[gson-2.10.1.jar%2394!/:?]
	at MC-BOOTSTRAP/fml_loader@4.0.41/net.neoforged.fml.VersionChecker$1.process(VersionChecker.java:167) ~[loader-4.0.41.jar%2359!/:4.0]
	at java.base/java.lang.Iterable.forEach(Iterable.java:75) [?:?]
	at MC-BOOTSTRAP/fml_loader@4.0.41/net.neoforged.fml.VersionChecker$1.run(VersionChecker.java:105) [loader-4.0.41.jar%2359!/:4.0]
Caused by: java.lang.IllegalStateException: Expected BEGIN_OBJECT but was NUMBER at line 1 column 4 path $
	at MC-BOOTSTRAP/com.google.gson@2.10.1/com.google.gson.stream.JsonReader.beginObject(JsonReader.java:393) ~[gson-2.10.1.jar%2394!/:?]
	at MC-BOOTSTRAP/com.google.gson@2.10.1/com.google.gson.internal.bind.MapTypeAdapterFactory$Adapter.read(MapTypeAdapterFactory.java:182) ~[gson-2.10.1.jar%2394!/:?]
	at MC-BOOTSTRAP/com.google.gson@2.10.1/com.google.gson.internal.bind.MapTypeAdapterFactory$Adapter.read(MapTypeAdapterFactory.java:144) ~[gson-2.10.1.jar%2394!/:?]
	at MC-BOOTSTRAP/com.google.gson@2.10.1/com.google.gson.Gson.fromJson(Gson.java:1227) ~[gson-2.10.1.jar%2394!/:?]
	... 6 more
[07Sep2025 02:47:15.493] [NeoForge Version Check/INFO] [net.neoforged.fml.VersionChecker/]: [endermanoverhaul] Starting version check at https://api.modrinth.com/updates/enderman-overhaul/forge_updates.json
[07Sep2025 02:47:15.584] [NeoForge Version Check/INFO] [net.neoforged.fml.VersionChecker/]: [endermanoverhaul] Found status: BETA Current: 2.0.2 Target: null
[07Sep2025 02:47:15.584] [NeoForge Version Check/INFO] [net.neoforged.fml.VersionChecker/]: [diagonalfences] Starting version check at https://raw.githubusercontent.com/Fuzss/modresources/main/update/diagonalfences.json
[07Sep2025 02:47:15.594] [NeoForge Version Check/INFO] [net.neoforged.fml.VersionChecker/]: [diagonalfences] Found status: UP_TO_DATE Current: 21.1.1 Target: null
[07Sep2025 02:47:15.594] [NeoForge Version Check/INFO] [net.neoforged.fml.VersionChecker/]: [wabi_sabi_structures] Starting version check at https://api.modrinth.com/updates/Vr3O6THr/forge_updates.json?neoforge=only
[07Sep2025 02:47:15.690] [NeoForge Version Check/INFO] [net.neoforged.fml.VersionChecker/]: [wabi_sabi_structures] Found status: UP_TO_DATE Current: 3.0.1 Target: null
[07Sep2025 02:47:16.028] [main/INFO] [MoStructures/]: Structure abandoned_church has been modified by the config!
[07Sep2025 02:47:16.034] [main/INFO] [com.jtorleonstudios.libraryferret.LibraryFerret/]: Structure placement for `awesomedungeon:abandoned_oak_palace/start_pool`: { spacing: 50, separation: 25, salt: 1694767080, useValueFromConfiguration: true}
[07Sep2025 02:47:16.035] [main/INFO] [MoStructures/]: Structure air_balloon has been modified by the config!
[07Sep2025 02:47:16.040] [main/INFO] [MoStructures/]: Structure barn_house has been modified by the config!
[07Sep2025 02:47:16.044] [main/INFO] [com.jtorleonstudios.libraryferret.LibraryFerret/]: Structure placement for `awesomedungeon:better_default_jungle_temple/start_pool`: { spacing: 50, separation: 25, salt: 1654787080, useValueFromConfiguration: true}
[07Sep2025 02:47:16.057] [main/INFO] [com.jtorleonstudios.libraryferret.LibraryFerret/]: Structure placement for `awesomedungeon:desert_temple_husk/start_pool`: { spacing: 50, separation: 25, salt: 1394767080, useValueFromConfiguration: true}
[07Sep2025 02:47:16.070] [main/INFO] [MoStructures/]: Structure ice_tower has been modified by the config!
[07Sep2025 02:47:16.072] [main/INFO] [com.jtorleonstudios.libraryferret.LibraryFerret/]: Structure placement for `awesomedungeon:jungle_giant_tree/start_pool`: { spacing: 50, separation: 25, salt: 1494763380, useValueFromConfiguration: true}
[07Sep2025 02:47:16.072] [main/INFO] [MoStructures/]: Structure jungle_pyramid has been modified by the config!
[07Sep2025 02:47:16.074] [main/INFO] [MoStructures/]: Structure killer_bunny_castle has been modified by the config!
[07Sep2025 02:47:16.081] [main/INFO] [com.jtorleonstudios.libraryferret.LibraryFerret/]: Structure placement for `awesomedungeon:mushroom_abandonned/start_pool`: { spacing: 50, separation: 25, salt: 1494227080, useValueFromConfiguration: true}
[07Sep2025 02:47:16.089] [main/INFO] [MoStructures/]: Structure pillager_factory has been modified by the config!
[07Sep2025 02:47:16.089] [main/INFO] [MoStructures/]: Structure pirate_ship has been modified by the config!
[07Sep2025 02:47:16.098] [main/INFO] [com.jtorleonstudios.libraryferret.LibraryFerret/]: Structure placement for `awesomedungeon:swamp_big_temple/start_pool`: { spacing: 50, separation: 25, salt: 1594763280, useValueFromConfiguration: true}
[07Sep2025 02:47:16.099] [main/INFO] [MoStructures/]: Structure tavern has been modified by the config!
[07Sep2025 02:47:16.100] [main/INFO] [MoStructures/]: Structure the_castle_in_the_sky has been modified by the config!
[07Sep2025 02:47:16.100] [main/INFO] [com.jtorleonstudios.libraryferret.LibraryFerret/]: Structure placement for `awesomedungeon:the_usine/start_pool`: { spacing: 50, separation: 25, salt: 1694767078, useValueFromConfiguration: true}
[07Sep2025 02:47:16.100] [main/INFO] [com.jtorleonstudios.libraryferret.LibraryFerret/]: Structure placement for `awesomedungeon:t_z_tower/start_pool`: { spacing: 50, separation: 25, salt: 1794767078, useValueFromConfiguration: true}
[07Sep2025 02:47:16.104] [main/INFO] [MoStructures/]: Structure villager_market has been modified by the config!
[07Sep2025 02:47:16.105] [main/INFO] [MoStructures/]: Structure villager_tower has been modified by the config!
[07Sep2025 02:47:16.108] [main/INFO] [com.jtorleonstudios.libraryferret.LibraryFerret/]: Structure placement for `awesomedungeon:witch_castle/start_pool`: { spacing: 50, separation: 25, salt: 1894776078, useValueFromConfiguration: true}
[07Sep2025 02:47:18.290] [Worker-Main-3/INFO] [fzzy_config/]: Loaded config simplyswords:loot in 10ms
[07Sep2025 02:47:18.649] [Worker-Main-3/ERROR] [net.minecraft.world.level.storage.loot.LootDataType/]: Couldn't parse element ResourceKey[minecraft:root / minecraft:loot_table]:samurai_dynasty:blocks/kawauso_statue - Failed to parse either. First: No key block in MapLike[{"condition":"minecraft:block_state_property","properties":{"half":"lower"}}]; Second: Not a json array: {"condition":"minecraft:block_state_property","properties":{"half":"lower"}}; Unknown registry key in ResourceKey[minecraft:root / minecraft:item]: minecraft:kawauso_statue
[07Sep2025 02:47:18.696] [Worker-Main-3/ERROR] [net.minecraft.world.level.storage.loot.LootDataType/]: Couldn't parse element ResourceKey[minecraft:root / minecraft:loot_table]:samurai_dynasty:blocks/komainu_statue - Failed to parse either. First: No key block in MapLike[{"condition":"minecraft:block_state_property","properties":{"half":"lower"}}]; Second: Not a json array: {"condition":"minecraft:block_state_property","properties":{"half":"lower"}}; Unknown registry key in ResourceKey[minecraft:root / minecraft:item]: minecraft:komainu_statue
[07Sep2025 02:47:18.737] [Worker-Main-3/ERROR] [net.minecraft.world.level.storage.loot.LootDataType/]: Couldn't parse element ResourceKey[minecraft:root / minecraft:loot_table]:bettercopper:blocks/old_copper_block - Unknown registry key in ResourceKey[minecraft:root / minecraft:item]: bettercopper:old_copper_block
[07Sep2025 02:47:18.846] [Worker-Main-3/ERROR] [net.minecraft.world.level.storage.loot.LootDataType/]: Couldn't parse element ResourceKey[minecraft:root / minecraft:loot_table]:samurai_dynasty:blocks/tanuki_statue - Failed to parse either. First: No key block in MapLike[{"condition":"minecraft:block_state_property","properties":{"half":"lower"}}]; Second: Not a json array: {"condition":"minecraft:block_state_property","properties":{"half":"lower"}}; Unknown registry key in ResourceKey[minecraft:root / minecraft:item]: minecraft:tanuki_statue
[07Sep2025 02:47:18.993] [Worker-Main-3/ERROR] [net.minecraft.world.level.storage.loot.LootDataType/]: Couldn't parse element ResourceKey[minecraft:root / minecraft:loot_table]:irons_spellbooks:test/ring_gen_break_me - Unknown registry key in ResourceKey[minecraft:root / irons_spellbooks:spells]: minecraft:none
[07Sep2025 02:47:19.228] [Worker-Main-3/ERROR] [net.minecraft.world.level.storage.loot.LootDataType/]: Couldn't parse element ResourceKey[minecraft:root / minecraft:loot_table]:yuushya:blocks/painter_gift_box - Unknown registry key in ResourceKey[minecraft:root / minecraft:item]: yuushya:rot_trans_item; Unknown registry key in ResourceKey[minecraft:root / minecraft:item]: yuushya:get_blockstate_item; Unknown registry key in ResourceKey[minecraft:root / minecraft:item]: yuushya:get_blockstate_item; Unknown registry key in ResourceKey[minecraft:root / minecraft:item]: yuushya:move_transformdata_item; Unknown registry key in ResourceKey[minecraft:root / minecraft:item]: yuushya:micro_pos_trans_item; Unknown registry key in ResourceKey[minecraft:root / minecraft:item]: yuushya:pos_trans_item; Unknown registry key in ResourceKey[minecraft:root / minecraft:item]: yuushya:scale_trans_item; Unknown registry key in ResourceKey[minecraft:root / minecraft:item]: yuushya:slot_trans_item; Unknown registry key in ResourceKey[minecraft:root / minecraft:item]: yuushya:get_lit_item
[07Sep2025 02:47:19.550] [Worker-Main-3/ERROR] [net.minecraft.world.level.storage.loot.LootDataType/]: Couldn't parse element ResourceKey[minecraft:root / minecraft:loot_table]:valhelsia_structures:chests/spawner_dungeon_dispenser - Failed to parse either. First: Unknown registry key in ResourceKey[minecraft:root / minecraft:loot_function_type]: minecraft:set_nbt; Second: Not a json array: {"function":"minecraft:set_nbt","tag":"{Potion:\"minecraft:strong_harming\"}"}
[07Sep2025 02:47:19.824] [Worker-Main-3/WARN] [net.minecraft.server.ReloadableServerRegistries/]: Found loot table element validation problem in {minecraft:loot_table:dungeons_arise:chests/illager_campsite/illager_campsite_map}.pools[7].entries[0]->{minecraft:chests/pillager_outpost}.pools[11].entries[0]: Unknown loot table called supplementaries:inject/pillager_quiver
[07Sep2025 02:47:19.824] [Worker-Main-3/WARN] [net.minecraft.server.ReloadableServerRegistries/]: Found loot table element validation problem in {minecraft:loot_table:alshanex_familiars:chests/hunter_campsite/generic}.pools[0].entries[3]->{minecraft:entities/zombie}.pools[1].condition[0]: Parameters [<parameter minecraft:last_damage_player>] are not provided in this context
[07Sep2025 02:47:19.824] [Worker-Main-3/WARN] [net.minecraft.server.ReloadableServerRegistries/]: Found loot table element validation problem in {minecraft:loot_table:alshanex_familiars:chests/hunter_campsite/generic}.pools[0].entries[3]->{minecraft:entities/zombie}.pools[3].condition[0]: Parameters [<parameter minecraft:last_damage_player>] are not provided in this context
[07Sep2025 02:47:19.824] [Worker-Main-3/WARN] [net.minecraft.server.ReloadableServerRegistries/]: Found loot table element validation problem in {minecraft:loot_table:alshanex_familiars:chests/hunter_campsite/generic}.pools[0].entries[0]->{minecraft:entities/creeper}.pools[2].condition[0]: Parameters [<parameter minecraft:last_damage_player>] are not provided in this context
[07Sep2025 02:47:19.824] [Worker-Main-3/WARN] [net.minecraft.server.ReloadableServerRegistries/]: Found loot table element validation problem in {minecraft:loot_table:alshanex_familiars:chests/hunter_campsite/generic}.pools[0].entries[1]->{minecraft:entities/skeleton}.pools[2].condition[0]: Parameters [<parameter minecraft:last_damage_player>] are not provided in this context
[07Sep2025 02:47:19.824] [Worker-Main-3/WARN] [net.minecraft.server.ReloadableServerRegistries/]: Found loot table element validation problem in {minecraft:loot_table:minecraft:chests/pillager_outpost}.pools[11].entries[0]: Unknown loot table called supplementaries:inject/pillager_quiver
[07Sep2025 02:47:19.824] [Worker-Main-3/WARN] [net.minecraft.server.ReloadableServerRegistries/]: Found loot table element validation problem in {minecraft:loot_table:alshanex_familiars:chests/hunter_campsite/generic}.pools[0].entries[3]->{minecraft:entities/zombie}.pools[2].condition[0]: Parameters [<parameter minecraft:last_damage_player>] are not provided in this context
[07Sep2025 02:47:19.824] [Worker-Main-3/WARN] [net.minecraft.server.ReloadableServerRegistries/]: Found loot table element validation problem in {minecraft:loot_table:dungeons_arise:chests/illager_campsite/illager_campsite_tent}.pools[5].entries[0]->{minecraft:chests/pillager_outpost}.pools[11].entries[0]: Unknown loot table called supplementaries:inject/pillager_quiver
[07Sep2025 02:47:19.824] [Worker-Main-3/WARN] [net.minecraft.server.ReloadableServerRegistries/]: Found loot table element validation problem in {minecraft:loot_table:alshanex_familiars:chests/hunter_campsite/generic}.pools[0].entries[2]->{minecraft:entities/spider}.pools[1].condition[0]: Parameters [<parameter minecraft:last_damage_player>] are not provided in this context
[07Sep2025 02:47:19.824] [Worker-Main-3/WARN] [net.minecraft.server.ReloadableServerRegistries/]: Found loot table element validation problem in {minecraft:loot_table:alshanex_familiars:chests/hunter_campsite/generic}.pools[0].entries[2]->{minecraft:entities/spider}.pools[2].condition[0]: Parameters [<parameter minecraft:last_damage_player>] are not provided in this context
[07Sep2025 02:47:19.824] [Worker-Main-3/WARN] [net.minecraft.server.ReloadableServerRegistries/]: Found loot table element validation problem in {minecraft:loot_table:alshanex_familiars:chests/hunter_campsite/generic}.pools[0].entries[3]->{minecraft:entities/zombie}.pools[1].entries[2].functions[0].conditions[0].term[1]: Parameters [<parameter minecraft:direct_attacking_entity>] are not provided in this context
[07Sep2025 02:47:20.133] [Worker-Main-3/INFO] [Living Things/]: Command '/livingthings' registered
[07Sep2025 02:47:20.213] [Worker-Main-1/INFO] [Moonlight/]: Starting runtime resource generation for pack type SERVER_DATA with generators from mods [supplementaries]: [net.mehvahdjukaar.supplementaries.dynamicpack.ServerDynamicResourcesGenerator@1d272ebc]
[07Sep2025 02:47:20.213] [Worker-Main-1/INFO] [Moonlight/]: Generating runtime assets for pack supplementaries:generated_pack (supplementaries)
[07Sep2025 02:47:20.240] [Worker-Main-1/INFO] [Supplementaries/]: Generated runtime SERVER_DATA for pack supplementaries:generated_pack (supplementaries) in: 25 ms (multithreaded)
[07Sep2025 02:47:20.240] [Worker-Main-1/INFO] [Moonlight/]: Finished runtime resources generation for 1 packs in a total of 26 ms
[07Sep2025 02:47:21.938] [Worker-Main-2/ERROR] [net.minecraft.server.packs.resources.SimpleJsonResourceReloadListener/]: Couldn't parse data file bettercopper:waxed_oxidized_copper_slab_from_stonecutting from bettercopper:recipe/waxed_oxidized_copper_slab_from_stonecutting.json
com.google.gson.JsonParseException: com.google.gson.stream.MalformedJsonException: Expected ':' at line 9 column 2 path $.result.bettercopper:waxed_oxidized_copper_slab
	at TRANSFORMER/minecraft@1.21.1/net.minecraft.util.GsonHelper.fromNullableJson(GsonHelper.java:527) ~[server-1.21.1-20240808.144430-srg.jar%23327!/:?]
	at TRANSFORMER/minecraft@1.21.1/net.minecraft.util.GsonHelper.fromJson(GsonHelper.java:532) ~[server-1.21.1-20240808.144430-srg.jar%23327!/:?]
	at TRANSFORMER/minecraft@1.21.1/net.minecraft.util.GsonHelper.fromJson(GsonHelper.java:582) ~[server-1.21.1-20240808.144430-srg.jar%23327!/:?]
	at TRANSFORMER/minecraft@1.21.1/net.minecraft.server.packs.resources.SimpleJsonResourceReloadListener.scanDirectory(SimpleJsonResourceReloadListener.java:42) ~[server-1.21.1-20240808.144430-srg.jar%23327!/:?]
	at TRANSFORMER/minecraft@1.21.1/net.minecraft.server.packs.resources.SimpleJsonResourceReloadListener.prepare(SimpleJsonResourceReloadListener.java:30) ~[server-1.21.1-20240808.144430-srg.jar%23327!/:?]
	at TRANSFORMER/minecraft@1.21.1/net.minecraft.server.packs.resources.SimpleJsonResourceReloadListener.prepare(SimpleJsonResourceReloadListener.java:18) ~[server-1.21.1-20240808.144430-srg.jar%23327!/:?]
	at TRANSFORMER/minecraft@1.21.1/net.minecraft.server.packs.resources.SimplePreparableReloadListener.lambda$reload$0(SimplePreparableReloadListener.java:17) ~[server-1.21.1-20240808.144430-srg.jar%23327!/:?]
	at java.base/java.util.concurrent.CompletableFuture$AsyncSupply.run(CompletableFuture.java:1768) [?:?]
	at java.base/java.util.concurrent.CompletableFuture$AsyncSupply.exec(CompletableFuture.java:1760) [?:?]
	at java.base/java.util.concurrent.ForkJoinTask.doExec(ForkJoinTask.java:387) [?:?]
	at java.base/java.util.concurrent.ForkJoinPool$WorkQueue.topLevelExec(ForkJoinPool.java:1312) [?:?]
	at java.base/java.util.concurrent.ForkJoinPool.scan(ForkJoinPool.java:1843) [?:?]
	at java.base/java.util.concurrent.ForkJoinPool.runWorker(ForkJoinPool.java:1808) [?:?]
	at java.base/java.util.concurrent.ForkJoinWorkerThread.run(ForkJoinWorkerThread.java:188) [?:?]
Caused by: com.google.gson.stream.MalformedJsonException: Expected ':' at line 9 column 2 path $.result.bettercopper:waxed_oxidized_copper_slab
	at MC-BOOTSTRAP/com.google.gson@2.10.1/com.google.gson.stream.JsonReader.syntaxError(JsonReader.java:1659) ~[gson-2.10.1.jar%2394!/:?]
	at MC-BOOTSTRAP/com.google.gson@2.10.1/com.google.gson.stream.JsonReader.doPeek(JsonReader.java:539) ~[gson-2.10.1.jar%2394!/:?]
	at MC-BOOTSTRAP/com.google.gson@2.10.1/com.google.gson.stream.JsonReader.peek(JsonReader.java:433) ~[gson-2.10.1.jar%2394!/:?]
	at MC-BOOTSTRAP/com.google.gson@2.10.1/com.google.gson.internal.bind.TypeAdapters$28.read(TypeAdapters.java:786) ~[gson-2.10.1.jar%2394!/:?]
	at MC-BOOTSTRAP/com.google.gson@2.10.1/com.google.gson.internal.bind.TypeAdapters$28.read(TypeAdapters.java:725) ~[gson-2.10.1.jar%2394!/:?]
	at MC-BOOTSTRAP/com.google.gson@2.10.1/com.google.gson.internal.bind.TypeAdapters$34$1.read(TypeAdapters.java:1007) ~[gson-2.10.1.jar%2394!/:?]
	at TRANSFORMER/minecraft@1.21.1/net.minecraft.util.GsonHelper.fromNullableJson(GsonHelper.java:525) ~[server-1.21.1-20240808.144430-srg.jar%23327!/:?]
	... 13 more
[07Sep2025 02:47:21.944] [Worker-Main-2/ERROR] [net.minecraft.server.packs.resources.SimpleJsonResourceReloadListener/]: Couldn't parse data file bettercopper:waxed_weathered_copper_slab_from_stonecutting from bettercopper:recipe/waxed_weathered_copper_slab_from_stonecutting.json
com.google.gson.JsonParseException: com.google.gson.stream.MalformedJsonException: Expected ':' at line 9 column 2 path $.result.bettercopper:waxed_weathered_copper_slab
	at TRANSFORMER/minecraft@1.21.1/net.minecraft.util.GsonHelper.fromNullableJson(GsonHelper.java:527) ~[server-1.21.1-20240808.144430-srg.jar%23327!/:?]
	at TRANSFORMER/minecraft@1.21.1/net.minecraft.util.GsonHelper.fromJson(GsonHelper.java:532) ~[server-1.21.1-20240808.144430-srg.jar%23327!/:?]
	at TRANSFORMER/minecraft@1.21.1/net.minecraft.util.GsonHelper.fromJson(GsonHelper.java:582) ~[server-1.21.1-20240808.144430-srg.jar%23327!/:?]
	at TRANSFORMER/minecraft@1.21.1/net.minecraft.server.packs.resources.SimpleJsonResourceReloadListener.scanDirectory(SimpleJsonResourceReloadListener.java:42) ~[server-1.21.1-20240808.144430-srg.jar%23327!/:?]
	at TRANSFORMER/minecraft@1.21.1/net.minecraft.server.packs.resources.SimpleJsonResourceReloadListener.prepare(SimpleJsonResourceReloadListener.java:30) ~[server-1.21.1-20240808.144430-srg.jar%23327!/:?]
	at TRANSFORMER/minecraft@1.21.1/net.minecraft.server.packs.resources.SimpleJsonResourceReloadListener.prepare(SimpleJsonResourceReloadListener.java:18) ~[server-1.21.1-20240808.144430-srg.jar%23327!/:?]
	at TRANSFORMER/minecraft@1.21.1/net.minecraft.server.packs.resources.SimplePreparableReloadListener.lambda$reload$0(SimplePreparableReloadListener.java:17) ~[server-1.21.1-20240808.144430-srg.jar%23327!/:?]
	at java.base/java.util.concurrent.CompletableFuture$AsyncSupply.run(CompletableFuture.java:1768) [?:?]
	at java.base/java.util.concurrent.CompletableFuture$AsyncSupply.exec(CompletableFuture.java:1760) [?:?]
	at java.base/java.util.concurrent.ForkJoinTask.doExec(ForkJoinTask.java:387) [?:?]
	at java.base/java.util.concurrent.ForkJoinPool$WorkQueue.topLevelExec(ForkJoinPool.java:1312) [?:?]
	at java.base/java.util.concurrent.ForkJoinPool.scan(ForkJoinPool.java:1843) [?:?]
	at java.base/java.util.concurrent.ForkJoinPool.runWorker(ForkJoinPool.java:1808) [?:?]
	at java.base/java.util.concurrent.ForkJoinWorkerThread.run(ForkJoinWorkerThread.java:188) [?:?]
Caused by: com.google.gson.stream.MalformedJsonException: Expected ':' at line 9 column 2 path $.result.bettercopper:waxed_weathered_copper_slab
	at MC-BOOTSTRAP/com.google.gson@2.10.1/com.google.gson.stream.JsonReader.syntaxError(JsonReader.java:1659) ~[gson-2.10.1.jar%2394!/:?]
	at MC-BOOTSTRAP/com.google.gson@2.10.1/com.google.gson.stream.JsonReader.doPeek(JsonReader.java:539) ~[gson-2.10.1.jar%2394!/:?]
	at MC-BOOTSTRAP/com.google.gson@2.10.1/com.google.gson.stream.JsonReader.peek(JsonReader.java:433) ~[gson-2.10.1.jar%2394!/:?]
	at MC-BOOTSTRAP/com.google.gson@2.10.1/com.google.gson.internal.bind.TypeAdapters$28.read(TypeAdapters.java:786) ~[gson-2.10.1.jar%2394!/:?]
	at MC-BOOTSTRAP/com.google.gson@2.10.1/com.google.gson.internal.bind.TypeAdapters$28.read(TypeAdapters.java:725) ~[gson-2.10.1.jar%2394!/:?]
	at MC-BOOTSTRAP/com.google.gson@2.10.1/com.google.gson.internal.bind.TypeAdapters$34$1.read(TypeAdapters.java:1007) ~[gson-2.10.1.jar%2394!/:?]
	at TRANSFORMER/minecraft@1.21.1/net.minecraft.util.GsonHelper.fromNullableJson(GsonHelper.java:525) ~[server-1.21.1-20240808.144430-srg.jar%23327!/:?]
	... 13 more
[07Sep2025 02:47:21.950] [Worker-Main-2/ERROR] [net.minecraft.server.packs.resources.SimpleJsonResourceReloadListener/]: Couldn't parse data file bettercopper:weathered_copper_slab_from_stonecutting from bettercopper:recipe/weathered_copper_slab_from_stonecutting.json
com.google.gson.JsonParseException: com.google.gson.stream.MalformedJsonException: Expected ':' at line 9 column 2 path $.result.bettercopper:weathered_copper_slab
	at TRANSFORMER/minecraft@1.21.1/net.minecraft.util.GsonHelper.fromNullableJson(GsonHelper.java:527) ~[server-1.21.1-20240808.144430-srg.jar%23327!/:?]
	at TRANSFORMER/minecraft@1.21.1/net.minecraft.util.GsonHelper.fromJson(GsonHelper.java:532) ~[server-1.21.1-20240808.144430-srg.jar%23327!/:?]
	at TRANSFORMER/minecraft@1.21.1/net.minecraft.util.GsonHelper.fromJson(GsonHelper.java:582) ~[server-1.21.1-20240808.144430-srg.jar%23327!/:?]
	at TRANSFORMER/minecraft@1.21.1/net.minecraft.server.packs.resources.SimpleJsonResourceReloadListener.scanDirectory(SimpleJsonResourceReloadListener.java:42) ~[server-1.21.1-20240808.144430-srg.jar%23327!/:?]
	at TRANSFORMER/minecraft@1.21.1/net.minecraft.server.packs.resources.SimpleJsonResourceReloadListener.prepare(SimpleJsonResourceReloadListener.java:30) ~[server-1.21.1-20240808.144430-srg.jar%23327!/:?]
	at TRANSFORMER/minecraft@1.21.1/net.minecraft.server.packs.resources.SimpleJsonResourceReloadListener.prepare(SimpleJsonResourceReloadListener.java:18) ~[server-1.21.1-20240808.144430-srg.jar%23327!/:?]
	at TRANSFORMER/minecraft@1.21.1/net.minecraft.server.packs.resources.SimplePreparableReloadListener.lambda$reload$0(SimplePreparableReloadListener.java:17) ~[server-1.21.1-20240808.144430-srg.jar%23327!/:?]
	at java.base/java.util.concurrent.CompletableFuture$AsyncSupply.run(CompletableFuture.java:1768) [?:?]
	at java.base/java.util.concurrent.CompletableFuture$AsyncSupply.exec(CompletableFuture.java:1760) [?:?]
	at java.base/java.util.concurrent.ForkJoinTask.doExec(ForkJoinTask.java:387) [?:?]
	at java.base/java.util.concurrent.ForkJoinPool$WorkQueue.topLevelExec(ForkJoinPool.java:1312) [?:?]
	at java.base/java.util.concurrent.ForkJoinPool.scan(ForkJoinPool.java:1843) [?:?]
	at java.base/java.util.concurrent.ForkJoinPool.runWorker(ForkJoinPool.java:1808) [?:?]
	at java.base/java.util.concurrent.ForkJoinWorkerThread.run(ForkJoinWorkerThread.java:188) [?:?]
Caused by: com.google.gson.stream.MalformedJsonException: Expected ':' at line 9 column 2 path $.result.bettercopper:weathered_copper_slab
	at MC-BOOTSTRAP/com.google.gson@2.10.1/com.google.gson.stream.JsonReader.syntaxError(JsonReader.java:1659) ~[gson-2.10.1.jar%2394!/:?]
	at MC-BOOTSTRAP/com.google.gson@2.10.1/com.google.gson.stream.JsonReader.doPeek(JsonReader.java:539) ~[gson-2.10.1.jar%2394!/:?]
	at MC-BOOTSTRAP/com.google.gson@2.10.1/com.google.gson.stream.JsonReader.peek(JsonReader.java:433) ~[gson-2.10.1.jar%2394!/:?]
	at MC-BOOTSTRAP/com.google.gson@2.10.1/com.google.gson.internal.bind.TypeAdapters$28.read(TypeAdapters.java:786) ~[gson-2.10.1.jar%2394!/:?]
	at MC-BOOTSTRAP/com.google.gson@2.10.1/com.google.gson.internal.bind.TypeAdapters$28.read(TypeAdapters.java:725) ~[gson-2.10.1.jar%2394!/:?]
	at MC-BOOTSTRAP/com.google.gson@2.10.1/com.google.gson.internal.bind.TypeAdapters$34$1.read(TypeAdapters.java:1007) ~[gson-2.10.1.jar%2394!/:?]
	at TRANSFORMER/minecraft@1.21.1/net.minecraft.util.GsonHelper.fromNullableJson(GsonHelper.java:525) ~[server-1.21.1-20240808.144430-srg.jar%23327!/:?]
	... 13 more
[07Sep2025 02:47:22.953] [main/ERROR] [net.minecraft.world.item.crafting.RecipeManager/]: Parsing error loading recipe create:sequenced_assembly/high_sensitivity_color_film_developing: com.google.gson.JsonParseException: Unknown registry key in ResourceKey[minecraft:root / minecraft:recipe_serializer]: create:sequenced_assembly
[07Sep2025 02:47:23.005] [main/ERROR] [net.minecraft.world.item.crafting.RecipeManager/]: Parsing error loading recipe create:sequenced_assembly/black_and_white_film_developing: com.google.gson.JsonParseException: Unknown registry key in ResourceKey[minecraft:root / minecraft:recipe_serializer]: create:sequenced_assembly
[07Sep2025 02:47:23.012] [main/ERROR] [net.minecraft.world.item.crafting.RecipeManager/]: Parsing error loading recipe create:sequenced_assembly/high_sensitivity_black_and_white_film_developing: com.google.gson.JsonParseException: Unknown registry key in ResourceKey[minecraft:root / minecraft:recipe_serializer]: create:sequenced_assembly
[07Sep2025 02:47:23.049] [main/ERROR] [net.minecraft.world.item.crafting.RecipeManager/]: Parsing error loading recipe create:sequenced_assembly/color_film_developing: com.google.gson.JsonParseException: Unknown registry key in ResourceKey[minecraft:root / minecraft:recipe_serializer]: create:sequenced_assembly
[07Sep2025 02:47:23.157] [main/ERROR] [net.minecraft.world.item.crafting.RecipeManager/]: Parsing error loading recipe yuushya:stone/gray_wall_b: com.google.gson.JsonParseException: Not a JSON object: "yuushya:gray_wall"
[07Sep2025 02:47:23.162] [main/ERROR] [net.minecraft.world.item.crafting.RecipeManager/]: Parsing error loading recipe snuffles:frosty_fluff_carpet_from_frosty_fluff: com.google.gson.JsonParseException: No key id in MapLike[{"item":"snuffles:frosty_fluff_carpet","count":3}]
[07Sep2025 02:47:23.175] [main/ERROR] [net.minecraft.world.item.crafting.RecipeManager/]: Parsing error loading recipe snuffles:snuffle_fluff_carpet_from_snuffle_fluff: com.google.gson.JsonParseException: No key id in MapLike[{"item":"snuffles:snuffle_fluff_carpet","count":3}]
[07Sep2025 02:47:23.225] [main/ERROR] [net.minecraft.world.item.crafting.RecipeManager/]: Parsing error loading recipe irons_spellbooks:patchouli_book: com.google.gson.JsonParseException: No component with type: 'patchouli:book'; No component with type: 'patchouli:book' missed input: {"patchouli:book":"irons_spellbooks:iss_guide_book"}; Unknown registry key in ResourceKey[minecraft:root / minecraft:item]: patchouli:guide_book
[07Sep2025 02:47:23.227] [main/ERROR] [net.minecraft.world.item.crafting.RecipeManager/]: Parsing error loading recipe bettercopper:horse_armor_copper: com.google.gson.JsonParseException: Unknown registry key in ResourceKey[minecraft:root / minecraft:recipe_serializer]: minecraft:smithing
[07Sep2025 02:47:23.241] [main/ERROR] [net.minecraft.world.item.crafting.RecipeManager/]: Parsing error loading recipe snuffles:frosty_fluff_carpet_from_snuffle_fluff_carpet: com.google.gson.JsonParseException: No key id in MapLike[{"item":"snuffles:frosty_fluff_carpet","count":8}]
[07Sep2025 02:47:23.243] [main/ERROR] [net.minecraft.world.item.crafting.RecipeManager/]: Parsing error loading recipe yuushya:painter_gift_box: com.google.gson.JsonParseException: Map entry 'X' : Failed to parse either. First: Not a json array: {"item":"yuushya:the_encyclopedia"}; Second: No key tag in MapLike[{"item":"yuushya:the_encyclopedia"}]; Unknown registry key in ResourceKey[minecraft:root / minecraft:item]: yuushya:the_encyclopedia
[07Sep2025 02:47:23.250] [main/ERROR] [net.minecraft.world.item.crafting.RecipeManager/]: Parsing error loading recipe snuffles:frosty_fluff_from_snuffle_fluff: com.google.gson.JsonParseException: No key id in MapLike[{"item":"snuffles:frosty_fluff","count":8}]
[07Sep2025 02:47:23.277] [main/ERROR] [net.minecraft.world.item.crafting.RecipeManager/]: Parsing error loading recipe snuffles:snuffle_fluff_from_frosty_fluff: com.google.gson.JsonParseException: Not a JSON object: "snuffles:snuffle_fluff"
[07Sep2025 02:47:23.280] [main/ERROR] [net.minecraft.world.item.crafting.RecipeManager/]: Parsing error loading recipe snuffles:snuffle_fluff_carpet_from_frosty_fluff_carpet: com.google.gson.JsonParseException: Not a JSON object: "snuffles:snuffle_fluff_carpet"
[07Sep2025 02:47:23.287] [main/ERROR] [net.minecraft.world.item.crafting.RecipeManager/]: Parsing error loading recipe yuushya:gardener_gift_box: com.google.gson.JsonParseException: Map entry 'B' : Failed to parse either. First: Not a json array: {"item":"minecraft:grass"}; Second: No key tag in MapLike[{"item":"minecraft:grass"}]; Unknown registry key in ResourceKey[minecraft:root / minecraft:item]: minecraft:grass
[07Sep2025 02:47:23.306] [main/INFO] [net.minecraft.world.item.crafting.RecipeManager/]: Loaded 12931 recipes
[07Sep2025 02:47:23.722] [main/ERROR] [net.minecraft.advancements.AdvancementTree/]: Couldn't load advancements: [minecraft:give_quest_trader_trade, minecraft:wander_add_map, dungeons_arise:find_thornborn_towers, dungeons_arise:find_fishing_hut]
[07Sep2025 02:47:23.722] [main/INFO] [net.minecraft.advancements.AdvancementTree/]: Loaded 5624 advancements
[07Sep2025 02:47:23.728] [main/WARN] [net.neoforged.neoforge.common.loot.LootModifierManager/]: Could not decode GlobalLootModifier with json id mutated_items:quartz_crab_bastion_loot_modifier - error: Unknown registry key in ResourceKey[minecraft:root / neoforge:global_loot_modifier_serializers]: mutated_items:mutated_items_loot_modifier
[07Sep2025 02:47:23.729] [main/WARN] [net.neoforged.neoforge.common.loot.LootModifierManager/]: Could not decode GlobalLootModifier with json id mutated_items:living_totem_mansion_loot_modifier - error: Unknown registry key in ResourceKey[minecraft:root / neoforge:global_loot_modifier_serializers]: mutated_items:mutated_items_loot_modifier
[07Sep2025 02:47:23.730] [main/WARN] [net.neoforged.neoforge.common.loot.LootModifierManager/]: Could not decode GlobalLootModifier with json id mutated_items:shear_ant_sheperd_loot_modifier - error: Unknown registry key in ResourceKey[minecraft:root / neoforge:global_loot_modifier_serializers]: mutated_items:mutated_items_loot_modifier
[07Sep2025 02:47:23.731] [main/WARN] [net.neoforged.neoforge.common.loot.LootModifierManager/]: Could not decode GlobalLootModifier with json id mutated_items:fire_fox_nether_loot_modifier - error: Unknown registry key in ResourceKey[minecraft:root / neoforge:global_loot_modifier_serializers]: mutated_items:mutated_items_loot_modifier
[07Sep2025 02:47:23.732] [main/WARN] [net.neoforged.neoforge.common.loot.LootModifierManager/]: Could not decode GlobalLootModifier with json id mutated_items:furnace_golem_forge_loot_modifier - error: Unknown registry key in ResourceKey[minecraft:root / neoforge:global_loot_modifier_serializers]: mutated_items:mutated_items_loot_modifier
[07Sep2025 02:47:23.797] [main/INFO] [Curios API/]: Loaded 14 curio slots
[07Sep2025 02:47:23.816] [main/INFO] [Curios API/]: Loaded 11 curio entities
[07Sep2025 02:47:23.833] [main/INFO] [Supplementaries/]: Loaded 28 flute songs
[07Sep2025 02:47:23.848] [main/INFO] [com.cupboard.Cupboard/]: Loaded config for: lootintegrations.json
[07Sep2025 02:47:23.865] [main/INFO] [Dungeon Crawl/]: Loading data...
[07Sep2025 02:47:24.221] [main/INFO] [Dungeon Crawl/]: Done.
[07Sep2025 02:47:24.242] [main/INFO] [Moonlight/]: Applied 7 data villager trades
[07Sep2025 02:47:24.243] [main/INFO] [friendsandfoes/]: Loaded 17 moobloom variants
[07Sep2025 02:47:24.282] [main/INFO] [friendsandfoes/]: Loaded 32 entity animations
[07Sep2025 02:47:24.305] [main/WARN] [com.brutalbosses.BrutalBosses/]: Could not parse boss for:brutalbosses:rabbitboss
java.util.NoSuchElementException: No value present
	at java.base/java.util.Optional.get(Optional.java:143) ~[?:?]
	at TRANSFORMER/brutalbosses@8.2/com.brutalbosses.entity.BossJsonListener.tryParse(BossJsonListener.java:216) ~[brutalbosses-1.21-8.2.jar%23364!/:?]
	at TRANSFORMER/brutalbosses@8.2/com.brutalbosses.entity.BossJsonListener.apply(BossJsonListener.java:96) ~[brutalbosses-1.21-8.2.jar%23364!/:?]
	at TRANSFORMER/brutalbosses@8.2/com.brutalbosses.entity.BossJsonListener.apply(BossJsonListener.java:38) ~[brutalbosses-1.21-8.2.jar%23364!/:?]
	at TRANSFORMER/minecraft@1.21.1/net.minecraft.server.packs.resources.SimplePreparableReloadListener.lambda$reload$1(SimplePreparableReloadListener.java:19) ~[server-1.21.1-20240808.144430-srg.jar%23327!/:?]
	at java.base/java.util.concurrent.CompletableFuture$UniAccept.tryFire(CompletableFuture.java:718) ~[?:?]
	at java.base/java.util.concurrent.CompletableFuture$Completion.run(CompletableFuture.java:482) ~[?:?]
	at TRANSFORMER/minecraft@1.21.1/net.minecraft.server.packs.resources.SimpleReloadInstance.lambda$new$3(SimpleReloadInstance.java:69) ~[server-1.21.1-20240808.144430-srg.jar%23327!/:?]
	at TRANSFORMER/minecraft@1.21.1/net.minecraft.Util.blockUntilDone(Util.java:872) ~[server-1.21.1-20240808.144430-srg.jar%23327!/:?]
	at TRANSFORMER/minecraft@1.21.1/net.minecraft.Util.blockUntilDone(Util.java:861) ~[server-1.21.1-20240808.144430-srg.jar%23327!/:?]
	at TRANSFORMER/minecraft@1.21.1/net.minecraft.server.Main.main(Main.java:204) ~[server-1.21.1-20240808.144430-srg.jar%23327!/:?]
	at java.base/jdk.internal.reflect.DirectMethodHandleAccessor.invoke(DirectMethodHandleAccessor.java:103) ~[?:?]
	at java.base/java.lang.reflect.Method.invoke(Method.java:580) ~[?:?]
	at MC-BOOTSTRAP/fml_loader@4.0.41/net.neoforged.fml.loading.targets.CommonLaunchHandler.runTarget(CommonLaunchHandler.java:136) ~[loader-4.0.41.jar%2359!/:4.0]
	at MC-BOOTSTRAP/fml_loader@4.0.41/net.neoforged.fml.loading.targets.CommonLaunchHandler.serverService(CommonLaunchHandler.java:128) ~[loader-4.0.41.jar%2359!/:4.0]
	at MC-BOOTSTRAP/fml_loader@4.0.41/net.neoforged.fml.loading.targets.CommonServerLaunchHandler.runService(CommonServerLaunchHandler.java:32) ~[loader-4.0.41.jar%2359!/:4.0]
	at MC-BOOTSTRAP/fml_loader@4.0.41/net.neoforged.fml.loading.targets.CommonLaunchHandler.lambda$launchService$4(CommonLaunchHandler.java:118) ~[loader-4.0.41.jar%2359!/:4.0]
	at MC-BOOTSTRAP/cpw.mods.modlauncher@11.0.5/cpw.mods.modlauncher.LaunchServiceHandlerDecorator.launch(LaunchServiceHandlerDecorator.java:30) [modlauncher-11.0.5.jar%2364!/:?]
	at MC-BOOTSTRAP/cpw.mods.modlauncher@11.0.5/cpw.mods.modlauncher.LaunchServiceHandler.launch(LaunchServiceHandler.java:53) [modlauncher-11.0.5.jar%2364!/:?]
	at MC-BOOTSTRAP/cpw.mods.modlauncher@11.0.5/cpw.mods.modlauncher.LaunchServiceHandler.launch(LaunchServiceHandler.java:71) [modlauncher-11.0.5.jar%2364!/:?]
	at MC-BOOTSTRAP/cpw.mods.modlauncher@11.0.5/cpw.mods.modlauncher.Launcher.run(Launcher.java:103) [modlauncher-11.0.5.jar%2364!/:?]
	at MC-BOOTSTRAP/cpw.mods.modlauncher@11.0.5/cpw.mods.modlauncher.Launcher.main(Launcher.java:74) [modlauncher-11.0.5.jar%2364!/:?]
	at MC-BOOTSTRAP/cpw.mods.modlauncher@11.0.5/cpw.mods.modlauncher.BootstrapLaunchConsumer.accept(BootstrapLaunchConsumer.java:26) [modlauncher-11.0.5.jar%2364!/:?]
	at MC-BOOTSTRAP/cpw.mods.modlauncher@11.0.5/cpw.mods.modlauncher.BootstrapLaunchConsumer.accept(BootstrapLaunchConsumer.java:23) [modlauncher-11.0.5.jar%2364!/:?]
	at cpw.mods.bootstraplauncher@2.0.2/cpw.mods.bootstraplauncher.BootstrapLauncher.run(BootstrapLauncher.java:210) [bootstraplauncher-2.0.2.jar:?]
	at cpw.mods.bootstraplauncher@2.0.2/cpw.mods.bootstraplauncher.BootstrapLauncher.main(BootstrapLauncher.java:69) [bootstraplauncher-2.0.2.jar:?]
	at java.base/jdk.internal.reflect.DirectMethodHandleAccessor.invoke(DirectMethodHandleAccessor.java:103) ~[?:?]
	at java.base/java.lang.reflect.Method.invoke(Method.java:580) ~[?:?]
	at net.neoforged.serverstarterjar.Main.mainLaunch(Main.java:297) [neoforge.jar:0.1.34]
	at net.neoforged.serverstarterjar.Main.main(Main.java:76) [neoforge.jar:0.1.34]
	at java.base/jdk.internal.reflect.DirectMethodHandleAccessor.invoke(DirectMethodHandleAccessor.java:103) ~[?:?]
	at java.base/java.lang.reflect.Method.invoke(Method.java:580) ~[?:?]
	at net.neoforged.serverstarterjar.Main8.main(Main8.java:19) [neoforge.jar:0.1.34]
[07Sep2025 02:47:24.308] [main/INFO] [com.brutalbosses.BrutalBosses/]: Loaded boss: brutalbosses:drownedboss for: minecraft:drowned
[07Sep2025 02:47:24.308] [main/INFO] [com.brutalbosses.BrutalBosses/]: Loaded boss: brutalbosses:irongolemboss for: minecraft:iron_golem
[07Sep2025 02:47:24.308] [main/INFO] [com.brutalbosses.BrutalBosses/]: Loaded boss: brutalbosses:snowgolemboss for: minecraft:snow_golem
[07Sep2025 02:47:24.308] [main/INFO] [com.brutalbosses.BrutalBosses/]: Loaded boss: brutalbosses:zombieboss for: minecraft:zombie
[07Sep2025 02:47:24.308] [main/INFO] [com.brutalbosses.BrutalBosses/]: Loaded boss: brutalbosses:skeletonshieldboss for: minecraft:skeleton
[07Sep2025 02:47:24.308] [main/INFO] [com.brutalbosses.BrutalBosses/]: Loaded boss: brutalbosses:pillagerboss for: minecraft:pillager
[07Sep2025 02:47:24.309] [main/INFO] [com.brutalbosses.BrutalBosses/]: Loaded boss: brutalbosses:vexboss for: minecraft:vex
[07Sep2025 02:47:24.309] [main/INFO] [com.brutalbosses.BrutalBosses/]: Loaded boss: brutalbosses:evokerboss for: minecraft:evoker
[07Sep2025 02:47:24.309] [main/INFO] [com.brutalbosses.BrutalBosses/]: Loaded boss: brutalbosses:dummyboss for: minecraft:zombie
[07Sep2025 02:47:24.310] [main/INFO] [com.brutalbosses.BrutalBosses/]: Loaded boss: brutalbosses:vindicatorboss for: minecraft:vindicator
[07Sep2025 02:47:24.310] [main/INFO] [com.brutalbosses.BrutalBosses/]: Loaded boss: brutalbosses:witherskeletonshieldboss for: minecraft:wither_skeleton
[07Sep2025 02:47:24.310] [main/INFO] [com.brutalbosses.BrutalBosses/]: Loaded boss: brutalbosses:witherskeletonrangedboss for: minecraft:wither_skeleton
[07Sep2025 02:47:24.310] [main/INFO] [com.brutalbosses.BrutalBosses/]: Loaded boss: brutalbosses:cavespiderboss for: minecraft:cave_spider
[07Sep2025 02:47:24.310] [main/INFO] [com.brutalbosses.BrutalBosses/]: Loaded boss: brutalbosses:zombietoxicboss for: minecraft:zombie
[07Sep2025 02:47:24.311] [main/INFO] [com.brutalbosses.BrutalBosses/]: Loaded boss: brutalbosses:huskboss for: minecraft:husk
[07Sep2025 02:47:24.311] [main/INFO] [com.brutalbosses.BrutalBosses/]: Loaded boss: brutalbosses:evokersummoner for: minecraft:evoker
[07Sep2025 02:47:24.311] [main/INFO] [com.brutalbosses.BrutalBosses/]: Loaded boss: brutalbosses:archmageboss for: minecraft:wandering_trader
[07Sep2025 02:47:24.311] [main/INFO] [com.brutalbosses.BrutalBosses/]: Loaded boss: brutalbosses:guardianboss for: minecraft:guardian
[07Sep2025 02:47:24.311] [main/INFO] [com.brutalbosses.BrutalBosses/]: Loaded boss: brutalbosses:endervindicatorboss for: minecraft:vindicator
[07Sep2025 02:47:24.311] [main/INFO] [com.brutalbosses.BrutalBosses/]: Loaded boss: brutalbosses:shulkerboss for: minecraft:shulker
[07Sep2025 02:47:24.311] [main/INFO] [com.brutalbosses.BrutalBosses/]: Loaded boss: brutalbosses:zoglinboss for: minecraft:zoglin
[07Sep2025 02:47:24.311] [main/INFO] [com.brutalbosses.BrutalBosses/]: Loaded boss: brutalbosses:evilchickenboss for: minecraft:chicken
[07Sep2025 02:47:24.312] [main/INFO] [com.brutalbosses.BrutalBosses/]: Loaded boss: brutalbosses:blazeboss for: minecraft:blaze
[07Sep2025 02:47:24.312] [main/INFO] [com.brutalbosses.BrutalBosses/]: Loaded boss: brutalbosses:witchboss for: minecraft:witch
[07Sep2025 02:47:24.312] [main/INFO] [com.brutalbosses.BrutalBosses/]: Loaded boss: brutalbosses:phantomboss for: minecraft:phantom
[07Sep2025 02:47:24.312] [main/INFO] [com.brutalbosses.BrutalBosses/]: Loaded boss: brutalbosses:madcowboss for: minecraft:mooshroom
[07Sep2025 02:47:24.312] [main/INFO] [com.brutalbosses.BrutalBosses/]: Loaded boss: brutalbosses:piglinbruteboss for: minecraft:piglin_brute
[07Sep2025 02:47:24.312] [main/INFO] [com.brutalbosses.BrutalBosses/]: Loaded boss: brutalbosses:ghastboss for: minecraft:ghast
[07Sep2025 02:47:24.312] [main/INFO] [com.brutalbosses.BrutalBosses/]: Loaded boss: brutalbosses:strayboss for: minecraft:stray
[07Sep2025 02:47:24.371] [main/WARN] [net.minecraft.core.MappedRegistry/]: Not all defined tags for registry ResourceKey[minecraft:root / minecraft:block] are present in data pack: realmrpg_skeletons:crimson_skeletons_can_generate_on, realmrpg_skeletons:deep_underground_chamber_can_generate_on, realmrpg_skeletons:dripstone_skeletons_can_generate_on, realmrpg_skeletons:lava_skeletons_can_generate_on, realmrpg_skeletons:monument_skeletons_can_generate_on, realmrpg_skeletons:sand_skeletons_can_generate_on, realmrpg_skeletons:skeletons_cannot_generate_on, realmrpg_skeletons:snow_skeletons_can_generate_on, realmrpg_skeletons:snow_skeletons_can_replace, realmrpg_skeletons:surface_skeletons_can_generate_on, realmrpg_skeletons:underground_chamber_can_generate_on, realmrpg_skeletons:warped_skeletons_can_generate_on, realmrpg_skeletons:webbed_skeletons_can_replace
[07Sep2025 02:47:24.809] [main/INFO] [Supplementaries/]: Registering custom dispenser behaviors
[07Sep2025 02:47:24.905] [main/WARN] [ModernFix/]: Initial datapack load took 10.21 s
[07Sep2025 02:47:25.171] [Server thread/INFO] [net.minecraft.server.dedicated.DedicatedServer/]: Starting minecraft server version 1.21.1
[07Sep2025 02:47:25.174] [Server thread/INFO] [net.minecraft.server.dedicated.DedicatedServer/]: Loading properties
[07Sep2025 02:47:25.174] [Server thread/INFO] [net.minecraft.server.dedicated.DedicatedServer/]: Default game type: SURVIVAL
[07Sep2025 02:47:25.174] [Server thread/INFO] [net.minecraft.server.MinecraftServer/]: Generating keypair
[07Sep2025 02:47:25.392] [Server thread/INFO] [net.minecraft.server.dedicated.DedicatedServer/]: Starting Minecraft server on *:25565
[07Sep2025 02:47:25.434] [Server thread/INFO] [net.minecraft.server.network.ServerConnectionListener/]: Using epoll channel type
[07Sep2025 02:47:25.463] [Server thread/WARN] [net.minecraft.server.dedicated.DedicatedServer/]: **** SERVER IS RUNNING IN OFFLINE/INSECURE MODE!
[07Sep2025 02:47:25.463] [Server thread/WARN] [net.minecraft.server.dedicated.DedicatedServer/]: The server will make no attempt to authenticate usernames. Beware.
[07Sep2025 02:47:25.463] [Server thread/WARN] [net.minecraft.server.dedicated.DedicatedServer/]: While this makes the game possible to play without internet access, it also opens up the ability for hackers to connect with any username they choose.
[07Sep2025 02:47:25.463] [Server thread/WARN] [net.minecraft.server.dedicated.DedicatedServer/]: To change this, set "online-mode" to "true" in the server.properties file.
[07Sep2025 02:47:25.478] [Server thread/INFO] [Puzzles Lib/]: Dispatching loading event for config easyanvils-server.toml
[07Sep2025 02:47:25.481] [Server thread/INFO] [Puzzles Lib/]: Dispatching loading event for config leavesbegone-server.toml
[07Sep2025 02:47:25.483] [Server thread/INFO] [Puzzles Lib/]: Dispatching loading event for config mutantmonsters-server.toml
[07Sep2025 02:47:25.497] [Server thread/INFO] [Puzzles Lib/]: Dispatching loading event for config illagerinvasion-server.toml
[07Sep2025 02:47:25.499] [Server thread/INFO] [Puzzles Lib/]: Dispatching loading event for config hangglider-server.toml
[07Sep2025 02:47:25.499] [Server thread/INFO] [Puzzles Lib/]: Dispatching loading event for config easymagic-server.toml
[07Sep2025 02:47:25.561] [Server thread/WARN] [net.neoforged.neoforge.server.ServerLifecycleHooks/]: Detected minecraft:salmon that was registered with WATER_AMBIENT mob category but was added under WATER_CREATURE mob category for luminousworld:auburn_forest biome! Mobs should be added to biomes under the same mob category that the mob was registered as to prevent mob cap spawning issues.
[07Sep2025 02:47:25.625] [Server thread/WARN] [net.neoforged.neoforge.server.ServerLifecycleHooks/]: Detected minecraft:ocelot that was registered with CREATURE mob category but was added under MONSTER mob category for regions_unexplored:eucalyptus_forest biome! Mobs should be added to biomes under the same mob category that the mob was registered as to prevent mob cap spawning issues.
[07Sep2025 02:47:25.694] [Server thread/WARN] [net.neoforged.neoforge.server.ServerLifecycleHooks/]: Detected minecraft:ocelot that was registered with CREATURE mob category but was added under MONSTER mob category for biomesoplenty:rainforest biome! Mobs should be added to biomes under the same mob category that the mob was registered as to prevent mob cap spawning issues.
[07Sep2025 02:47:25.695] [Server thread/WARN] [net.neoforged.neoforge.server.ServerLifecycleHooks/]: Detected minecraft:ocelot that was registered with CREATURE mob category but was added under MONSTER mob category for regions_unexplored:rainforest biome! Mobs should be added to biomes under the same mob category that the mob was registered as to prevent mob cap spawning issues.
[07Sep2025 02:47:25.699] [Server thread/WARN] [net.neoforged.neoforge.server.ServerLifecycleHooks/]: Detected minecraft:ocelot that was registered with CREATURE mob category but was added under MONSTER mob category for biomesoplenty:rocky_rainforest biome! Mobs should be added to biomes under the same mob category that the mob was registered as to prevent mob cap spawning issues.
[07Sep2025 02:47:25.714] [Server thread/WARN] [net.neoforged.neoforge.server.ServerLifecycleHooks/]: Detected minecraft:ocelot that was registered with CREATURE mob category but was added under MONSTER mob category for regions_unexplored:sparse_rainforest biome! Mobs should be added to biomes under the same mob category that the mob was registered as to prevent mob cap spawning issues.
[07Sep2025 02:47:25.724] [Server thread/WARN] [net.neoforged.neoforge.server.ServerLifecycleHooks/]: Detected minecraft:ocelot that was registered with CREATURE mob category but was added under MONSTER mob category for regions_unexplored:tropics biome! Mobs should be added to biomes under the same mob category that the mob was registered as to prevent mob cap spawning issues.
[07Sep2025 02:47:25.749] [Server thread/INFO] [Explorations/]: Config 'explorations.json' was successfully loaded.
[07Sep2025 02:47:25.750] [Server thread/INFO] [Explorations/]: Added statues to vanilla villages
[07Sep2025 02:47:25.763] [Server thread/INFO] [STDOUT/]: [net.bettercombat.logic.WeaponRegistry:loadContainers:91]: Loaded container: too_many_bows:aethers_call
[07Sep2025 02:47:25.764] [Server thread/INFO] [STDOUT/]: [net.bettercombat.logic.WeaponRegistry:loadContainers:91]: Loaded container: irons_spellbooks:amethyst_rapier
[07Sep2025 02:47:25.765] [Server thread/INFO] [STDOUT/]: [net.bettercombat.logic.WeaponRegistry:loadContainers:91]: Loaded container: bettercombat:anchor
[07Sep2025 02:47:25.766] [Server thread/INFO] [STDOUT/]: [net.bettercombat.logic.WeaponRegistry:loadContainers:91]: Loaded container: too_many_bows:ancient_sage_bow
[07Sep2025 02:47:25.767] [Server thread/INFO] [STDOUT/]: [net.bettercombat.logic.WeaponRegistry:loadContainers:91]: Loaded container: too_many_bows:arc_heavens
[07Sep2025 02:47:25.767] [Server thread/INFO] [STDOUT/]: [net.bettercombat.logic.WeaponRegistry:loadContainers:91]: Loaded container: too_many_bows:arcane_bow
[07Sep2025 02:47:25.768] [Server thread/INFO] [STDOUT/]: [net.bettercombat.logic.WeaponRegistry:loadContainers:91]: Loaded container: simplyswords:arcanethyst
[07Sep2025 02:47:25.768] [Server thread/INFO] [STDOUT/]: [net.bettercombat.logic.WeaponRegistry:loadContainers:91]: Loaded container: irons_spellbooks:artificer_cane
[07Sep2025 02:47:25.769] [Server thread/INFO] [STDOUT/]: [net.bettercombat.logic.WeaponRegistry:loadContainers:91]: Loaded container: too_many_bows:astral_bound
[07Sep2025 02:47:25.769] [Server thread/INFO] [STDOUT/]: [net.bettercombat.logic.WeaponRegistry:loadContainers:91]: Loaded container: too_many_bows:auroras_grace
[07Sep2025 02:47:25.771] [Server thread/INFO] [STDOUT/]: [net.bettercombat.logic.WeaponRegistry:loadContainers:91]: Loaded container: simplyswords:awakened_lichblade
[07Sep2025 02:47:25.771] [Server thread/INFO] [STDOUT/]: [net.bettercombat.logic.WeaponRegistry:loadContainers:91]: Loaded container: bettercombat:axe
[07Sep2025 02:47:25.773] [Server thread/INFO] [STDOUT/]: [net.bettercombat.logic.WeaponRegistry:loadContainers:91]: Loaded container: bettercombat:battlestaff
[07Sep2025 02:47:25.773] [Server thread/INFO] [STDOUT/]: [net.bettercombat.logic.WeaponRegistry:loadContainers:91]: Loaded container: born_in_chaos_v1:birch_branches
[07Sep2025 02:47:25.774] [Server thread/INFO] [STDOUT/]: [net.bettercombat.logic.WeaponRegistry:loadContainers:91]: Loaded container: irons_spellbooks:blood_staff
[07Sep2025 02:47:25.777] [Server thread/INFO] [STDOUT/]: [net.bettercombat.logic.WeaponRegistry:loadContainers:91]: Loaded container: hyrule_terrors:bokoblin_arm
[07Sep2025 02:47:25.778] [Server thread/INFO] [STDOUT/]: [net.bettercombat.logic.WeaponRegistry:loadContainers:91]: Loaded container: irons_spellbooks:boreal_blade
[07Sep2025 02:47:25.781] [Server thread/INFO] [STDOUT/]: [net.bettercombat.logic.WeaponRegistry:loadContainers:91]: Loaded container: hyrule_terrors:boulder_breaker
[07Sep2025 02:47:25.785] [Server thread/INFO] [STDOUT/]: [net.bettercombat.logic.WeaponRegistry:loadContainers:91]: Loaded container: bettercombat:bow_two_handed_heavy
[07Sep2025 02:47:25.786] [Server thread/INFO] [STDOUT/]: [net.bettercombat.logic.WeaponRegistry:loadContainers:91]: Loaded container: bettercombat:bow_two_handed_light
[07Sep2025 02:47:25.786] [Server thread/INFO] [STDOUT/]: [net.bettercombat.logic.WeaponRegistry:loadContainers:91]: Loaded container: simplyswords:bramblethorn
[07Sep2025 02:47:25.789] [Server thread/INFO] [STDOUT/]: [net.bettercombat.logic.WeaponRegistry:loadContainers:91]: Loaded container: simplyswords:brimstone_claymore
[07Sep2025 02:47:25.790] [Server thread/INFO] [STDOUT/]: [net.bettercombat.logic.WeaponRegistry:loadContainers:91]: Loaded container: too_many_bows:burnt_relic
[07Sep2025 02:47:25.790] [Server thread/INFO] [STDOUT/]: [net.bettercombat.logic.WeaponRegistry:loadContainers:91]: Loaded container: simplyswords:caelestis
[07Sep2025 02:47:25.794] [Server thread/INFO] [STDOUT/]: [net.bettercombat.logic.WeaponRegistry:loadContainers:91]: Loaded container: bettercombat:claw
[07Sep2025 02:47:25.797] [Server thread/INFO] [STDOUT/]: [net.bettercombat.logic.WeaponRegistry:loadContainers:91]: Loaded container: bettercombat:claymore
[07Sep2025 02:47:25.798] [Server thread/INFO] [STDOUT/]: [net.bettercombat.logic.WeaponRegistry:loadContainers:91]: Loaded container: irons_spellbooks:claymore
[07Sep2025 02:47:25.798] [Server thread/INFO] [STDOUT/]: [net.bettercombat.logic.WeaponRegistry:loadContainers:91]: Loaded container: bettercombat:coral_blade
[07Sep2025 02:47:25.800] [Server thread/INFO] [STDOUT/]: [net.bettercombat.logic.WeaponRegistry:loadContainers:91]: Loaded container: too_many_bows:crimson_nexus
[07Sep2025 02:47:25.801] [Server thread/INFO] [STDOUT/]: [net.bettercombat.logic.WeaponRegistry:loadContainers:91]: Loaded container: bettercombat:crossbow_two_handed_heavy
[07Sep2025 02:47:25.801] [Server thread/INFO] [STDOUT/]: [net.bettercombat.logic.WeaponRegistry:loadContainers:91]: Loaded container: bettercombat:crossbow_two_handed_light
[07Sep2025 02:47:25.802] [Server thread/INFO] [STDOUT/]: [net.bettercombat.logic.WeaponRegistry:loadContainers:91]: Loaded container: bettercombat:cutlass
[07Sep2025 02:47:25.802] [Server thread/INFO] [STDOUT/]: [net.bettercombat.logic.WeaponRegistry:loadContainers:91]: Loaded container: too_many_bows:cyroheart_bow
[07Sep2025 02:47:25.803] [Server thread/INFO] [STDOUT/]: [net.bettercombat.logic.WeaponRegistry:loadContainers:91]: Loaded container: bettercombat:dagger
[07Sep2025 02:47:25.804] [Server thread/INFO] [STDOUT/]: [net.bettercombat.logic.WeaponRegistry:loadContainers:91]: Loaded container: too_many_bows:dark_bow
[07Sep2025 02:47:25.805] [Server thread/INFO] [STDOUT/]: [net.bettercombat.logic.WeaponRegistry:loadContainers:91]: Loaded container: born_in_chaos_v1:dark_ritual_dagger
[07Sep2025 02:47:25.806] [Server thread/INFO] [STDOUT/]: [net.bettercombat.logic.WeaponRegistry:loadContainers:91]: Loaded container: born_in_chaos_v1:darkwarblade
[07Sep2025 02:47:25.806] [Server thread/INFO] [STDOUT/]: [net.bettercombat.logic.WeaponRegistry:loadContainers:91]: Loaded container: simplyswords:decaying_relic
[07Sep2025 02:47:25.807] [Server thread/INFO] [STDOUT/]: [net.bettercombat.logic.WeaponRegistry:loadContainers:91]: Loaded container: irons_spellbooks:decrepit_scythe
[07Sep2025 02:47:25.808] [Server thread/INFO] [STDOUT/]: [net.bettercombat.logic.WeaponRegistry:loadContainers:91]: Loaded container: too_many_bows:demons_grasp
[07Sep2025 02:47:25.809] [Server thread/INFO] [STDOUT/]: [net.bettercombat.logic.WeaponRegistry:loadContainers:91]: Loaded container: simplyswords:diamond_chakram
[07Sep2025 02:47:25.810] [Server thread/INFO] [STDOUT/]: [net.bettercombat.logic.WeaponRegistry:loadContainers:91]: Loaded container: simplyswords:diamond_claymore
[07Sep2025 02:47:25.811] [Server thread/INFO] [STDOUT/]: [net.bettercombat.logic.WeaponRegistry:loadContainers:91]: Loaded container: simplyswords:diamond_cutlass
[07Sep2025 02:47:25.812] [Server thread/INFO] [STDOUT/]: [net.bettercombat.logic.WeaponRegistry:loadContainers:91]: Loaded container: simplyswords:diamond_glaive
[07Sep2025 02:47:25.812] [Server thread/INFO] [STDOUT/]: [net.bettercombat.logic.WeaponRegistry:loadContainers:91]: Loaded container: simplyswords:diamond_greataxe
[07Sep2025 02:47:25.813] [Server thread/INFO] [STDOUT/]: [net.bettercombat.logic.WeaponRegistry:loadContainers:91]: Loaded container: simplyswords:diamond_greathammer
[07Sep2025 02:47:25.814] [Server thread/INFO] [STDOUT/]: [net.bettercombat.logic.WeaponRegistry:loadContainers:91]: Loaded container: simplyswords:diamond_halberd
[07Sep2025 02:47:25.814] [Server thread/INFO] [STDOUT/]: [net.bettercombat.logic.WeaponRegistry:loadContainers:91]: Loaded container: simplyswords:diamond_katana
[07Sep2025 02:47:25.816] [Server thread/INFO] [STDOUT/]: [net.bettercombat.logic.WeaponRegistry:loadContainers:91]: Loaded container: simplyswords:diamond_longsword
[07Sep2025 02:47:25.816] [Server thread/INFO] [STDOUT/]: [net.bettercombat.logic.WeaponRegistry:loadContainers:91]: Loaded container: simplyswords:diamond_rapier
[07Sep2025 02:47:25.817] [Server thread/INFO] [STDOUT/]: [net.bettercombat.logic.WeaponRegistry:loadContainers:91]: Loaded container: simplyswords:diamond_sai
[07Sep2025 02:47:25.819] [Server thread/INFO] [STDOUT/]: [net.bettercombat.logic.WeaponRegistry:loadContainers:91]: Loaded container: simplyswords:diamond_spear
[07Sep2025 02:47:25.820] [Server thread/INFO] [STDOUT/]: [net.bettercombat.logic.WeaponRegistry:loadContainers:91]: Loaded container: minecraft:diamond_sword
[07Sep2025 02:47:25.821] [Server thread/INFO] [STDOUT/]: [net.bettercombat.logic.WeaponRegistry:loadContainers:91]: Loaded container: simplyswords:diamond_twinblade
[07Sep2025 02:47:25.822] [Server thread/INFO] [STDOUT/]: [net.bettercombat.logic.WeaponRegistry:loadContainers:91]: Loaded container: simplyswords:diamond_warglaive
[07Sep2025 02:47:25.823] [Server thread/INFO] [STDOUT/]: [net.bettercombat.logic.WeaponRegistry:loadContainers:91]: Loaded container: simplyswords:dormant_relic
[07Sep2025 02:47:25.823] [Server thread/INFO] [STDOUT/]: [net.bettercombat.logic.WeaponRegistry:loadContainers:91]: Loaded container: bettercombat:double_axe
[07Sep2025 02:47:25.824] [Server thread/INFO] [STDOUT/]: [net.bettercombat.logic.WeaponRegistry:loadContainers:91]: Loaded container: too_many_bows:dragons_breath
[07Sep2025 02:47:25.825] [Server thread/INFO] [STDOUT/]: [net.bettercombat.logic.WeaponRegistry:loadContainers:91]: Loaded container: simplyswords:dreadtide
[07Sep2025 02:47:25.826] [Server thread/INFO] [STDOUT/]: [net.bettercombat.logic.WeaponRegistry:loadContainers:91]: Loaded container: too_many_bows:dusk_reaper
[07Sep2025 02:47:25.827] [Server thread/INFO] [STDOUT/]: [net.bettercombat.logic.WeaponRegistry:loadContainers:91]: Loaded container: simplyswords:electric_claymore
[07Sep2025 02:47:25.827] [Server thread/INFO] [STDOUT/]: [net.bettercombat.logic.WeaponRegistry:loadContainers:91]: Loaded container: simplyswords:emberblade
[07Sep2025 02:47:25.828] [Server thread/INFO] [STDOUT/]: [net.bettercombat.logic.WeaponRegistry:loadContainers:91]: Loaded container: simplyswords:emberlash
[07Sep2025 02:47:25.829] [Server thread/INFO] [STDOUT/]: [net.bettercombat.logic.WeaponRegistry:loadContainers:91]: Loaded container: too_many_bows:emerald_sage_bow
[07Sep2025 02:47:25.829] [Server thread/INFO] [STDOUT/]: [net.bettercombat.logic.WeaponRegistry:loadContainers:91]: Loaded container: simplyswords:enigma
[07Sep2025 02:47:25.830] [Server thread/INFO] [STDOUT/]: [net.bettercombat.logic.WeaponRegistry:loadContainers:91]: Loaded container: too_many_bows:ethereal_hunter
[07Sep2025 02:47:25.831] [Server thread/INFO] [STDOUT/]: [net.bettercombat.logic.WeaponRegistry:loadContainers:91]: Loaded container: irons_spellbooks:firebrand
[07Sep2025 02:47:25.833] [Server thread/INFO] [STDOUT/]: [net.bettercombat.logic.WeaponRegistry:loadContainers:91]: Loaded container: bettercombat:fist
[07Sep2025 02:47:25.834] [Server thread/INFO] [STDOUT/]: [net.bettercombat.logic.WeaponRegistry:loadContainers:91]: Loaded container: too_many_bows:flame_bow
[07Sep2025 02:47:25.835] [Server thread/INFO] [STDOUT/]: [net.bettercombat.logic.WeaponRegistry:loadContainers:91]: Loaded container: simplyswords:flamewind
[07Sep2025 02:47:25.836] [Server thread/INFO] [STDOUT/]: [net.bettercombat.logic.WeaponRegistry:loadContainers:91]: Loaded container: too_many_bows:frostbite
[07Sep2025 02:47:25.836] [Server thread/INFO] [STDOUT/]: [net.bettercombat.logic.WeaponRegistry:loadContainers:91]: Loaded container: born_in_chaos_v1:frostbitten_blade
[07Sep2025 02:47:25.837] [Server thread/INFO] [STDOUT/]: [net.bettercombat.logic.WeaponRegistry:loadContainers:91]: Loaded container: simplyswords:frostfall
[07Sep2025 02:47:25.838] [Server thread/INFO] [STDOUT/]: [net.bettercombat.logic.WeaponRegistry:loadContainers:91]: Loaded container: bettercombat:glaive
[07Sep2025 02:47:25.839] [Server thread/INFO] [STDOUT/]: [net.bettercombat.logic.WeaponRegistry:loadContainers:91]: Loaded container: simplyswords:gobber_compat/gobber/gobber_chakram
[07Sep2025 02:47:25.840] [Server thread/INFO] [STDOUT/]: [net.bettercombat.logic.WeaponRegistry:loadContainers:91]: Loaded container: simplyswords:gobber_compat/gobber/gobber_claymore
[07Sep2025 02:47:25.841] [Server thread/INFO] [STDOUT/]: [net.bettercombat.logic.WeaponRegistry:loadContainers:91]: Loaded container: simplyswords:gobber_compat/gobber/gobber_cutlass
[07Sep2025 02:47:25.843] [Server thread/INFO] [STDOUT/]: [net.bettercombat.logic.WeaponRegistry:loadContainers:91]: Loaded container: simplyswords:gobber_compat/gobber/gobber_glaive
[07Sep2025 02:47:25.843] [Server thread/INFO] [STDOUT/]: [net.bettercombat.logic.WeaponRegistry:loadContainers:91]: Loaded container: simplyswords:gobber_compat/gobber/gobber_greataxe
[07Sep2025 02:47:25.845] [Server thread/INFO] [STDOUT/]: [net.bettercombat.logic.WeaponRegistry:loadContainers:91]: Loaded container: simplyswords:gobber_compat/gobber/gobber_greathammer
[07Sep2025 02:47:25.846] [Server thread/INFO] [STDOUT/]: [net.bettercombat.logic.WeaponRegistry:loadContainers:91]: Loaded container: simplyswords:gobber_compat/gobber/gobber_halberd
[07Sep2025 02:47:25.847] [Server thread/INFO] [STDOUT/]: [net.bettercombat.logic.WeaponRegistry:loadContainers:91]: Loaded container: simplyswords:gobber_compat/gobber/gobber_katana
[07Sep2025 02:47:25.848] [Server thread/INFO] [STDOUT/]: [net.bettercombat.logic.WeaponRegistry:loadContainers:91]: Loaded container: simplyswords:gobber_compat/gobber/gobber_longsword
[07Sep2025 02:47:25.849] [Server thread/INFO] [STDOUT/]: [net.bettercombat.logic.WeaponRegistry:loadContainers:91]: Loaded container: simplyswords:gobber_compat/gobber/gobber_rapier
[07Sep2025 02:47:25.850] [Server thread/INFO] [STDOUT/]: [net.bettercombat.logic.WeaponRegistry:loadContainers:91]: Loaded container: simplyswords:gobber_compat/gobber/gobber_sai
[07Sep2025 02:47:25.851] [Server thread/INFO] [STDOUT/]: [net.bettercombat.logic.WeaponRegistry:loadContainers:91]: Loaded container: simplyswords:gobber_compat/gobber/gobber_spear
[07Sep2025 02:47:25.851] [Server thread/INFO] [STDOUT/]: [net.bettercombat.logic.WeaponRegistry:loadContainers:91]: Loaded container: simplyswords:gobber_compat/gobber/gobber_twinblade
[07Sep2025 02:47:25.852] [Server thread/INFO] [STDOUT/]: [net.bettercombat.logic.WeaponRegistry:loadContainers:91]: Loaded container: simplyswords:gobber_compat/gobber/gobber_warglaive
[07Sep2025 02:47:25.853] [Server thread/INFO] [STDOUT/]: [net.bettercombat.logic.WeaponRegistry:loadContainers:91]: Loaded container: simplyswords:gobber_compat/gobber_end/gobber_end_chakram
[07Sep2025 02:47:25.854] [Server thread/INFO] [STDOUT/]: [net.bettercombat.logic.WeaponRegistry:loadContainers:91]: Loaded container: simplyswords:gobber_compat/gobber_end/gobber_end_claymore
[07Sep2025 02:47:25.855] [Server thread/INFO] [STDOUT/]: [net.bettercombat.logic.WeaponRegistry:loadContainers:91]: Loaded container: simplyswords:gobber_compat/gobber_end/gobber_end_cutlass
[07Sep2025 02:47:25.855] [Server thread/INFO] [STDOUT/]: [net.bettercombat.logic.WeaponRegistry:loadContainers:91]: Loaded container: simplyswords:gobber_compat/gobber_end/gobber_end_glaive
[07Sep2025 02:47:25.856] [Server thread/INFO] [STDOUT/]: [net.bettercombat.logic.WeaponRegistry:loadContainers:91]: Loaded container: simplyswords:gobber_compat/gobber_end/gobber_end_greataxe
[07Sep2025 02:47:25.857] [Server thread/INFO] [STDOUT/]: [net.bettercombat.logic.WeaponRegistry:loadContainers:91]: Loaded container: simplyswords:gobber_compat/gobber_end/gobber_end_greathammer
[07Sep2025 02:47:25.857] [Server thread/INFO] [STDOUT/]: [net.bettercombat.logic.WeaponRegistry:loadContainers:91]: Loaded container: simplyswords:gobber_compat/gobber_end/gobber_end_halberd
[07Sep2025 02:47:25.858] [Server thread/INFO] [STDOUT/]: [net.bettercombat.logic.WeaponRegistry:loadContainers:91]: Loaded container: simplyswords:gobber_compat/gobber_end/gobber_end_katana
[07Sep2025 02:47:25.859] [Server thread/INFO] [STDOUT/]: [net.bettercombat.logic.WeaponRegistry:loadContainers:91]: Loaded container: simplyswords:gobber_compat/gobber_end/gobber_end_longsword
[07Sep2025 02:47:25.860] [Server thread/INFO] [STDOUT/]: [net.bettercombat.logic.WeaponRegistry:loadContainers:91]: Loaded container: simplyswords:gobber_compat/gobber_end/gobber_end_rapier
[07Sep2025 02:47:25.860] [Server thread/INFO] [STDOUT/]: [net.bettercombat.logic.WeaponRegistry:loadContainers:91]: Loaded container: simplyswords:gobber_compat/gobber_end/gobber_end_sai
[07Sep2025 02:47:25.861] [Server thread/INFO] [STDOUT/]: [net.bettercombat.logic.WeaponRegistry:loadContainers:91]: Loaded container: simplyswords:gobber_compat/gobber_end/gobber_end_spear
[07Sep2025 02:47:25.861] [Server thread/INFO] [STDOUT/]: [net.bettercombat.logic.WeaponRegistry:loadContainers:91]: Loaded container: simplyswords:gobber_compat/gobber_end/gobber_end_twinblade
[07Sep2025 02:47:25.862] [Server thread/INFO] [STDOUT/]: [net.bettercombat.logic.WeaponRegistry:loadContainers:91]: Loaded container: simplyswords:gobber_compat/gobber_end/gobber_end_warglaive
[07Sep2025 02:47:25.863] [Server thread/INFO] [STDOUT/]: [net.bettercombat.logic.WeaponRegistry:loadContainers:91]: Loaded container: simplyswords:gobber_compat/gobber_nether/gobber_nether_chakram
[07Sep2025 02:47:25.864] [Server thread/INFO] [STDOUT/]: [net.bettercombat.logic.WeaponRegistry:loadContainers:91]: Loaded container: simplyswords:gobber_compat/gobber_nether/gobber_nether_claymore
[07Sep2025 02:47:25.864] [Server thread/INFO] [STDOUT/]: [net.bettercombat.logic.WeaponRegistry:loadContainers:91]: Loaded container: simplyswords:gobber_compat/gobber_nether/gobber_nether_cutlass
[07Sep2025 02:47:25.865] [Server thread/INFO] [STDOUT/]: [net.bettercombat.logic.WeaponRegistry:loadContainers:91]: Loaded container: simplyswords:gobber_compat/gobber_nether/gobber_nether_glaive
[07Sep2025 02:47:25.866] [Server thread/INFO] [STDOUT/]: [net.bettercombat.logic.WeaponRegistry:loadContainers:91]: Loaded container: simplyswords:gobber_compat/gobber_nether/gobber_nether_greataxe
[07Sep2025 02:47:25.867] [Server thread/INFO] [STDOUT/]: [net.bettercombat.logic.WeaponRegistry:loadContainers:91]: Loaded container: simplyswords:gobber_compat/gobber_nether/gobber_nether_greathammer
[07Sep2025 02:47:25.867] [Server thread/INFO] [STDOUT/]: [net.bettercombat.logic.WeaponRegistry:loadContainers:91]: Loaded container: simplyswords:gobber_compat/gobber_nether/gobber_nether_halberd
[07Sep2025 02:47:25.868] [Server thread/INFO] [STDOUT/]: [net.bettercombat.logic.WeaponRegistry:loadContainers:91]: Loaded container: simplyswords:gobber_compat/gobber_nether/gobber_nether_katana
[07Sep2025 02:47:25.868] [Server thread/INFO] [STDOUT/]: [net.bettercombat.logic.WeaponRegistry:loadContainers:91]: Loaded container: simplyswords:gobber_compat/gobber_nether/gobber_nether_longsword
[07Sep2025 02:47:25.870] [Server thread/INFO] [STDOUT/]: [net.bettercombat.logic.WeaponRegistry:loadContainers:91]: Loaded container: simplyswords:gobber_compat/gobber_nether/gobber_nether_rapier
[07Sep2025 02:47:25.870] [Server thread/INFO] [STDOUT/]: [net.bettercombat.logic.WeaponRegistry:loadContainers:91]: Loaded container: simplyswords:gobber_compat/gobber_nether/gobber_nether_sai
[07Sep2025 02:47:25.871] [Server thread/INFO] [STDOUT/]: [net.bettercombat.logic.WeaponRegistry:loadContainers:91]: Loaded container: simplyswords:gobber_compat/gobber_nether/gobber_nether_spear
[07Sep2025 02:47:25.872] [Server thread/INFO] [STDOUT/]: [net.bettercombat.logic.WeaponRegistry:loadContainers:91]: Loaded container: simplyswords:gobber_compat/gobber_nether/gobber_nether_twinblade
[07Sep2025 02:47:25.872] [Server thread/INFO] [STDOUT/]: [net.bettercombat.logic.WeaponRegistry:loadContainers:91]: Loaded container: simplyswords:gobber_compat/gobber_nether/gobber_nether_warglaive
[07Sep2025 02:47:25.874] [Server thread/INFO] [STDOUT/]: [net.bettercombat.logic.WeaponRegistry:loadContainers:91]: Loaded container: simplyswords:gold_chakram
[07Sep2025 02:47:25.875] [Server thread/INFO] [STDOUT/]: [net.bettercombat.logic.WeaponRegistry:loadContainers:91]: Loaded container: simplyswords:gold_claymore
[07Sep2025 02:47:25.877] [Server thread/INFO] [STDOUT/]: [net.bettercombat.logic.WeaponRegistry:loadContainers:91]: Loaded container: simplyswords:gold_cutlass
[07Sep2025 02:47:25.878] [Server thread/INFO] [STDOUT/]: [net.bettercombat.logic.WeaponRegistry:loadContainers:91]: Loaded container: simplyswords:gold_glaive
[07Sep2025 02:47:25.879] [Server thread/INFO] [STDOUT/]: [net.bettercombat.logic.WeaponRegistry:loadContainers:91]: Loaded container: simplyswords:gold_greataxe
[07Sep2025 02:47:25.880] [Server thread/INFO] [STDOUT/]: [net.bettercombat.logic.WeaponRegistry:loadContainers:91]: Loaded container: simplyswords:gold_greathammer
[07Sep2025 02:47:25.880] [Server thread/INFO] [STDOUT/]: [net.bettercombat.logic.WeaponRegistry:loadContainers:91]: Loaded container: simplyswords:gold_halberd
[07Sep2025 02:47:25.881] [Server thread/INFO] [STDOUT/]: [net.bettercombat.logic.WeaponRegistry:loadContainers:91]: Loaded container: simplyswords:gold_katana
[07Sep2025 02:47:25.881] [Server thread/INFO] [STDOUT/]: [net.bettercombat.logic.WeaponRegistry:loadContainers:91]: Loaded container: simplyswords:gold_longsword
[07Sep2025 02:47:25.882] [Server thread/INFO] [STDOUT/]: [net.bettercombat.logic.WeaponRegistry:loadContainers:91]: Loaded container: simplyswords:gold_rapier
[07Sep2025 02:47:25.882] [Server thread/INFO] [STDOUT/]: [net.bettercombat.logic.WeaponRegistry:loadContainers:91]: Loaded container: simplyswords:gold_sai
[07Sep2025 02:47:25.885] [Server thread/INFO] [STDOUT/]: [net.bettercombat.logic.WeaponRegistry:loadContainers:91]: Loaded container: simplyswords:gold_spear
[07Sep2025 02:47:25.886] [Server thread/INFO] [STDOUT/]: [net.bettercombat.logic.WeaponRegistry:loadContainers:91]: Loaded container: simplyswords:gold_twinblade
[07Sep2025 02:47:25.886] [Server thread/INFO] [STDOUT/]: [net.bettercombat.logic.WeaponRegistry:loadContainers:91]: Loaded container: simplyswords:gold_warglaive
[07Sep2025 02:47:25.887] [Server thread/INFO] [STDOUT/]: [net.bettercombat.logic.WeaponRegistry:loadContainers:91]: Loaded container: minecraft:golden_sword
[07Sep2025 02:47:25.888] [Server thread/INFO] [STDOUT/]: [net.bettercombat.logic.WeaponRegistry:loadContainers:91]: Loaded container: irons_spellbooks:graybeard_staff
[07Sep2025 02:47:25.888] [Server thread/INFO] [STDOUT/]: [net.bettercombat.logic.WeaponRegistry:loadContainers:91]: Loaded container: born_in_chaos_v1:great_reaper_axe
[07Sep2025 02:47:25.891] [Server thread/INFO] [STDOUT/]: [net.bettercombat.logic.WeaponRegistry:loadContainers:91]: Loaded container: bettercombat:halberd
[07Sep2025 02:47:25.891] [Server thread/INFO] [STDOUT/]: [net.bettercombat.logic.WeaponRegistry:loadContainers:91]: Loaded container: bettercombat:hammer
[07Sep2025 02:47:25.892] [Server thread/INFO] [STDOUT/]: [net.bettercombat.logic.WeaponRegistry:loadContainers:91]: Loaded container: simplyswords:harbinger
[07Sep2025 02:47:25.893] [Server thread/INFO] [STDOUT/]: [net.bettercombat.logic.WeaponRegistry:loadContainers:91]: Loaded container: simplyswords:hearthflame
[07Sep2025 02:47:25.897] [Server thread/INFO] [STDOUT/]: [net.bettercombat.logic.WeaponRegistry:loadContainers:91]: Loaded container: bettercombat:heavy_axe
[07Sep2025 02:47:25.897] [Server thread/INFO] [STDOUT/]: [net.bettercombat.logic.WeaponRegistry:loadContainers:91]: Loaded container: irons_spellbooks:hellrazor
[07Sep2025 02:47:25.898] [Server thread/INFO] [STDOUT/]: [net.bettercombat.logic.WeaponRegistry:loadContainers:91]: Loaded container: simplyswords:hiveheart
[07Sep2025 02:47:25.898] [Server thread/INFO] [STDOUT/]: [net.bettercombat.logic.WeaponRegistry:loadContainers:91]: Loaded container: too_many_bows:hunter_bow
[07Sep2025 02:47:25.899] [Server thread/INFO] [STDOUT/]: [net.bettercombat.logic.WeaponRegistry:loadContainers:91]: Loaded container: irons_spellbooks:ice_staff
[07Sep2025 02:47:25.900] [Server thread/INFO] [STDOUT/]: [net.bettercombat.logic.WeaponRegistry:loadContainers:91]: Loaded container: simplyswords:icewhisper
[07Sep2025 02:47:25.901] [Server thread/INFO] [STDOUT/]: [net.bettercombat.logic.WeaponRegistry:loadContainers:91]: Loaded container: born_in_chaos_v1:icy_sweetness
[07Sep2025 02:47:25.902] [Server thread/INFO] [STDOUT/]: [net.bettercombat.logic.WeaponRegistry:loadContainers:91]: Loaded container: born_in_chaos_v1:intoxicating_dagger
[07Sep2025 02:47:25.902] [Server thread/INFO] [STDOUT/]: [net.bettercombat.logic.WeaponRegistry:loadContainers:91]: Loaded container: simplyswords:iron_chakram
[07Sep2025 02:47:25.903] [Server thread/INFO] [STDOUT/]: [net.bettercombat.logic.WeaponRegistry:loadContainers:91]: Loaded container: simplyswords:iron_claymore
[07Sep2025 02:47:25.906] [Server thread/INFO] [STDOUT/]: [net.bettercombat.logic.WeaponRegistry:loadContainers:91]: Loaded container: simplyswords:iron_cutlass
[07Sep2025 02:47:25.909] [Server thread/INFO] [STDOUT/]: [net.bettercombat.logic.WeaponRegistry:loadContainers:91]: Loaded container: simplyswords:iron_glaive
[07Sep2025 02:47:25.910] [Server thread/INFO] [STDOUT/]: [net.bettercombat.logic.WeaponRegistry:loadContainers:91]: Loaded container: simplyswords:iron_greataxe
[07Sep2025 02:47:25.910] [Server thread/INFO] [STDOUT/]: [net.bettercombat.logic.WeaponRegistry:loadContainers:91]: Loaded container: simplyswords:iron_greathammer
[07Sep2025 02:47:25.910] [Server thread/INFO] [STDOUT/]: [net.bettercombat.logic.WeaponRegistry:loadContainers:91]: Loaded container: simplyswords:iron_halberd
[07Sep2025 02:47:25.911] [Server thread/INFO] [STDOUT/]: [net.bettercombat.logic.WeaponRegistry:loadContainers:91]: Loaded container: simplyswords:iron_katana
[07Sep2025 02:47:25.911] [Server thread/INFO] [STDOUT/]: [net.bettercombat.logic.WeaponRegistry:loadContainers:91]: Loaded container: simplyswords:iron_longsword
[07Sep2025 02:47:25.912] [Server thread/INFO] [STDOUT/]: [net.bettercombat.logic.WeaponRegistry:loadContainers:91]: Loaded container: simplyswords:iron_rapier
[07Sep2025 02:47:25.912] [Server thread/INFO] [STDOUT/]: [net.bettercombat.logic.WeaponRegistry:loadContainers:91]: Loaded container: simplyswords:iron_sai
[07Sep2025 02:47:25.912] [Server thread/INFO] [STDOUT/]: [net.bettercombat.logic.WeaponRegistry:loadContainers:91]: Loaded container: simplyswords:iron_spear
[07Sep2025 02:47:25.913] [Server thread/INFO] [STDOUT/]: [net.bettercombat.logic.WeaponRegistry:loadContainers:91]: Loaded container: minecraft:iron_sword
[07Sep2025 02:47:25.914] [Server thread/INFO] [STDOUT/]: [net.bettercombat.logic.WeaponRegistry:loadContainers:91]: Loaded container: simplyswords:iron_twinblade
[07Sep2025 02:47:25.915] [Server thread/INFO] [STDOUT/]: [net.bettercombat.logic.WeaponRegistry:loadContainers:91]: Loaded container: simplyswords:iron_warglaive
[07Sep2025 02:47:25.915] [Server thread/INFO] [STDOUT/]: [net.bettercombat.logic.WeaponRegistry:loadContainers:91]: Loaded container: too_many_bows:ironclad_bow
[07Sep2025 02:47:25.916] [Server thread/INFO] [STDOUT/]: [net.bettercombat.logic.WeaponRegistry:loadContainers:91]: Loaded container: samurai_dynasty:kabutowari
[07Sep2025 02:47:25.916] [Server thread/INFO] [STDOUT/]: [net.bettercombat.logic.WeaponRegistry:loadContainers:91]: Loaded container: samurai_dynasty:kabutowari_netherite
[07Sep2025 02:47:25.917] [Server thread/INFO] [STDOUT/]: [net.bettercombat.logic.WeaponRegistry:loadContainers:91]: Loaded container: samurai_dynasty:kama
[07Sep2025 02:47:25.917] [Server thread/INFO] [STDOUT/]: [net.bettercombat.logic.WeaponRegistry:loadContainers:91]: Loaded container: samurai_dynasty:kama_netherite
[07Sep2025 02:47:25.918] [Server thread/INFO] [STDOUT/]: [net.bettercombat.logic.WeaponRegistry:loadContainers:91]: Loaded container: samurai_dynasty:kamayari
[07Sep2025 02:47:25.918] [Server thread/INFO] [STDOUT/]: [net.bettercombat.logic.WeaponRegistry:loadContainers:91]: Loaded container: samurai_dynasty:kamayari_netherite
[07Sep2025 02:47:25.919] [Server thread/INFO] [STDOUT/]: [net.bettercombat.logic.WeaponRegistry:loadContainers:91]: Loaded container: bettercombat:katana
[07Sep2025 02:47:25.920] [Server thread/INFO] [STDOUT/]: [net.bettercombat.logic.WeaponRegistry:loadContainers:91]: Loaded container: irons_spellbooks:keeper_flamberge
[07Sep2025 02:47:25.920] [Server thread/INFO] [STDOUT/]: [net.bettercombat.logic.WeaponRegistry:loadContainers:91]: Loaded container: hyrule_terrors:knights_claymore
[07Sep2025 02:47:25.921] [Server thread/INFO] [STDOUT/]: [net.bettercombat.logic.WeaponRegistry:loadContainers:91]: Loaded container: samurai_dynasty:kunai
[07Sep2025 02:47:25.921] [Server thread/INFO] [STDOUT/]: [net.bettercombat.logic.WeaponRegistry:loadContainers:91]: Loaded container: samurai_dynasty:kunai_netherite
[07Sep2025 02:47:25.922] [Server thread/INFO] [STDOUT/]: [net.bettercombat.logic.WeaponRegistry:loadContainers:91]: Loaded container: bettercombat:lance
[07Sep2025 02:47:25.922] [Server thread/INFO] [STDOUT/]: [net.bettercombat.logic.WeaponRegistry:loadContainers:91]: Loaded container: irons_spellbooks:legionnaire_flamberge
[07Sep2025 02:47:25.923] [Server thread/INFO] [STDOUT/]: [net.bettercombat.logic.WeaponRegistry:loadContainers:91]: Loaded container: irons_spellbooks:lightning_rod
[07Sep2025 02:47:25.924] [Server thread/INFO] [STDOUT/]: [net.bettercombat.logic.WeaponRegistry:loadContainers:91]: Loaded container: simplyswords:livyatan
[07Sep2025 02:47:25.924] [Server thread/INFO] [STDOUT/]: [net.bettercombat.logic.WeaponRegistry:loadContainers:91]: Loaded container: hyrule_terrors:lizalfos_horn_dagger
[07Sep2025 02:47:25.925] [Server thread/INFO] [STDOUT/]: [net.bettercombat.logic.WeaponRegistry:loadContainers:91]: Loaded container: bettercombat:mace
[07Sep2025 02:47:25.925] [Server thread/INFO] [STDOUT/]: [net.bettercombat.logic.WeaponRegistry:loadContainers:91]: Loaded container: minecraft:mace
[07Sep2025 02:47:25.926] [Server thread/INFO] [STDOUT/]: [net.bettercombat.logic.WeaponRegistry:loadContainers:91]: Loaded container: irons_spellbooks:magehunter
[07Sep2025 02:47:25.927] [Server thread/INFO] [STDOUT/]: [net.bettercombat.logic.WeaponRegistry:loadContainers:91]: Loaded container: simplyswords:magiblade
[07Sep2025 02:47:25.927] [Server thread/INFO] [STDOUT/]: [net.bettercombat.logic.WeaponRegistry:loadContainers:91]: Loaded container: simplyswords:magic_estoc
[07Sep2025 02:47:25.928] [Server thread/INFO] [STDOUT/]: [net.bettercombat.logic.WeaponRegistry:loadContainers:91]: Loaded container: simplyswords:magiscythe
[07Sep2025 02:47:25.928] [Server thread/INFO] [STDOUT/]: [net.bettercombat.logic.WeaponRegistry:loadContainers:91]: Loaded container: simplyswords:magispear
[07Sep2025 02:47:25.929] [Server thread/INFO] [STDOUT/]: [net.bettercombat.logic.WeaponRegistry:loadContainers:91]: Loaded container: samurai_dynasty:masakari
[07Sep2025 02:47:25.929] [Server thread/INFO] [STDOUT/]: [net.bettercombat.logic.WeaponRegistry:loadContainers:91]: Loaded container: samurai_dynasty:masakari_netherite
[07Sep2025 02:47:25.929] [Server thread/INFO] [STDOUT/]: [net.bettercombat.logic.WeaponRegistry:loadContainers:91]: Loaded container: irons_spellbooks:misery
[07Sep2025 02:47:25.930] [Server thread/INFO] [STDOUT/]: [net.bettercombat.logic.WeaponRegistry:loadContainers:91]: Loaded container: simplyswords:mjolnir
[07Sep2025 02:47:25.930] [Server thread/INFO] [STDOUT/]: [net.bettercombat.logic.WeaponRegistry:loadContainers:91]: Loaded container: simplyswords:molten_edge
[07Sep2025 02:47:25.931] [Server thread/INFO] [STDOUT/]: [net.bettercombat.logic.WeaponRegistry:loadContainers:91]: Loaded container: born_in_chaos_v1:monster_flesh
[07Sep2025 02:47:25.934] [Server thread/INFO] [STDOUT/]: [net.bettercombat.logic.WeaponRegistry:loadContainers:91]: Loaded container: simplyswords:mythicmetals_compat/adamantite/adamantite_chakram
[07Sep2025 02:47:25.935] [Server thread/INFO] [STDOUT/]: [net.bettercombat.logic.WeaponRegistry:loadContainers:91]: Loaded container: simplyswords:mythicmetals_compat/adamantite/adamantite_claymore
[07Sep2025 02:47:25.935] [Server thread/INFO] [STDOUT/]: [net.bettercombat.logic.WeaponRegistry:loadContainers:91]: Loaded container: simplyswords:mythicmetals_compat/adamantite/adamantite_cutlass
[07Sep2025 02:47:25.935] [Server thread/INFO] [STDOUT/]: [net.bettercombat.logic.WeaponRegistry:loadContainers:91]: Loaded container: simplyswords:mythicmetals_compat/adamantite/adamantite_glaive
[07Sep2025 02:47:25.936] [Server thread/INFO] [STDOUT/]: [net.bettercombat.logic.WeaponRegistry:loadContainers:91]: Loaded container: simplyswords:mythicmetals_compat/adamantite/adamantite_greataxe
[07Sep2025 02:47:25.936] [Server thread/INFO] [STDOUT/]: [net.bettercombat.logic.WeaponRegistry:loadContainers:91]: Loaded container: simplyswords:mythicmetals_compat/adamantite/adamantite_greathammer
[07Sep2025 02:47:25.937] [Server thread/INFO] [STDOUT/]: [net.bettercombat.logic.WeaponRegistry:loadContainers:91]: Loaded container: simplyswords:mythicmetals_compat/adamantite/adamantite_halberd
[07Sep2025 02:47:25.937] [Server thread/INFO] [STDOUT/]: [net.bettercombat.logic.WeaponRegistry:loadContainers:91]: Loaded container: simplyswords:mythicmetals_compat/adamantite/adamantite_katana
[07Sep2025 02:47:25.937] [Server thread/INFO] [STDOUT/]: [net.bettercombat.logic.WeaponRegistry:loadContainers:91]: Loaded container: simplyswords:mythicmetals_compat/adamantite/adamantite_longsword
[07Sep2025 02:47:25.938] [Server thread/INFO] [STDOUT/]: [net.bettercombat.logic.WeaponRegistry:loadContainers:91]: Loaded container: simplyswords:mythicmetals_compat/adamantite/adamantite_rapier
[07Sep2025 02:47:25.938] [Server thread/INFO] [STDOUT/]: [net.bettercombat.logic.WeaponRegistry:loadContainers:91]: Loaded container: simplyswords:mythicmetals_compat/adamantite/adamantite_sai
[07Sep2025 02:47:25.938] [Server thread/INFO] [STDOUT/]: [net.bettercombat.logic.WeaponRegistry:loadContainers:91]: Loaded container: simplyswords:mythicmetals_compat/adamantite/adamantite_spear
[07Sep2025 02:47:25.939] [Server thread/INFO] [STDOUT/]: [net.bettercombat.logic.WeaponRegistry:loadContainers:91]: Loaded container: simplyswords:mythicmetals_compat/adamantite/adamantite_twinblade
[07Sep2025 02:47:25.939] [Server thread/INFO] [STDOUT/]: [net.bettercombat.logic.WeaponRegistry:loadContainers:91]: Loaded container: simplyswords:mythicmetals_compat/adamantite/adamantite_warglaive
[07Sep2025 02:47:25.940] [Server thread/INFO] [STDOUT/]: [net.bettercombat.logic.WeaponRegistry:loadContainers:91]: Loaded container: simplyswords:mythicmetals_compat/aquarium/aquarium_chakram
[07Sep2025 02:47:25.940] [Server thread/INFO] [STDOUT/]: [net.bettercombat.logic.WeaponRegistry:loadContainers:91]: Loaded container: simplyswords:mythicmetals_compat/aquarium/aquarium_claymore
[07Sep2025 02:47:25.941] [Server thread/INFO] [STDOUT/]: [net.bettercombat.logic.WeaponRegistry:loadContainers:91]: Loaded container: simplyswords:mythicmetals_compat/aquarium/aquarium_cutlass
[07Sep2025 02:47:25.941] [Server thread/INFO] [STDOUT/]: [net.bettercombat.logic.WeaponRegistry:loadContainers:91]: Loaded container: simplyswords:mythicmetals_compat/aquarium/aquarium_glaive
[07Sep2025 02:47:25.942] [Server thread/INFO] [STDOUT/]: [net.bettercombat.logic.WeaponRegistry:loadContainers:91]: Loaded container: simplyswords:mythicmetals_compat/aquarium/aquarium_greataxe
[07Sep2025 02:47:25.942] [Server thread/INFO] [STDOUT/]: [net.bettercombat.logic.WeaponRegistry:loadContainers:91]: Loaded container: simplyswords:mythicmetals_compat/aquarium/aquarium_greathammer
[07Sep2025 02:47:25.942] [Server thread/INFO] [STDOUT/]: [net.bettercombat.logic.WeaponRegistry:loadContainers:91]: Loaded container: simplyswords:mythicmetals_compat/aquarium/aquarium_halberd
[07Sep2025 02:47:25.943] [Server thread/INFO] [STDOUT/]: [net.bettercombat.logic.WeaponRegistry:loadContainers:91]: Loaded container: simplyswords:mythicmetals_compat/aquarium/aquarium_katana
[07Sep2025 02:47:25.943] [Server thread/INFO] [STDOUT/]: [net.bettercombat.logic.WeaponRegistry:loadContainers:91]: Loaded container: simplyswords:mythicmetals_compat/aquarium/aquarium_longsword
[07Sep2025 02:47:25.944] [Server thread/INFO] [STDOUT/]: [net.bettercombat.logic.WeaponRegistry:loadContainers:91]: Loaded container: simplyswords:mythicmetals_compat/aquarium/aquarium_rapier
[07Sep2025 02:47:25.944] [Server thread/INFO] [STDOUT/]: [net.bettercombat.logic.WeaponRegistry:loadContainers:91]: Loaded container: simplyswords:mythicmetals_compat/aquarium/aquarium_sai
[07Sep2025 02:47:25.944] [Server thread/INFO] [STDOUT/]: [net.bettercombat.logic.WeaponRegistry:loadContainers:91]: Loaded container: simplyswords:mythicmetals_compat/aquarium/aquarium_spear
[07Sep2025 02:47:25.945] [Server thread/INFO] [STDOUT/]: [net.bettercombat.logic.WeaponRegistry:loadContainers:91]: Loaded container: simplyswords:mythicmetals_compat/aquarium/aquarium_twinblade
[07Sep2025 02:47:25.945] [Server thread/INFO] [STDOUT/]: [net.bettercombat.logic.WeaponRegistry:loadContainers:91]: Loaded container: simplyswords:mythicmetals_compat/aquarium/aquarium_warglaive
[07Sep2025 02:47:25.945] [Server thread/INFO] [STDOUT/]: [net.bettercombat.logic.WeaponRegistry:loadContainers:91]: Loaded container: simplyswords:mythicmetals_compat/banglum/banglum_chakram
[07Sep2025 02:47:25.946] [Server thread/INFO] [STDOUT/]: [net.bettercombat.logic.WeaponRegistry:loadContainers:91]: Loaded container: simplyswords:mythicmetals_compat/banglum/banglum_claymore
[07Sep2025 02:47:25.946] [Server thread/INFO] [STDOUT/]: [net.bettercombat.logic.WeaponRegistry:loadContainers:91]: Loaded container: simplyswords:mythicmetals_compat/banglum/banglum_cutlass
[07Sep2025 02:47:25.946] [Server thread/INFO] [STDOUT/]: [net.bettercombat.logic.WeaponRegistry:loadContainers:91]: Loaded container: simplyswords:mythicmetals_compat/banglum/banglum_glaive
[07Sep2025 02:47:25.947] [Server thread/INFO] [STDOUT/]: [net.bettercombat.logic.WeaponRegistry:loadContainers:91]: Loaded container: simplyswords:mythicmetals_compat/banglum/banglum_greataxe
[07Sep2025 02:47:25.947] [Server thread/INFO] [STDOUT/]: [net.bettercombat.logic.WeaponRegistry:loadContainers:91]: Loaded container: simplyswords:mythicmetals_compat/banglum/banglum_greathammer
[07Sep2025 02:47:25.948] [Server thread/INFO] [STDOUT/]: [net.bettercombat.logic.WeaponRegistry:loadContainers:91]: Loaded container: simplyswords:mythicmetals_compat/banglum/banglum_halberd
[07Sep2025 02:47:25.948] [Server thread/INFO] [STDOUT/]: [net.bettercombat.logic.WeaponRegistry:loadContainers:91]: Loaded container: simplyswords:mythicmetals_compat/banglum/banglum_katana
[07Sep2025 02:47:25.948] [Server thread/INFO] [STDOUT/]: [net.bettercombat.logic.WeaponRegistry:loadContainers:91]: Loaded container: simplyswords:mythicmetals_compat/banglum/banglum_longsword
[07Sep2025 02:47:25.949] [Server thread/INFO] [STDOUT/]: [net.bettercombat.logic.WeaponRegistry:loadContainers:91]: Loaded container: simplyswords:mythicmetals_compat/banglum/banglum_rapier
[07Sep2025 02:47:25.949] [Server thread/INFO] [STDOUT/]: [net.bettercombat.logic.WeaponRegistry:loadContainers:91]: Loaded container: simplyswords:mythicmetals_compat/banglum/banglum_sai
[07Sep2025 02:47:25.950] [Server thread/INFO] [STDOUT/]: [net.bettercombat.logic.WeaponRegistry:loadContainers:91]: Loaded container: simplyswords:mythicmetals_compat/banglum/banglum_spear
[07Sep2025 02:47:25.950] [Server thread/INFO] [STDOUT/]: [net.bettercombat.logic.WeaponRegistry:loadContainers:91]: Loaded container: simplyswords:mythicmetals_compat/banglum/banglum_twinblade
[07Sep2025 02:47:25.950] [Server thread/INFO] [STDOUT/]: [net.bettercombat.logic.WeaponRegistry:loadContainers:91]: Loaded container: simplyswords:mythicmetals_compat/banglum/banglum_warglaive
[07Sep2025 02:47:25.951] [Server thread/INFO] [STDOUT/]: [net.bettercombat.logic.WeaponRegistry:loadContainers:91]: Loaded container: simplyswords:mythicmetals_compat/bronze/bronze_chakram
[07Sep2025 02:47:25.951] [Server thread/INFO] [STDOUT/]: [net.bettercombat.logic.WeaponRegistry:loadContainers:91]: Loaded container: simplyswords:mythicmetals_compat/bronze/bronze_claymore
[07Sep2025 02:47:25.952] [Server thread/INFO] [STDOUT/]: [net.bettercombat.logic.WeaponRegistry:loadContainers:91]: Loaded container: simplyswords:mythicmetals_compat/bronze/bronze_cutlass
[07Sep2025 02:47:25.952] [Server thread/INFO] [STDOUT/]: [net.bettercombat.logic.WeaponRegistry:loadContainers:91]: Loaded container: simplyswords:mythicmetals_compat/bronze/bronze_glaive
[07Sep2025 02:47:25.953] [Server thread/INFO] [STDOUT/]: [net.bettercombat.logic.WeaponRegistry:loadContainers:91]: Loaded container: simplyswords:mythicmetals_compat/bronze/bronze_greataxe
[07Sep2025 02:47:25.953] [Server thread/INFO] [STDOUT/]: [net.bettercombat.logic.WeaponRegistry:loadContainers:91]: Loaded container: simplyswords:mythicmetals_compat/bronze/bronze_greathammer
[07Sep2025 02:47:25.953] [Server thread/INFO] [STDOUT/]: [net.bettercombat.logic.WeaponRegistry:loadContainers:91]: Loaded container: simplyswords:mythicmetals_compat/bronze/bronze_halberd
[07Sep2025 02:47:25.954] [Server thread/INFO] [STDOUT/]: [net.bettercombat.logic.WeaponRegistry:loadContainers:91]: Loaded container: simplyswords:mythicmetals_compat/bronze/bronze_katana
[07Sep2025 02:47:25.957] [Server thread/INFO] [STDOUT/]: [net.bettercombat.logic.WeaponRegistry:loadContainers:91]: Loaded container: simplyswords:mythicmetals_compat/bronze/bronze_longsword
[07Sep2025 02:47:25.957] [Server thread/INFO] [STDOUT/]: [net.bettercombat.logic.WeaponRegistry:loadContainers:91]: Loaded container: simplyswords:mythicmetals_compat/bronze/bronze_rapier
[07Sep2025 02:47:25.958] [Server thread/INFO] [STDOUT/]: [net.bettercombat.logic.WeaponRegistry:loadContainers:91]: Loaded container: simplyswords:mythicmetals_compat/bronze/bronze_sai
[07Sep2025 02:47:25.958] [Server thread/INFO] [STDOUT/]: [net.bettercombat.logic.WeaponRegistry:loadContainers:91]: Loaded container: simplyswords:mythicmetals_compat/bronze/bronze_spear
[07Sep2025 02:47:25.958] [Server thread/INFO] [STDOUT/]: [net.bettercombat.logic.WeaponRegistry:loadContainers:91]: Loaded container: simplyswords:mythicmetals_compat/bronze/bronze_twinblade
[07Sep2025 02:47:25.959] [Server thread/INFO] [STDOUT/]: [net.bettercombat.logic.WeaponRegistry:loadContainers:91]: Loaded container: simplyswords:mythicmetals_compat/bronze/bronze_warglaive
[07Sep2025 02:47:25.959] [Server thread/INFO] [STDOUT/]: [net.bettercombat.logic.WeaponRegistry:loadContainers:91]: Loaded container: simplyswords:mythicmetals_compat/carmot/carmot_chakram
[07Sep2025 02:47:25.959] [Server thread/INFO] [STDOUT/]: [net.bettercombat.logic.WeaponRegistry:loadContainers:91]: Loaded container: simplyswords:mythicmetals_compat/carmot/carmot_claymore
[07Sep2025 02:47:25.960] [Server thread/INFO] [STDOUT/]: [net.bettercombat.logic.WeaponRegistry:loadContainers:91]: Loaded container: simplyswords:mythicmetals_compat/carmot/carmot_cutlass
[07Sep2025 02:47:25.963] [Server thread/INFO] [STDOUT/]: [net.bettercombat.logic.WeaponRegistry:loadContainers:91]: Loaded container: simplyswords:mythicmetals_compat/carmot/carmot_glaive
[07Sep2025 02:47:25.964] [Server thread/INFO] [STDOUT/]: [net.bettercombat.logic.WeaponRegistry:loadContainers:91]: Loaded container: simplyswords:mythicmetals_compat/carmot/carmot_greataxe
[07Sep2025 02:47:25.964] [Server thread/INFO] [STDOUT/]: [net.bettercombat.logic.WeaponRegistry:loadContainers:91]: Loaded container: simplyswords:mythicmetals_compat/carmot/carmot_greathammer
[07Sep2025 02:47:25.964] [Server thread/INFO] [STDOUT/]: [net.bettercombat.logic.WeaponRegistry:loadContainers:91]: Loaded container: simplyswords:mythicmetals_compat/carmot/carmot_halberd
[07Sep2025 02:47:25.965] [Server thread/INFO] [STDOUT/]: [net.bettercombat.logic.WeaponRegistry:loadContainers:91]: Loaded container: simplyswords:mythicmetals_compat/carmot/carmot_katana
[07Sep2025 02:47:25.965] [Server thread/INFO] [STDOUT/]: [net.bettercombat.logic.WeaponRegistry:loadContainers:91]: Loaded container: simplyswords:mythicmetals_compat/carmot/carmot_longsword
[07Sep2025 02:47:25.966] [Server thread/INFO] [STDOUT/]: [net.bettercombat.logic.WeaponRegistry:loadContainers:91]: Loaded container: simplyswords:mythicmetals_compat/carmot/carmot_rapier
[07Sep2025 02:47:25.966] [Server thread/INFO] [STDOUT/]: [net.bettercombat.logic.WeaponRegistry:loadContainers:91]: Loaded container: simplyswords:mythicmetals_compat/carmot/carmot_sai
[07Sep2025 02:47:25.969] [Server thread/INFO] [STDOUT/]: [net.bettercombat.logic.WeaponRegistry:loadContainers:91]: Loaded container: simplyswords:mythicmetals_compat/carmot/carmot_spear
[07Sep2025 02:47:25.969] [Server thread/INFO] [STDOUT/]: [net.bettercombat.logic.WeaponRegistry:loadContainers:91]: Loaded container: simplyswords:mythicmetals_compat/carmot/carmot_twinblade
[07Sep2025 02:47:25.970] [Server thread/INFO] [STDOUT/]: [net.bettercombat.logic.WeaponRegistry:loadContainers:91]: Loaded container: simplyswords:mythicmetals_compat/carmot/carmot_warglaive
[07Sep2025 02:47:25.970] [Server thread/INFO] [STDOUT/]: [net.bettercombat.logic.WeaponRegistry:loadContainers:91]: Loaded container: simplyswords:mythicmetals_compat/celestium/celestium_chakram
[07Sep2025 02:47:25.971] [Server thread/INFO] [STDOUT/]: [net.bettercombat.logic.WeaponRegistry:loadContainers:91]: Loaded container: simplyswords:mythicmetals_compat/celestium/celestium_claymore
[07Sep2025 02:47:25.972] [Server thread/INFO] [STDOUT/]: [net.bettercombat.logic.WeaponRegistry:loadContainers:91]: Loaded container: simplyswords:mythicmetals_compat/celestium/celestium_cutlass
[07Sep2025 02:47:25.972] [Server thread/INFO] [STDOUT/]: [net.bettercombat.logic.WeaponRegistry:loadContainers:91]: Loaded container: simplyswords:mythicmetals_compat/celestium/celestium_glaive
[07Sep2025 02:47:25.972] [Server thread/INFO] [STDOUT/]: [net.bettercombat.logic.WeaponRegistry:loadContainers:91]: Loaded container: simplyswords:mythicmetals_compat/celestium/celestium_greataxe
[07Sep2025 02:47:25.973] [Server thread/INFO] [STDOUT/]: [net.bettercombat.logic.WeaponRegistry:loadContainers:91]: Loaded container: simplyswords:mythicmetals_compat/celestium/celestium_greathammer
[07Sep2025 02:47:25.973] [Server thread/INFO] [STDOUT/]: [net.bettercombat.logic.WeaponRegistry:loadContainers:91]: Loaded container: simplyswords:mythicmetals_compat/celestium/celestium_halberd
[07Sep2025 02:47:25.973] [Server thread/INFO] [STDOUT/]: [net.bettercombat.logic.WeaponRegistry:loadContainers:91]: Loaded container: simplyswords:mythicmetals_compat/celestium/celestium_katana
[07Sep2025 02:47:25.974] [Server thread/INFO] [STDOUT/]: [net.bettercombat.logic.WeaponRegistry:loadContainers:91]: Loaded container: simplyswords:mythicmetals_compat/celestium/celestium_longsword
[07Sep2025 02:47:25.974] [Server thread/INFO] [STDOUT/]: [net.bettercombat.logic.WeaponRegistry:loadContainers:91]: Loaded container: simplyswords:mythicmetals_compat/celestium/celestium_rapier
[07Sep2025 02:47:25.977] [Server thread/INFO] [STDOUT/]: [net.bettercombat.logic.WeaponRegistry:loadContainers:91]: Loaded container: simplyswords:mythicmetals_compat/celestium/celestium_sai
[07Sep2025 02:47:25.978] [Server thread/INFO] [STDOUT/]: [net.bettercombat.logic.WeaponRegistry:loadContainers:91]: Loaded container: simplyswords:mythicmetals_compat/celestium/celestium_spear
[07Sep2025 02:47:25.978] [Server thread/INFO] [STDOUT/]: [net.bettercombat.logic.WeaponRegistry:loadContainers:91]: Loaded container: simplyswords:mythicmetals_compat/celestium/celestium_twinblade
[07Sep2025 02:47:25.978] [Server thread/INFO] [STDOUT/]: [net.bettercombat.logic.WeaponRegistry:loadContainers:91]: Loaded container: simplyswords:mythicmetals_compat/celestium/celestium_warglaive
[07Sep2025 02:47:25.979] [Server thread/INFO] [STDOUT/]: [net.bettercombat.logic.WeaponRegistry:loadContainers:91]: Loaded container: simplyswords:mythicmetals_compat/durasteel/durasteel_greathammer
[07Sep2025 02:47:25.979] [Server thread/INFO] [STDOUT/]: [net.bettercombat.logic.WeaponRegistry:loadContainers:91]: Loaded container: simplyswords:mythicmetals_compat/durasteel/durasteel_longsword
[07Sep2025 02:47:25.979] [Server thread/INFO] [STDOUT/]: [net.bettercombat.logic.WeaponRegistry:loadContainers:91]: Loaded container: simplyswords:mythicmetals_compat/kyber/kyber_chakram
[07Sep2025 02:47:25.982] [Server thread/INFO] [STDOUT/]: [net.bettercombat.logic.WeaponRegistry:loadContainers:91]: Loaded container: simplyswords:mythicmetals_compat/kyber/kyber_claymore
[07Sep2025 02:47:25.982] [Server thread/INFO] [STDOUT/]: [net.bettercombat.logic.WeaponRegistry:loadContainers:91]: Loaded container: simplyswords:mythicmetals_compat/kyber/kyber_cutlass
[07Sep2025 02:47:25.983] [Server thread/INFO] [STDOUT/]: [net.bettercombat.logic.WeaponRegistry:loadContainers:91]: Loaded container: simplyswords:mythicmetals_compat/kyber/kyber_glaive
[07Sep2025 02:47:25.983] [Server thread/INFO] [STDOUT/]: [net.bettercombat.logic.WeaponRegistry:loadContainers:91]: Loaded container: simplyswords:mythicmetals_compat/kyber/kyber_greataxe
[07Sep2025 02:47:25.984] [Server thread/INFO] [STDOUT/]: [net.bettercombat.logic.WeaponRegistry:loadContainers:91]: Loaded container: simplyswords:mythicmetals_compat/kyber/kyber_greathammer
[07Sep2025 02:47:25.984] [Server thread/INFO] [STDOUT/]: [net.bettercombat.logic.WeaponRegistry:loadContainers:91]: Loaded container: simplyswords:mythicmetals_compat/kyber/kyber_halberd
[07Sep2025 02:47:25.984] [Server thread/INFO] [STDOUT/]: [net.bettercombat.logic.WeaponRegistry:loadContainers:91]: Loaded container: simplyswords:mythicmetals_compat/kyber/kyber_katana
[07Sep2025 02:47:25.987] [Server thread/INFO] [STDOUT/]: [net.bettercombat.logic.WeaponRegistry:loadContainers:91]: Loaded container: simplyswords:mythicmetals_compat/kyber/kyber_longsword
[07Sep2025 02:47:25.987] [Server thread/INFO] [STDOUT/]: [net.bettercombat.logic.WeaponRegistry:loadContainers:91]: Loaded container: simplyswords:mythicmetals_compat/kyber/kyber_rapier
[07Sep2025 02:47:25.988] [Server thread/INFO] [STDOUT/]: [net.bettercombat.logic.WeaponRegistry:loadContainers:91]: Loaded container: simplyswords:mythicmetals_compat/kyber/kyber_sai
[07Sep2025 02:47:25.988] [Server thread/INFO] [STDOUT/]: [net.bettercombat.logic.WeaponRegistry:loadContainers:91]: Loaded container: simplyswords:mythicmetals_compat/kyber/kyber_spear
[07Sep2025 02:47:25.988] [Server thread/INFO] [STDOUT/]: [net.bettercombat.logic.WeaponRegistry:loadContainers:91]: Loaded container: simplyswords:mythicmetals_compat/kyber/kyber_twinblade
[07Sep2025 02:47:25.989] [Server thread/INFO] [STDOUT/]: [net.bettercombat.logic.WeaponRegistry:loadContainers:91]: Loaded container: simplyswords:mythicmetals_compat/kyber/kyber_warglaive
[07Sep2025 02:47:25.989] [Server thread/INFO] [STDOUT/]: [net.bettercombat.logic.WeaponRegistry:loadContainers:91]: Loaded container: simplyswords:mythicmetals_compat/metallurgium/metallurgium_chakram
[07Sep2025 02:47:25.989] [Server thread/INFO] [STDOUT/]: [net.bettercombat.logic.WeaponRegistry:loadContainers:91]: Loaded container: simplyswords:mythicmetals_compat/metallurgium/metallurgium_claymore
[07Sep2025 02:47:25.990] [Server thread/INFO] [STDOUT/]: [net.bettercombat.logic.WeaponRegistry:loadContainers:91]: Loaded container: simplyswords:mythicmetals_compat/metallurgium/metallurgium_cutlass
[07Sep2025 02:47:25.992] [Server thread/INFO] [STDOUT/]: [net.bettercombat.logic.WeaponRegistry:loadContainers:91]: Loaded container: simplyswords:mythicmetals_compat/metallurgium/metallurgium_glaive
[07Sep2025 02:47:25.993] [Server thread/INFO] [STDOUT/]: [net.bettercombat.logic.WeaponRegistry:loadContainers:91]: Loaded container: simplyswords:mythicmetals_compat/metallurgium/metallurgium_greataxe
[07Sep2025 02:47:25.993] [Server thread/INFO] [STDOUT/]: [net.bettercombat.logic.WeaponRegistry:loadContainers:91]: Loaded container: simplyswords:mythicmetals_compat/metallurgium/metallurgium_greathammer
[07Sep2025 02:47:25.994] [Server thread/INFO] [STDOUT/]: [net.bettercombat.logic.WeaponRegistry:loadContainers:91]: Loaded container: simplyswords:mythicmetals_compat/metallurgium/metallurgium_halberd
[07Sep2025 02:47:25.994] [Server thread/INFO] [STDOUT/]: [net.bettercombat.logic.WeaponRegistry:loadContainers:91]: Loaded container: simplyswords:mythicmetals_compat/metallurgium/metallurgium_katana
[07Sep2025 02:47:25.995] [Server thread/INFO] [STDOUT/]: [net.bettercombat.logic.WeaponRegistry:loadContainers:91]: Loaded container: simplyswords:mythicmetals_compat/metallurgium/metallurgium_longsword
[07Sep2025 02:47:25.995] [Server thread/INFO] [STDOUT/]: [net.bettercombat.logic.WeaponRegistry:loadContainers:91]: Loaded container: simplyswords:mythicmetals_compat/metallurgium/metallurgium_rapier
[07Sep2025 02:47:25.995] [Server thread/INFO] [STDOUT/]: [net.bettercombat.logic.WeaponRegistry:loadContainers:91]: Loaded container: simplyswords:mythicmetals_compat/metallurgium/metallurgium_sai
[07Sep2025 02:47:25.996] [Server thread/INFO] [STDOUT/]: [net.bettercombat.logic.WeaponRegistry:loadContainers:91]: Loaded container: simplyswords:mythicmetals_compat/metallurgium/metallurgium_spear
[07Sep2025 02:47:25.996] [Server thread/INFO] [STDOUT/]: [net.bettercombat.logic.WeaponRegistry:loadContainers:91]: Loaded container: simplyswords:mythicmetals_compat/metallurgium/metallurgium_twinblade
[07Sep2025 02:47:25.996] [Server thread/INFO] [STDOUT/]: [net.bettercombat.logic.WeaponRegistry:loadContainers:91]: Loaded container: simplyswords:mythicmetals_compat/metallurgium/metallurgium_warglaive
[07Sep2025 02:47:25.997] [Server thread/INFO] [STDOUT/]: [net.bettercombat.logic.WeaponRegistry:loadContainers:91]: Loaded container: simplyswords:mythicmetals_compat/mythril/mythril_chakram
[07Sep2025 02:47:25.997] [Server thread/INFO] [STDOUT/]: [net.bettercombat.logic.WeaponRegistry:loadContainers:91]: Loaded container: simplyswords:mythicmetals_compat/mythril/mythril_claymore
[07Sep2025 02:47:25.998] [Server thread/INFO] [STDOUT/]: [net.bettercombat.logic.WeaponRegistry:loadContainers:91]: Loaded container: simplyswords:mythicmetals_compat/mythril/mythril_cutlass
[07Sep2025 02:47:25.998] [Server thread/INFO] [STDOUT/]: [net.bettercombat.logic.WeaponRegistry:loadContainers:91]: Loaded container: simplyswords:mythicmetals_compat/mythril/mythril_glaive
[07Sep2025 02:47:25.999] [Server thread/INFO] [STDOUT/]: [net.bettercombat.logic.WeaponRegistry:loadContainers:91]: Loaded container: simplyswords:mythicmetals_compat/mythril/mythril_greataxe
[07Sep2025 02:47:26.000] [Server thread/INFO] [STDOUT/]: [net.bettercombat.logic.WeaponRegistry:loadContainers:91]: Loaded container: simplyswords:mythicmetals_compat/mythril/mythril_greathammer
[07Sep2025 02:47:26.000] [Server thread/INFO] [STDOUT/]: [net.bettercombat.logic.WeaponRegistry:loadContainers:91]: Loaded container: simplyswords:mythicmetals_compat/mythril/mythril_halberd
[07Sep2025 02:47:26.000] [Server thread/INFO] [STDOUT/]: [net.bettercombat.logic.WeaponRegistry:loadContainers:91]: Loaded container: simplyswords:mythicmetals_compat/mythril/mythril_katana
[07Sep2025 02:47:26.001] [Server thread/INFO] [STDOUT/]: [net.bettercombat.logic.WeaponRegistry:loadContainers:91]: Loaded container: simplyswords:mythicmetals_compat/mythril/mythril_longsword
[07Sep2025 02:47:26.001] [Server thread/INFO] [STDOUT/]: [net.bettercombat.logic.WeaponRegistry:loadContainers:91]: Loaded container: simplyswords:mythicmetals_compat/mythril/mythril_rapier
[07Sep2025 02:47:26.001] [Server thread/INFO] [STDOUT/]: [net.bettercombat.logic.WeaponRegistry:loadContainers:91]: Loaded container: simplyswords:mythicmetals_compat/mythril/mythril_sai
[07Sep2025 02:47:26.002] [Server thread/INFO] [STDOUT/]: [net.bettercombat.logic.WeaponRegistry:loadContainers:91]: Loaded container: simplyswords:mythicmetals_compat/mythril/mythril_spear
[07Sep2025 02:47:26.002] [Server thread/INFO] [STDOUT/]: [net.bettercombat.logic.WeaponRegistry:loadContainers:91]: Loaded container: simplyswords:mythicmetals_compat/mythril/mythril_twinblade
[07Sep2025 02:47:26.003] [Server thread/INFO] [STDOUT/]: [net.bettercombat.logic.WeaponRegistry:loadContainers:91]: Loaded container: simplyswords:mythicmetals_compat/mythril/mythril_warglaive
[07Sep2025 02:47:26.003] [Server thread/INFO] [STDOUT/]: [net.bettercombat.logic.WeaponRegistry:loadContainers:91]: Loaded container: simplyswords:mythicmetals_compat/orichalcum/orichalcum_chakram
[07Sep2025 02:47:26.003] [Server thread/INFO] [STDOUT/]: [net.bettercombat.logic.WeaponRegistry:loadContainers:91]: Loaded container: simplyswords:mythicmetals_compat/orichalcum/orichalcum_claymore
[07Sep2025 02:47:26.004] [Server thread/INFO] [STDOUT/]: [net.bettercombat.logic.WeaponRegistry:loadContainers:91]: Loaded container: simplyswords:mythicmetals_compat/orichalcum/orichalcum_cutlass
[07Sep2025 02:47:26.004] [Server thread/INFO] [STDOUT/]: [net.bettercombat.logic.WeaponRegistry:loadContainers:91]: Loaded container: simplyswords:mythicmetals_compat/orichalcum/orichalcum_glaive
[07Sep2025 02:47:26.004] [Server thread/INFO] [STDOUT/]: [net.bettercombat.logic.WeaponRegistry:loadContainers:91]: Loaded container: simplyswords:mythicmetals_compat/orichalcum/orichalcum_greataxe
[07Sep2025 02:47:26.005] [Server thread/INFO] [STDOUT/]: [net.bettercombat.logic.WeaponRegistry:loadContainers:91]: Loaded container: simplyswords:mythicmetals_compat/orichalcum/orichalcum_greathammer
[07Sep2025 02:47:26.005] [Server thread/INFO] [STDOUT/]: [net.bettercombat.logic.WeaponRegistry:loadContainers:91]: Loaded container: simplyswords:mythicmetals_compat/orichalcum/orichalcum_halberd
[07Sep2025 02:47:26.006] [Server thread/INFO] [STDOUT/]: [net.bettercombat.logic.WeaponRegistry:loadContainers:91]: Loaded container: simplyswords:mythicmetals_compat/orichalcum/orichalcum_katana
[07Sep2025 02:47:26.006] [Server thread/INFO] [STDOUT/]: [net.bettercombat.logic.WeaponRegistry:loadContainers:91]: Loaded container: simplyswords:mythicmetals_compat/orichalcum/orichalcum_longsword
[07Sep2025 02:47:26.007] [Server thread/INFO] [STDOUT/]: [net.bettercombat.logic.WeaponRegistry:loadContainers:91]: Loaded container: simplyswords:mythicmetals_compat/orichalcum/orichalcum_rapier
[07Sep2025 02:47:26.007] [Server thread/INFO] [STDOUT/]: [net.bettercombat.logic.WeaponRegistry:loadContainers:91]: Loaded container: simplyswords:mythicmetals_compat/orichalcum/orichalcum_sai
[07Sep2025 02:47:26.007] [Server thread/INFO] [STDOUT/]: [net.bettercombat.logic.WeaponRegistry:loadContainers:91]: Loaded container: simplyswords:mythicmetals_compat/orichalcum/orichalcum_spear
[07Sep2025 02:47:26.008] [Server thread/INFO] [STDOUT/]: [net.bettercombat.logic.WeaponRegistry:loadContainers:91]: Loaded container: simplyswords:mythicmetals_compat/orichalcum/orichalcum_twinblade
[07Sep2025 02:47:26.008] [Server thread/INFO] [STDOUT/]: [net.bettercombat.logic.WeaponRegistry:loadContainers:91]: Loaded container: simplyswords:mythicmetals_compat/orichalcum/orichalcum_warglaive
[07Sep2025 02:47:26.009] [Server thread/INFO] [STDOUT/]: [net.bettercombat.logic.WeaponRegistry:loadContainers:91]: Loaded container: simplyswords:mythicmetals_compat/osmium/osmium_chakram
[07Sep2025 02:47:26.009] [Server thread/INFO] [STDOUT/]: [net.bettercombat.logic.WeaponRegistry:loadContainers:91]: Loaded container: simplyswords:mythicmetals_compat/osmium/osmium_claymore
[07Sep2025 02:47:26.009] [Server thread/INFO] [STDOUT/]: [net.bettercombat.logic.WeaponRegistry:loadContainers:91]: Loaded container: simplyswords:mythicmetals_compat/osmium/osmium_cutlass
[07Sep2025 02:47:26.010] [Server thread/INFO] [STDOUT/]: [net.bettercombat.logic.WeaponRegistry:loadContainers:91]: Loaded container: simplyswords:mythicmetals_compat/osmium/osmium_glaive
[07Sep2025 02:47:26.010] [Server thread/INFO] [STDOUT/]: [net.bettercombat.logic.WeaponRegistry:loadContainers:91]: Loaded container: simplyswords:mythicmetals_compat/osmium/osmium_greataxe
[07Sep2025 02:47:26.011] [Server thread/INFO] [STDOUT/]: [net.bettercombat.logic.WeaponRegistry:loadContainers:91]: Loaded container: simplyswords:mythicmetals_compat/osmium/osmium_greathammer
[07Sep2025 02:47:26.011] [Server thread/INFO] [STDOUT/]: [net.bettercombat.logic.WeaponRegistry:loadContainers:91]: Loaded container: simplyswords:mythicmetals_compat/osmium/osmium_halberd
[07Sep2025 02:47:26.011] [Server thread/INFO] [STDOUT/]: [net.bettercombat.logic.WeaponRegistry:loadContainers:91]: Loaded container: simplyswords:mythicmetals_compat/osmium/osmium_katana
[07Sep2025 02:47:26.012] [Server thread/INFO] [STDOUT/]: [net.bettercombat.logic.WeaponRegistry:loadContainers:91]: Loaded container: simplyswords:mythicmetals_compat/osmium/osmium_longsword
[07Sep2025 02:47:26.012] [Server thread/INFO] [STDOUT/]: [net.bettercombat.logic.WeaponRegistry:loadContainers:91]: Loaded container: simplyswords:mythicmetals_compat/osmium/osmium_rapier
[07Sep2025 02:47:26.012] [Server thread/INFO] [STDOUT/]: [net.bettercombat.logic.WeaponRegistry:loadContainers:91]: Loaded container: simplyswords:mythicmetals_compat/osmium/osmium_sai
[07Sep2025 02:47:26.013] [Server thread/INFO] [STDOUT/]: [net.bettercombat.logic.WeaponRegistry:loadContainers:91]: Loaded container: simplyswords:mythicmetals_compat/osmium/osmium_spear
[07Sep2025 02:47:26.013] [Server thread/INFO] [STDOUT/]: [net.bettercombat.logic.WeaponRegistry:loadContainers:91]: Loaded container: simplyswords:mythicmetals_compat/osmium/osmium_twinblade
[07Sep2025 02:47:26.014] [Server thread/INFO] [STDOUT/]: [net.bettercombat.logic.WeaponRegistry:loadContainers:91]: Loaded container: simplyswords:mythicmetals_compat/osmium/osmium_warglaive
[07Sep2025 02:47:26.015] [Server thread/INFO] [STDOUT/]: [net.bettercombat.logic.WeaponRegistry:loadContainers:91]: Loaded container: simplyswords:mythicmetals_compat/palladium/palladium_chakram
[07Sep2025 02:47:26.015] [Server thread/INFO] [STDOUT/]: [net.bettercombat.logic.WeaponRegistry:loadContainers:91]: Loaded container: simplyswords:mythicmetals_compat/palladium/palladium_claymore
[07Sep2025 02:47:26.016] [Server thread/INFO] [STDOUT/]: [net.bettercombat.logic.WeaponRegistry:loadContainers:91]: Loaded container: simplyswords:mythicmetals_compat/palladium/palladium_cutlass
[07Sep2025 02:47:26.016] [Server thread/INFO] [STDOUT/]: [net.bettercombat.logic.WeaponRegistry:loadContainers:91]: Loaded container: simplyswords:mythicmetals_compat/palladium/palladium_glaive
[07Sep2025 02:47:26.019] [Server thread/INFO] [STDOUT/]: [net.bettercombat.logic.WeaponRegistry:loadContainers:91]: Loaded container: simplyswords:mythicmetals_compat/palladium/palladium_greataxe
[07Sep2025 02:47:26.020] [Server thread/INFO] [STDOUT/]: [net.bettercombat.logic.WeaponRegistry:loadContainers:91]: Loaded container: simplyswords:mythicmetals_compat/palladium/palladium_greathammer
[07Sep2025 02:47:26.020] [Server thread/INFO] [STDOUT/]: [net.bettercombat.logic.WeaponRegistry:loadContainers:91]: Loaded container: simplyswords:mythicmetals_compat/palladium/palladium_halberd
[07Sep2025 02:47:26.020] [Server thread/INFO] [STDOUT/]: [net.bettercombat.logic.WeaponRegistry:loadContainers:91]: Loaded container: simplyswords:mythicmetals_compat/palladium/palladium_katana
[07Sep2025 02:47:26.021] [Server thread/INFO] [STDOUT/]: [net.bettercombat.logic.WeaponRegistry:loadContainers:91]: Loaded container: simplyswords:mythicmetals_compat/palladium/palladium_longsword
[07Sep2025 02:47:26.021] [Server thread/INFO] [STDOUT/]: [net.bettercombat.logic.WeaponRegistry:loadContainers:91]: Loaded container: simplyswords:mythicmetals_compat/palladium/palladium_rapier
[07Sep2025 02:47:26.021] [Server thread/INFO] [STDOUT/]: [net.bettercombat.logic.WeaponRegistry:loadContainers:91]: Loaded container: simplyswords:mythicmetals_compat/palladium/palladium_sai
[07Sep2025 02:47:26.022] [Server thread/INFO] [STDOUT/]: [net.bettercombat.logic.WeaponRegistry:loadContainers:91]: Loaded container: simplyswords:mythicmetals_compat/palladium/palladium_spear
[07Sep2025 02:47:26.022] [Server thread/INFO] [STDOUT/]: [net.bettercombat.logic.WeaponRegistry:loadContainers:91]: Loaded container: simplyswords:mythicmetals_compat/palladium/palladium_twinblade
[07Sep2025 02:47:26.022] [Server thread/INFO] [STDOUT/]: [net.bettercombat.logic.WeaponRegistry:loadContainers:91]: Loaded container: simplyswords:mythicmetals_compat/palladium/palladium_warglaive
[07Sep2025 02:47:26.023] [Server thread/INFO] [STDOUT/]: [net.bettercombat.logic.WeaponRegistry:loadContainers:91]: Loaded container: simplyswords:mythicmetals_compat/prometheum/prometheum_chakram
[07Sep2025 02:47:26.023] [Server thread/INFO] [STDOUT/]: [net.bettercombat.logic.WeaponRegistry:loadContainers:91]: Loaded container: simplyswords:mythicmetals_compat/prometheum/prometheum_claymore
[07Sep2025 02:47:26.023] [Server thread/INFO] [STDOUT/]: [net.bettercombat.logic.WeaponRegistry:loadContainers:91]: Loaded container: simplyswords:mythicmetals_compat/prometheum/prometheum_cutlass
[07Sep2025 02:47:26.024] [Server thread/INFO] [STDOUT/]: [net.bettercombat.logic.WeaponRegistry:loadContainers:91]: Loaded container: simplyswords:mythicmetals_compat/prometheum/prometheum_glaive
[07Sep2025 02:47:26.024] [Server thread/INFO] [STDOUT/]: [net.bettercombat.logic.WeaponRegistry:loadContainers:91]: Loaded container: simplyswords:mythicmetals_compat/prometheum/prometheum_greataxe
[07Sep2025 02:47:26.024] [Server thread/INFO] [STDOUT/]: [net.bettercombat.logic.WeaponRegistry:loadContainers:91]: Loaded container: simplyswords:mythicmetals_compat/prometheum/prometheum_greathammer
[07Sep2025 02:47:26.025] [Server thread/INFO] [STDOUT/]: [net.bettercombat.logic.WeaponRegistry:loadContainers:91]: Loaded container: simplyswords:mythicmetals_compat/prometheum/prometheum_halberd
[07Sep2025 02:47:26.025] [Server thread/INFO] [STDOUT/]: [net.bettercombat.logic.WeaponRegistry:loadContainers:91]: Loaded container: simplyswords:mythicmetals_compat/prometheum/prometheum_katana
[07Sep2025 02:47:26.025] [Server thread/INFO] [STDOUT/]: [net.bettercombat.logic.WeaponRegistry:loadContainers:91]: Loaded container: simplyswords:mythicmetals_compat/prometheum/prometheum_longsword
[07Sep2025 02:47:26.027] [Server thread/INFO] [STDOUT/]: [net.bettercombat.logic.WeaponRegistry:loadContainers:91]: Loaded container: simplyswords:mythicmetals_compat/prometheum/prometheum_rapier
[07Sep2025 02:47:26.027] [Server thread/INFO] [STDOUT/]: [net.bettercombat.logic.WeaponRegistry:loadContainers:91]: Loaded container: simplyswords:mythicmetals_compat/prometheum/prometheum_sai
[07Sep2025 02:47:26.027] [Server thread/INFO] [STDOUT/]: [net.bettercombat.logic.WeaponRegistry:loadContainers:91]: Loaded container: simplyswords:mythicmetals_compat/prometheum/prometheum_spear
[07Sep2025 02:47:26.028] [Server thread/INFO] [STDOUT/]: [net.bettercombat.logic.WeaponRegistry:loadContainers:91]: Loaded container: simplyswords:mythicmetals_compat/prometheum/prometheum_twinblade
[07Sep2025 02:47:26.028] [Server thread/INFO] [STDOUT/]: [net.bettercombat.logic.WeaponRegistry:loadContainers:91]: Loaded container: simplyswords:mythicmetals_compat/prometheum/prometheum_warglaive
[07Sep2025 02:47:26.028] [Server thread/INFO] [STDOUT/]: [net.bettercombat.logic.WeaponRegistry:loadContainers:91]: Loaded container: simplyswords:mythicmetals_compat/quadrillum/quadrillum_chakram
[07Sep2025 02:47:26.029] [Server thread/INFO] [STDOUT/]: [net.bettercombat.logic.WeaponRegistry:loadContainers:91]: Loaded container: simplyswords:mythicmetals_compat/quadrillum/quadrillum_claymore
[07Sep2025 02:47:26.029] [Server thread/INFO] [STDOUT/]: [net.bettercombat.logic.WeaponRegistry:loadContainers:91]: Loaded container: simplyswords:mythicmetals_compat/quadrillum/quadrillum_cutlass
[07Sep2025 02:47:26.029] [Server thread/INFO] [STDOUT/]: [net.bettercombat.logic.WeaponRegistry:loadContainers:91]: Loaded container: simplyswords:mythicmetals_compat/quadrillum/quadrillum_glaive
[07Sep2025 02:47:26.029] [Server thread/INFO] [STDOUT/]: [net.bettercombat.logic.WeaponRegistry:loadContainers:91]: Loaded container: simplyswords:mythicmetals_compat/quadrillum/quadrillum_greataxe
[07Sep2025 02:47:26.030] [Server thread/INFO] [STDOUT/]: [net.bettercombat.logic.WeaponRegistry:loadContainers:91]: Loaded container: simplyswords:mythicmetals_compat/quadrillum/quadrillum_greathammer
[07Sep2025 02:47:26.030] [Server thread/INFO] [STDOUT/]: [net.bettercombat.logic.WeaponRegistry:loadContainers:91]: Loaded container: simplyswords:mythicmetals_compat/quadrillum/quadrillum_halberd
[07Sep2025 02:47:26.030] [Server thread/INFO] [STDOUT/]: [net.bettercombat.logic.WeaponRegistry:loadContainers:91]: Loaded container: simplyswords:mythicmetals_compat/quadrillum/quadrillum_katana
[07Sep2025 02:47:26.035] [Server thread/INFO] [STDOUT/]: [net.bettercombat.logic.WeaponRegistry:loadContainers:91]: Loaded container: simplyswords:mythicmetals_compat/quadrillum/quadrillum_longsword
[07Sep2025 02:47:26.035] [Server thread/INFO] [STDOUT/]: [net.bettercombat.logic.WeaponRegistry:loadContainers:91]: Loaded container: simplyswords:mythicmetals_compat/quadrillum/quadrillum_rapier
[07Sep2025 02:47:26.037] [Server thread/INFO] [STDOUT/]: [net.bettercombat.logic.WeaponRegistry:loadContainers:91]: Loaded container: simplyswords:mythicmetals_compat/quadrillum/quadrillum_sai
[07Sep2025 02:47:26.037] [Server thread/INFO] [STDOUT/]: [net.bettercombat.logic.WeaponRegistry:loadContainers:91]: Loaded container: simplyswords:mythicmetals_compat/quadrillum/quadrillum_spear
[07Sep2025 02:47:26.039] [Server thread/INFO] [STDOUT/]: [net.bettercombat.logic.WeaponRegistry:loadContainers:91]: Loaded container: simplyswords:mythicmetals_compat/quadrillum/quadrillum_twinblade
[07Sep2025 02:47:26.040] [Server thread/INFO] [STDOUT/]: [net.bettercombat.logic.WeaponRegistry:loadContainers:91]: Loaded container: simplyswords:mythicmetals_compat/quadrillum/quadrillum_warglaive
[07Sep2025 02:47:26.040] [Server thread/INFO] [STDOUT/]: [net.bettercombat.logic.WeaponRegistry:loadContainers:91]: Loaded container: simplyswords:mythicmetals_compat/runite/runite_chakram
[07Sep2025 02:47:26.040] [Server thread/INFO] [STDOUT/]: [net.bettercombat.logic.WeaponRegistry:loadContainers:91]: Loaded container: simplyswords:mythicmetals_compat/runite/runite_claymore
[07Sep2025 02:47:26.040] [Server thread/INFO] [STDOUT/]: [net.bettercombat.logic.WeaponRegistry:loadContainers:91]: Loaded container: simplyswords:mythicmetals_compat/runite/runite_cutlass
[07Sep2025 02:47:26.041] [Server thread/INFO] [STDOUT/]: [net.bettercombat.logic.WeaponRegistry:loadContainers:91]: Loaded container: simplyswords:mythicmetals_compat/runite/runite_glaive
[07Sep2025 02:47:26.041] [Server thread/INFO] [STDOUT/]: [net.bettercombat.logic.WeaponRegistry:loadContainers:91]: Loaded container: simplyswords:mythicmetals_compat/runite/runite_greataxe
[07Sep2025 02:47:26.041] [Server thread/INFO] [STDOUT/]: [net.bettercombat.logic.WeaponRegistry:loadContainers:91]: Loaded container: simplyswords:mythicmetals_compat/runite/runite_greathammer
[07Sep2025 02:47:26.043] [Server thread/INFO] [STDOUT/]: [net.bettercombat.logic.WeaponRegistry:loadContainers:91]: Loaded container: simplyswords:mythicmetals_compat/runite/runite_halberd
[07Sep2025 02:47:26.043] [Server thread/INFO] [STDOUT/]: [net.bettercombat.logic.WeaponRegistry:loadContainers:91]: Loaded container: simplyswords:mythicmetals_compat/runite/runite_katana
[07Sep2025 02:47:26.044] [Server thread/INFO] [STDOUT/]: [net.bettercombat.logic.WeaponRegistry:loadContainers:91]: Loaded container: simplyswords:mythicmetals_compat/runite/runite_longsword
[07Sep2025 02:47:26.044] [Server thread/INFO] [STDOUT/]: [net.bettercombat.logic.WeaponRegistry:loadContainers:91]: Loaded container: simplyswords:mythicmetals_compat/runite/runite_rapier
[07Sep2025 02:47:26.045] [Server thread/INFO] [STDOUT/]: [net.bettercombat.logic.WeaponRegistry:loadContainers:91]: Loaded container: simplyswords:mythicmetals_compat/runite/runite_sai
[07Sep2025 02:47:26.045] [Server thread/INFO] [STDOUT/]: [net.bettercombat.logic.WeaponRegistry:loadContainers:91]: Loaded container: simplyswords:mythicmetals_compat/runite/runite_spear
[07Sep2025 02:47:26.046] [Server thread/INFO] [STDOUT/]: [net.bettercombat.logic.WeaponRegistry:loadContainers:91]: Loaded container: simplyswords:mythicmetals_compat/runite/runite_twinblade
[07Sep2025 02:47:26.046] [Server thread/INFO] [STDOUT/]: [net.bettercombat.logic.WeaponRegistry:loadContainers:91]: Loaded container: simplyswords:mythicmetals_compat/runite/runite_warglaive
[07Sep2025 02:47:26.047] [Server thread/INFO] [STDOUT/]: [net.bettercombat.logic.WeaponRegistry:loadContainers:91]: Loaded container: simplyswords:mythicmetals_compat/star_platinum/star_platinum_chakram
[07Sep2025 02:47:26.047] [Server thread/INFO] [STDOUT/]: [net.bettercombat.logic.WeaponRegistry:loadContainers:91]: Loaded container: simplyswords:mythicmetals_compat/star_platinum/star_platinum_claymore
[07Sep2025 02:47:26.047] [Server thread/INFO] [STDOUT/]: [net.bettercombat.logic.WeaponRegistry:loadContainers:91]: Loaded container: simplyswords:mythicmetals_compat/star_platinum/star_platinum_cutlass
[07Sep2025 02:47:26.048] [Server thread/INFO] [STDOUT/]: [net.bettercombat.logic.WeaponRegistry:loadContainers:91]: Loaded container: simplyswords:mythicmetals_compat/star_platinum/star_platinum_glaive
[07Sep2025 02:47:26.048] [Server thread/INFO] [STDOUT/]: [net.bettercombat.logic.WeaponRegistry:loadContainers:91]: Loaded container: simplyswords:mythicmetals_compat/star_platinum/star_platinum_greataxe
[07Sep2025 02:47:26.048] [Server thread/INFO] [STDOUT/]: [net.bettercombat.logic.WeaponRegistry:loadContainers:91]: Loaded container: simplyswords:mythicmetals_compat/star_platinum/star_platinum_greathammer
[07Sep2025 02:47:26.049] [Server thread/INFO] [STDOUT/]: [net.bettercombat.logic.WeaponRegistry:loadContainers:91]: Loaded container: simplyswords:mythicmetals_compat/star_platinum/star_platinum_halberd
[07Sep2025 02:47:26.049] [Server thread/INFO] [STDOUT/]: [net.bettercombat.logic.WeaponRegistry:loadContainers:91]: Loaded container: simplyswords:mythicmetals_compat/star_platinum/star_platinum_katana
[07Sep2025 02:47:26.049] [Server thread/INFO] [STDOUT/]: [net.bettercombat.logic.WeaponRegistry:loadContainers:91]: Loaded container: simplyswords:mythicmetals_compat/star_platinum/star_platinum_longsword
[07Sep2025 02:47:26.050] [Server thread/INFO] [STDOUT/]: [net.bettercombat.logic.WeaponRegistry:loadContainers:91]: Loaded container: simplyswords:mythicmetals_compat/star_platinum/star_platinum_rapier
[07Sep2025 02:47:26.050] [Server thread/INFO] [STDOUT/]: [net.bettercombat.logic.WeaponRegistry:loadContainers:91]: Loaded container: simplyswords:mythicmetals_compat/star_platinum/star_platinum_sai
[07Sep2025 02:47:26.050] [Server thread/INFO] [STDOUT/]: [net.bettercombat.logic.WeaponRegistry:loadContainers:91]: Loaded container: simplyswords:mythicmetals_compat/star_platinum/star_platinum_spear
[07Sep2025 02:47:26.051] [Server thread/INFO] [STDOUT/]: [net.bettercombat.logic.WeaponRegistry:loadContainers:91]: Loaded container: simplyswords:mythicmetals_compat/star_platinum/star_platinum_twinblade
[07Sep2025 02:47:26.051] [Server thread/INFO] [STDOUT/]: [net.bettercombat.logic.WeaponRegistry:loadContainers:91]: Loaded container: simplyswords:mythicmetals_compat/star_platinum/star_platinum_warglaive
[07Sep2025 02:47:26.051] [Server thread/INFO] [STDOUT/]: [net.bettercombat.logic.WeaponRegistry:loadContainers:91]: Loaded container: simplyswords:mythicmetals_compat/steel/steel_chakram
[07Sep2025 02:47:26.053] [Server thread/INFO] [STDOUT/]: [net.bettercombat.logic.WeaponRegistry:loadContainers:91]: Loaded container: simplyswords:mythicmetals_compat/steel/steel_claymore
[07Sep2025 02:47:26.053] [Server thread/INFO] [STDOUT/]: [net.bettercombat.logic.WeaponRegistry:loadContainers:91]: Loaded container: simplyswords:mythicmetals_compat/steel/steel_cutlass
[07Sep2025 02:47:26.054] [Server thread/INFO] [STDOUT/]: [net.bettercombat.logic.WeaponRegistry:loadContainers:91]: Loaded container: simplyswords:mythicmetals_compat/steel/steel_glaive
[07Sep2025 02:47:26.054] [Server thread/INFO] [STDOUT/]: [net.bettercombat.logic.WeaponRegistry:loadContainers:91]: Loaded container: simplyswords:mythicmetals_compat/steel/steel_greataxe
[07Sep2025 02:47:26.054] [Server thread/INFO] [STDOUT/]: [net.bettercombat.logic.WeaponRegistry:loadContainers:91]: Loaded container: simplyswords:mythicmetals_compat/steel/steel_greathammer
[07Sep2025 02:47:26.055] [Server thread/INFO] [STDOUT/]: [net.bettercombat.logic.WeaponRegistry:loadContainers:91]: Loaded container: simplyswords:mythicmetals_compat/steel/steel_halberd
[07Sep2025 02:47:26.055] [Server thread/INFO] [STDOUT/]: [net.bettercombat.logic.WeaponRegistry:loadContainers:91]: Loaded container: simplyswords:mythicmetals_compat/steel/steel_katana
[07Sep2025 02:47:26.055] [Server thread/INFO] [STDOUT/]: [net.bettercombat.logic.WeaponRegistry:loadContainers:91]: Loaded container: simplyswords:mythicmetals_compat/steel/steel_longsword
[07Sep2025 02:47:26.055] [Server thread/INFO] [STDOUT/]: [net.bettercombat.logic.WeaponRegistry:loadContainers:91]: Loaded container: simplyswords:mythicmetals_compat/steel/steel_rapier
[07Sep2025 02:47:26.056] [Server thread/INFO] [STDOUT/]: [net.bettercombat.logic.WeaponRegistry:loadContainers:91]: Loaded container: simplyswords:mythicmetals_compat/steel/steel_sai
[07Sep2025 02:47:26.056] [Server thread/INFO] [STDOUT/]: [net.bettercombat.logic.WeaponRegistry:loadContainers:91]: Loaded container: simplyswords:mythicmetals_compat/steel/steel_spear
[07Sep2025 02:47:26.057] [Server thread/INFO] [STDOUT/]: [net.bettercombat.logic.WeaponRegistry:loadContainers:91]: Loaded container: simplyswords:mythicmetals_compat/steel/steel_twinblade
[07Sep2025 02:47:26.057] [Server thread/INFO] [STDOUT/]: [net.bettercombat.logic.WeaponRegistry:loadContainers:91]: Loaded container: simplyswords:mythicmetals_compat/steel/steel_warglaive
[07Sep2025 02:47:26.058] [Server thread/INFO] [STDOUT/]: [net.bettercombat.logic.WeaponRegistry:loadContainers:91]: Loaded container: simplyswords:mythicmetals_compat/stormyx/stormyx_chakram
[07Sep2025 02:47:26.058] [Server thread/INFO] [STDOUT/]: [net.bettercombat.logic.WeaponRegistry:loadContainers:91]: Loaded container: simplyswords:mythicmetals_compat/stormyx/stormyx_claymore
[07Sep2025 02:47:26.058] [Server thread/INFO] [STDOUT/]: [net.bettercombat.logic.WeaponRegistry:loadContainers:91]: Loaded container: simplyswords:mythicmetals_compat/stormyx/stormyx_cutlass
[07Sep2025 02:47:26.059] [Server thread/INFO] [STDOUT/]: [net.bettercombat.logic.WeaponRegistry:loadContainers:91]: Loaded container: simplyswords:mythicmetals_compat/stormyx/stormyx_glaive
[07Sep2025 02:47:26.060] [Server thread/INFO] [STDOUT/]: [net.bettercombat.logic.WeaponRegistry:loadContainers:91]: Loaded container: simplyswords:mythicmetals_compat/stormyx/stormyx_greataxe
[07Sep2025 02:47:26.060] [Server thread/INFO] [STDOUT/]: [net.bettercombat.logic.WeaponRegistry:loadContainers:91]: Loaded container: simplyswords:mythicmetals_compat/stormyx/stormyx_greathammer
[07Sep2025 02:47:26.061] [Server thread/INFO] [STDOUT/]: [net.bettercombat.logic.WeaponRegistry:loadContainers:91]: Loaded container: simplyswords:mythicmetals_compat/stormyx/stormyx_halberd
[07Sep2025 02:47:26.061] [Server thread/INFO] [STDOUT/]: [net.bettercombat.logic.WeaponRegistry:loadContainers:91]: Loaded container: simplyswords:mythicmetals_compat/stormyx/stormyx_katana
[07Sep2025 02:47:26.062] [Server thread/INFO] [STDOUT/]: [net.bettercombat.logic.WeaponRegistry:loadContainers:91]: Loaded container: simplyswords:mythicmetals_compat/stormyx/stormyx_longsword
[07Sep2025 02:47:26.062] [Server thread/INFO] [STDOUT/]: [net.bettercombat.logic.WeaponRegistry:loadContainers:91]: Loaded container: simplyswords:mythicmetals_compat/stormyx/stormyx_rapier
[07Sep2025 02:47:26.062] [Server thread/INFO] [STDOUT/]: [net.bettercombat.logic.WeaponRegistry:loadContainers:91]: Loaded container: simplyswords:mythicmetals_compat/stormyx/stormyx_sai
[07Sep2025 02:47:26.063] [Server thread/INFO] [STDOUT/]: [net.bettercombat.logic.WeaponRegistry:loadContainers:91]: Loaded container: simplyswords:mythicmetals_compat/stormyx/stormyx_spear
[07Sep2025 02:47:26.063] [Server thread/INFO] [STDOUT/]: [net.bettercombat.logic.WeaponRegistry:loadContainers:91]: Loaded container: simplyswords:mythicmetals_compat/stormyx/stormyx_twinblade
[07Sep2025 02:47:26.064] [Server thread/INFO] [STDOUT/]: [net.bettercombat.logic.WeaponRegistry:loadContainers:91]: Loaded container: simplyswords:mythicmetals_compat/stormyx/stormyx_warglaive
[07Sep2025 02:47:26.064] [Server thread/INFO] [STDOUT/]: [net.bettercombat.logic.WeaponRegistry:loadContainers:91]: Loaded container: samurai_dynasty:nagamaki
[07Sep2025 02:47:26.065] [Server thread/INFO] [STDOUT/]: [net.bettercombat.logic.WeaponRegistry:loadContainers:91]: Loaded container: samurai_dynasty:nagamaki_netherite
[07Sep2025 02:47:26.065] [Server thread/INFO] [STDOUT/]: [net.bettercombat.logic.WeaponRegistry:loadContainers:91]: Loaded container: samurai_dynasty:naginata
[07Sep2025 02:47:26.066] [Server thread/INFO] [STDOUT/]: [net.bettercombat.logic.WeaponRegistry:loadContainers:91]: Loaded container: samurai_dynasty:naginata_netherite
[07Sep2025 02:47:26.066] [Server thread/INFO] [STDOUT/]: [net.bettercombat.logic.WeaponRegistry:loadContainers:91]: Loaded container: too_many_bows:necro_flame_bow
[07Sep2025 02:47:26.067] [Server thread/INFO] [STDOUT/]: [net.bettercombat.logic.WeaponRegistry:loadContainers:91]: Loaded container: simplyswords:netherite_chakram
[07Sep2025 02:47:26.067] [Server thread/INFO] [STDOUT/]: [net.bettercombat.logic.WeaponRegistry:loadContainers:91]: Loaded container: simplyswords:netherite_claymore
[07Sep2025 02:47:26.068] [Server thread/INFO] [STDOUT/]: [net.bettercombat.logic.WeaponRegistry:loadContainers:91]: Loaded container: simplyswords:netherite_cutlass
[07Sep2025 02:47:26.068] [Server thread/INFO] [STDOUT/]: [net.bettercombat.logic.WeaponRegistry:loadContainers:91]: Loaded container: simplyswords:netherite_glaive
[07Sep2025 02:47:26.069] [Server thread/INFO] [STDOUT/]: [net.bettercombat.logic.WeaponRegistry:loadContainers:91]: Loaded container: simplyswords:netherite_greataxe
[07Sep2025 02:47:26.069] [Server thread/INFO] [STDOUT/]: [net.bettercombat.logic.WeaponRegistry:loadContainers:91]: Loaded container: simplyswords:netherite_greathammer
[07Sep2025 02:47:26.070] [Server thread/INFO] [STDOUT/]: [net.bettercombat.logic.WeaponRegistry:loadContainers:91]: Loaded container: simplyswords:netherite_halberd
[07Sep2025 02:47:26.070] [Server thread/INFO] [STDOUT/]: [net.bettercombat.logic.WeaponRegistry:loadContainers:91]: Loaded container: simplyswords:netherite_katana
[07Sep2025 02:47:26.070] [Server thread/INFO] [STDOUT/]: [net.bettercombat.logic.WeaponRegistry:loadContainers:91]: Loaded container: simplyswords:netherite_longsword
[07Sep2025 02:47:26.071] [Server thread/INFO] [STDOUT/]: [net.bettercombat.logic.WeaponRegistry:loadContainers:91]: Loaded container: simplyswords:netherite_rapier
[07Sep2025 02:47:26.071] [Server thread/INFO] [STDOUT/]: [net.bettercombat.logic.WeaponRegistry:loadContainers:91]: Loaded container: simplyswords:netherite_sai
[07Sep2025 02:47:26.072] [Server thread/INFO] [STDOUT/]: [net.bettercombat.logic.WeaponRegistry:loadContainers:91]: Loaded container: simplyswords:netherite_spear
[07Sep2025 02:47:26.073] [Server thread/INFO] [STDOUT/]: [net.bettercombat.logic.WeaponRegistry:loadContainers:91]: Loaded container: minecraft:netherite_sword
[07Sep2025 02:47:26.073] [Server thread/INFO] [STDOUT/]: [net.bettercombat.logic.WeaponRegistry:loadContainers:91]: Loaded container: simplyswords:netherite_twinblade
[07Sep2025 02:47:26.074] [Server thread/INFO] [STDOUT/]: [net.bettercombat.logic.WeaponRegistry:loadContainers:91]: Loaded container: simplyswords:netherite_warglaive
[07Sep2025 02:47:26.074] [Server thread/INFO] [STDOUT/]: [net.bettercombat.logic.WeaponRegistry:loadContainers:91]: Loaded container: born_in_chaos_v1:nightmare_scythe
[07Sep2025 02:47:26.074] [Server thread/INFO] [STDOUT/]: [net.bettercombat.logic.WeaponRegistry:loadContainers:91]: Loaded container: samurai_dynasty:odachi
[07Sep2025 02:47:26.075] [Server thread/INFO] [STDOUT/]: [net.bettercombat.logic.WeaponRegistry:loadContainers:91]: Loaded container: samurai_dynasty:odachi_netherite
[07Sep2025 02:47:26.075] [Server thread/INFO] [STDOUT/]: [net.bettercombat.logic.WeaponRegistry:loadContainers:91]: Loaded container: bettercombat:pickaxe
[07Sep2025 02:47:26.076] [Server thread/INFO] [STDOUT/]: [net.bettercombat.logic.WeaponRegistry:loadContainers:91]: Loaded container: irons_spellbooks:pyrium_staff
[07Sep2025 02:47:26.076] [Server thread/INFO] [STDOUT/]: [net.bettercombat.logic.WeaponRegistry:loadContainers:91]: Loaded container: too_many_bows:radiance
[07Sep2025 02:47:26.077] [Server thread/INFO] [STDOUT/]: [net.bettercombat.logic.WeaponRegistry:loadContainers:91]: Loaded container: bettercombat:rapier
[07Sep2025 02:47:26.080] [Server thread/INFO] [STDOUT/]: [net.bettercombat.logic.WeaponRegistry:loadContainers:91]: Loaded container: simplyswords:ribboncleaver
[07Sep2025 02:47:26.080] [Server thread/INFO] [STDOUT/]: [net.bettercombat.logic.WeaponRegistry:loadContainers:91]: Loaded container: simplyswords:righteous_relic
[07Sep2025 02:47:26.080] [Server thread/INFO] [STDOUT/]: [net.bettercombat.logic.WeaponRegistry:loadContainers:91]: Loaded container: simplyswords:runic_chakram
[07Sep2025 02:47:26.081] [Server thread/INFO] [STDOUT/]: [net.bettercombat.logic.WeaponRegistry:loadContainers:91]: Loaded container: simplyswords:runic_claymore
[07Sep2025 02:47:26.081] [Server thread/INFO] [STDOUT/]: [net.bettercombat.logic.WeaponRegistry:loadContainers:91]: Loaded container: simplyswords:runic_cutlass
[07Sep2025 02:47:26.081] [Server thread/INFO] [STDOUT/]: [net.bettercombat.logic.WeaponRegistry:loadContainers:91]: Loaded container: simplyswords:runic_glaive
[07Sep2025 02:47:26.081] [Server thread/INFO] [STDOUT/]: [net.bettercombat.logic.WeaponRegistry:loadContainers:91]: Loaded container: simplyswords:runic_greataxe
[07Sep2025 02:47:26.082] [Server thread/INFO] [STDOUT/]: [net.bettercombat.logic.WeaponRegistry:loadContainers:91]: Loaded container: simplyswords:runic_greathammer
[07Sep2025 02:47:26.082] [Server thread/INFO] [STDOUT/]: [net.bettercombat.logic.WeaponRegistry:loadContainers:91]: Loaded container: simplyswords:runic_halberd
[07Sep2025 02:47:26.083] [Server thread/INFO] [STDOUT/]: [net.bettercombat.logic.WeaponRegistry:loadContainers:91]: Loaded container: simplyswords:runic_katana
[07Sep2025 02:47:26.083] [Server thread/INFO] [STDOUT/]: [net.bettercombat.logic.WeaponRegistry:loadContainers:91]: Loaded container: simplyswords:runic_longsword
[07Sep2025 02:47:26.083] [Server thread/INFO] [STDOUT/]: [net.bettercombat.logic.WeaponRegistry:loadContainers:91]: Loaded container: simplyswords:runic_rapier
[07Sep2025 02:47:26.083] [Server thread/INFO] [STDOUT/]: [net.bettercombat.logic.WeaponRegistry:loadContainers:91]: Loaded container: simplyswords:runic_sai
[07Sep2025 02:47:26.084] [Server thread/INFO] [STDOUT/]: [net.bettercombat.logic.WeaponRegistry:loadContainers:91]: Loaded container: simplyswords:runic_spear
[07Sep2025 02:47:26.084] [Server thread/INFO] [STDOUT/]: [net.bettercombat.logic.WeaponRegistry:loadContainers:91]: Loaded container: simplyswords:runic_twinblade
[07Sep2025 02:47:26.084] [Server thread/INFO] [STDOUT/]: [net.bettercombat.logic.WeaponRegistry:loadContainers:91]: Loaded container: simplyswords:runic_warglaive
[07Sep2025 02:47:26.084] [Server thread/INFO] [STDOUT/]: [net.bettercombat.logic.WeaponRegistry:loadContainers:91]: Loaded container: samurai_dynasty:sai
[07Sep2025 02:47:26.085] [Server thread/INFO] [STDOUT/]: [net.bettercombat.logic.WeaponRegistry:loadContainers:91]: Loaded container: samurai_dynasty:sai_netherite
[07Sep2025 02:47:26.085] [Server thread/INFO] [STDOUT/]: [net.bettercombat.logic.WeaponRegistry:loadContainers:91]: Loaded container: too_many_bows:scatter_bow
[07Sep2025 02:47:26.085] [Server thread/INFO] [STDOUT/]: [net.bettercombat.logic.WeaponRegistry:loadContainers:91]: Loaded container: bettercombat:scythe
[07Sep2025 02:47:26.086] [Server thread/INFO] [STDOUT/]: [net.bettercombat.logic.WeaponRegistry:loadContainers:91]: Loaded container: too_many_bows:sentinels_wrath
[07Sep2025 02:47:26.087] [Server thread/INFO] [STDOUT/]: [net.bettercombat.logic.WeaponRegistry:loadContainers:91]: Loaded container: simplyswords:shadowsting
[07Sep2025 02:47:26.087] [Server thread/INFO] [STDOUT/]: [net.bettercombat.logic.WeaponRegistry:loadContainers:91]: Loaded container: born_in_chaos_v1:shell_mace
[07Sep2025 02:47:26.088] [Server thread/INFO] [STDOUT/]: [net.bettercombat.logic.WeaponRegistry:loadContainers:91]: Loaded container: samurai_dynasty:shuko
[07Sep2025 02:47:26.088] [Server thread/INFO] [STDOUT/]: [net.bettercombat.logic.WeaponRegistry:loadContainers:91]: Loaded container: samurai_dynasty:shuko_netherite
[07Sep2025 02:47:26.089] [Server thread/INFO] [STDOUT/]: [net.bettercombat.logic.WeaponRegistry:loadContainers:91]: Loaded container: too_many_bows:shulker_blast
[07Sep2025 02:47:26.089] [Server thread/INFO] [STDOUT/]: [net.bettercombat.logic.WeaponRegistry:loadContainers:91]: Loaded container: bettercombat:sickle
[07Sep2025 02:47:26.090] [Server thread/INFO] [STDOUT/]: [net.bettercombat.logic.WeaponRegistry:loadContainers:91]: Loaded container: hyrule_terrors:silver_longsword
[07Sep2025 02:47:26.090] [Server thread/INFO] [STDOUT/]: [net.bettercombat.logic.WeaponRegistry:loadContainers:91]: Loaded container: farmersdelight:skillet
[07Sep2025 02:47:26.091] [Server thread/INFO] [STDOUT/]: [net.bettercombat.logic.WeaponRegistry:loadContainers:91]: Loaded container: born_in_chaos_v1:skullbreaker_hammer
[07Sep2025 02:47:26.091] [Server thread/INFO] [STDOUT/]: [net.bettercombat.logic.WeaponRegistry:loadContainers:91]: Loaded container: simplyswords:slumbering_lichblade
[07Sep2025 02:47:26.092] [Server thread/INFO] [STDOUT/]: [net.bettercombat.logic.WeaponRegistry:loadContainers:91]: Loaded container: born_in_chaos_v1:smoked_monster_flesh
[07Sep2025 02:47:26.092] [Server thread/INFO] [STDOUT/]: [net.bettercombat.logic.WeaponRegistry:loadContainers:91]: Loaded container: too_many_bows:solar_bow
[07Sep2025 02:47:26.092] [Server thread/INFO] [STDOUT/]: [net.bettercombat.logic.WeaponRegistry:loadContainers:91]: Loaded container: born_in_chaos_v1:soul_cutlass
[07Sep2025 02:47:26.093] [Server thread/INFO] [STDOUT/]: [net.bettercombat.logic.WeaponRegistry:loadContainers:91]: Loaded container: bettercombat:soul_knife
[07Sep2025 02:47:26.093] [Server thread/INFO] [STDOUT/]: [net.bettercombat.logic.WeaponRegistry:loadContainers:91]: Loaded container: born_in_chaos_v1:soulbane
[07Sep2025 02:47:26.093] [Server thread/INFO] [STDOUT/]: [net.bettercombat.logic.WeaponRegistry:loadContainers:91]: Loaded container: simplyswords:soulkeeper
[07Sep2025 02:47:26.094] [Server thread/INFO] [STDOUT/]: [net.bettercombat.logic.WeaponRegistry:loadContainers:91]: Loaded container: simplyswords:soulpyre
[07Sep2025 02:47:26.095] [Server thread/INFO] [STDOUT/]: [net.bettercombat.logic.WeaponRegistry:loadContainers:91]: Loaded container: simplyswords:soulrender
[07Sep2025 02:47:26.095] [Server thread/INFO] [STDOUT/]: [net.bettercombat.logic.WeaponRegistry:loadContainers:91]: Loaded container: simplyswords:soulstealer
[07Sep2025 02:47:26.096] [Server thread/INFO] [STDOUT/]: [net.bettercombat.logic.WeaponRegistry:loadContainers:91]: Loaded container: bettercombat:spear
[07Sep2025 02:47:26.096] [Server thread/INFO] [STDOUT/]: [net.bettercombat.logic.WeaponRegistry:loadContainers:91]: Loaded container: mobs_of_mythology:spear
[07Sep2025 02:47:26.096] [Server thread/INFO] [STDOUT/]: [net.bettercombat.logic.WeaponRegistry:loadContainers:91]: Loaded container: too_many_bows:spectral_whisper
[07Sep2025 02:47:26.097] [Server thread/INFO] [STDOUT/]: [net.bettercombat.logic.WeaponRegistry:loadContainers:91]: Loaded container: irons_spellbooks:spellbreaker
[07Sep2025 02:47:26.097] [Server thread/INFO] [STDOUT/]: [net.bettercombat.logic.WeaponRegistry:loadContainers:91]: Loaded container: born_in_chaos_v1:spider_bite_sword
[07Sep2025 02:47:26.097] [Server thread/INFO] [STDOUT/]: [net.bettercombat.logic.WeaponRegistry:loadContainers:91]: Loaded container: bettercombat:staff
[07Sep2025 02:47:26.098] [Server thread/INFO] [STDOUT/]: [net.bettercombat.logic.WeaponRegistry:loadContainers:91]: Loaded container: simplyswords:stars_edge
[07Sep2025 02:47:26.098] [Server thread/INFO] [STDOUT/]: [net.bettercombat.logic.WeaponRegistry:loadContainers:91]: Loaded container: minecraft:stone_sword
[07Sep2025 02:47:26.098] [Server thread/INFO] [STDOUT/]: [net.bettercombat.logic.WeaponRegistry:loadContainers:91]: Loaded container: simplyswords:stormbringer
[07Sep2025 02:47:26.099] [Server thread/INFO] [STDOUT/]: [net.bettercombat.logic.WeaponRegistry:loadContainers:91]: Loaded container: simplyswords:storms_edge
[07Sep2025 02:47:26.100] [Server thread/INFO] [STDOUT/]: [net.bettercombat.logic.WeaponRegistry:loadContainers:91]: Loaded container: simplyswords:stormscale
[07Sep2025 02:47:26.100] [Server thread/INFO] [STDOUT/]: [net.bettercombat.logic.WeaponRegistry:loadContainers:91]: Loaded container: simplyswords:sunfire
[07Sep2025 02:47:26.101] [Server thread/INFO] [STDOUT/]: [net.bettercombat.logic.WeaponRegistry:loadContainers:91]: Loaded container: bettercombat:sword
[07Sep2025 02:47:26.101] [Server thread/INFO] [STDOUT/]: [net.bettercombat.logic.WeaponRegistry:loadContainers:91]: Loaded container: simplyswords:sword_on_a_stick
[07Sep2025 02:47:26.102] [Server thread/INFO] [STDOUT/]: [net.bettercombat.logic.WeaponRegistry:loadContainers:91]: Loaded container: simplyswords:tainted_relic
[07Sep2025 02:47:26.102] [Server thread/INFO] [STDOUT/]: [net.bettercombat.logic.WeaponRegistry:loadContainers:91]: Loaded container: simplyswords:tempest
[07Sep2025 02:47:26.102] [Server thread/INFO] [STDOUT/]: [net.bettercombat.logic.WeaponRegistry:loadContainers:91]: Loaded container: samurai_dynasty:tetsubo
[07Sep2025 02:47:26.103] [Server thread/INFO] [STDOUT/]: [net.bettercombat.logic.WeaponRegistry:loadContainers:91]: Loaded container: samurai_dynasty:tetsubo_netherite
[07Sep2025 02:47:26.103] [Server thread/INFO] [STDOUT/]: [net.bettercombat.logic.WeaponRegistry:loadContainers:91]: Loaded container: simplyswords:the_dispatcher
[07Sep2025 02:47:26.103] [Server thread/INFO] [STDOUT/]: [net.bettercombat.logic.WeaponRegistry:loadContainers:91]: Loaded container: simplyswords:thunderbrand
[07Sep2025 02:47:26.104] [Server thread/INFO] [STDOUT/]: [net.bettercombat.logic.WeaponRegistry:loadContainers:91]: Loaded container: too_many_bows:tidal_bow
[07Sep2025 02:47:26.104] [Server thread/INFO] [STDOUT/]: [net.bettercombat.logic.WeaponRegistry:loadContainers:91]: Loaded container: samurai_dynasty:tonbukiri
[07Sep2025 02:47:26.104] [Server thread/INFO] [STDOUT/]: [net.bettercombat.logic.WeaponRegistry:loadContainers:91]: Loaded container: samurai_dynasty:tonbukiri_netherite
[07Sep2025 02:47:26.105] [Server thread/INFO] [STDOUT/]: [net.bettercombat.logic.WeaponRegistry:loadContainers:91]: Loaded container: too_many_bows:torchbearer
[07Sep2025 02:47:26.105] [Server thread/INFO] [STDOUT/]: [net.bettercombat.logic.WeaponRegistry:loadContainers:91]: Loaded container: simplyswords:toxic_longsword
[07Sep2025 02:47:26.105] [Server thread/INFO] [STDOUT/]: [net.bettercombat.logic.WeaponRegistry:loadContainers:91]: Loaded container: bettercombat:trident
[07Sep2025 02:47:26.106] [Server thread/INFO] [STDOUT/]: [net.bettercombat.logic.WeaponRegistry:loadContainers:91]: Loaded container: minecraft:trident
[07Sep2025 02:47:26.106] [Server thread/INFO] [STDOUT/]: [net.bettercombat.logic.WeaponRegistry:loadContainers:91]: Loaded container: irons_spellbooks:truthseeker
[07Sep2025 02:47:26.106] [Server thread/INFO] [STDOUT/]: [net.bettercombat.logic.WeaponRegistry:loadContainers:91]: Loaded container: simplyswords:twilight
[07Sep2025 02:47:26.106] [Server thread/INFO] [STDOUT/]: [net.bettercombat.logic.WeaponRegistry:loadContainers:91]: Loaded container: bettercombat:twin_blade
[07Sep2025 02:47:26.107] [Server thread/INFO] [STDOUT/]: [net.bettercombat.logic.WeaponRegistry:loadContainers:91]: Loaded container: too_many_bows:twin_shadows
[07Sep2025 02:47:26.107] [Server thread/INFO] [STDOUT/]: [net.bettercombat.logic.WeaponRegistry:loadContainers:91]: Loaded container: simplyswords:twisted_blade
[07Sep2025 02:47:26.107] [Server thread/INFO] [STDOUT/]: [net.bettercombat.logic.WeaponRegistry:loadContainers:91]: Loaded container: bettercombat:vanilla_mace
[07Sep2025 02:47:26.107] [Server thread/INFO] [STDOUT/]: [net.bettercombat.logic.WeaponRegistry:loadContainers:91]: Loaded container: too_many_bows:verdant_vigor
[07Sep2025 02:47:26.108] [Server thread/INFO] [STDOUT/]: [net.bettercombat.logic.WeaponRegistry:loadContainers:91]: Loaded container: too_many_bows:verdant_viper
[07Sep2025 02:47:26.108] [Server thread/INFO] [STDOUT/]: [net.bettercombat.logic.WeaponRegistry:loadContainers:91]: Loaded container: too_many_bows:vitality_weaver
[07Sep2025 02:47:26.108] [Server thread/INFO] [STDOUT/]: [net.bettercombat.logic.WeaponRegistry:loadContainers:91]: Loaded container: simplyswords:waking_lichblade
[07Sep2025 02:47:26.108] [Server thread/INFO] [STDOUT/]: [net.bettercombat.logic.WeaponRegistry:loadContainers:91]: Loaded container: samurai_dynasty:wakizashi
[07Sep2025 02:47:26.109] [Server thread/INFO] [STDOUT/]: [net.bettercombat.logic.WeaponRegistry:loadContainers:91]: Loaded container: samurai_dynasty:wakizashi_netherite
[07Sep2025 02:47:26.109] [Server thread/INFO] [STDOUT/]: [net.bettercombat.logic.WeaponRegistry:loadContainers:91]: Loaded container: bettercombat:wand
[07Sep2025 02:47:26.109] [Server thread/INFO] [STDOUT/]: [net.bettercombat.logic.WeaponRegistry:loadContainers:91]: Loaded container: simplyswords:watcher_claymore
[07Sep2025 02:47:26.110] [Server thread/INFO] [STDOUT/]: [net.bettercombat.logic.WeaponRegistry:loadContainers:91]: Loaded container: simplyswords:watching_warglaive
[07Sep2025 02:47:26.110] [Server thread/INFO] [STDOUT/]: [net.bettercombat.logic.WeaponRegistry:loadContainers:91]: Loaded container: simplyswords:waxweaver
[07Sep2025 02:47:26.110] [Server thread/INFO] [STDOUT/]: [net.bettercombat.logic.WeaponRegistry:loadContainers:91]: Loaded container: simplyswords:whisperwind
[07Sep2025 02:47:26.110] [Server thread/INFO] [STDOUT/]: [net.bettercombat.logic.WeaponRegistry:loadContainers:91]: Loaded container: simplyswords:wickpiercer
[07Sep2025 02:47:26.111] [Server thread/INFO] [STDOUT/]: [net.bettercombat.logic.WeaponRegistry:loadContainers:91]: Loaded container: too_many_bows:wind_bow
[07Sep2025 02:47:26.111] [Server thread/INFO] [STDOUT/]: [net.bettercombat.logic.WeaponRegistry:loadContainers:91]: Loaded container: minecraft:wooden_sword
[07Sep2025 02:47:26.111] [Server thread/INFO] [STDOUT/]: [net.bettercombat.logic.WeaponRegistry:loadContainers:91]: Loaded container: simplyswords:wraithfang
[07Sep2025 02:47:26.111] [Server thread/INFO] [STDOUT/]: [net.bettercombat.logic.WeaponRegistry:loadContainers:91]: Loaded container: supplementaries:wrench
[07Sep2025 02:47:26.226] [Server thread/INFO] [net.bettercombat.logic.WeaponRegistry/]: Encoded Weapon Attribute registry size (with package overhead): 30052 bytes (in 4 string chunks with the size of 10000)
[07Sep2025 02:47:26.500] [Server thread/INFO] [terrablender/]: Initialized TerraBlender biomes for level stem minecraft:the_nether
[07Sep2025 02:47:27.390] [Server thread/INFO] [terrablender/]: Initialized TerraBlender biomes for level stem minecraft:overworld
[07Sep2025 02:47:27.391] [Server thread/INFO] [net.minecraft.server.dedicated.DedicatedServer/]: Preparing level "world"
[07Sep2025 02:47:27.492] [Server thread/INFO] [CheckedThreadLocalRandom/]: Enforcing safe world random access
[07Sep2025 02:47:27.740] [Server thread/WARN] [mixin/]: @Redirect conflict. Skipping smoothchunk.mixins.json:ChunkMapSlowUnload from mod smoothchunk->@Redirect::getSize(Ljava/util/Queue;)I with priority 1000, already redirected by c2me-opts-scheduling.mixins.json:general_overheads.MixinThreadedAnvilChunkStorage from mod c2me_opts_scheduling->@Redirect::redirectUnloadSize(Ljava/util/Queue;)I with priority 1100
[07Sep2025 02:47:29.052] [Server thread/INFO] [TheSpeedyObjectFactory/]: Using TheSpeedyObjectFactory with Unsafe
[07Sep2025 02:47:46.501] [Server thread/WARN] [com.structureessentials.StructureEssentials/]: Non-unique structure_set salt:0 potentially creating overlapping structures detected. Structure sets: [minecraft:mineshafts, nmr:celestial_watcher_temple, nova_structures:end_castle, minecraft:strongholds, minecraft:buried_treasures]
[07Sep2025 02:47:46.501] [Server thread/WARN] [com.structureessentials.StructureEssentials/]: Non-unique structure_set salt:783 potentially creating overlapping structures detected. Structure sets: [nova_structures:badlands_miner_outpost_mineshafts, nova_structures:taverns, nova_structures:badlands_miner_outpost]
[07Sep2025 02:47:46.501] [Server thread/WARN] [com.structureessentials.StructureEssentials/]: Non-unique structure_set salt:433252558 potentially creating overlapping structures detected. Structure sets: [mvs:houses/azelea_house, mvs:houses/warped_house]
[07Sep2025 02:47:46.502] [Server thread/WARN] [com.structureessentials.StructureEssentials/]: Non-unique structure_set salt:1646207470 potentially creating overlapping structures detected. Structure sets: [mobs_of_mythology:automaton_structure, hyrule_terrors:bokoblin_fort, hopo:portal_dripstone]
[07Sep2025 02:47:46.502] [Server thread/WARN] [com.structureessentials.StructureEssentials/]: Non-unique structure_set salt:34222645 potentially creating overlapping structures detected. Structure sets: [nmr:astral_plane_exit_portals, minecraft:ruined_portals]
[07Sep2025 02:47:46.502] [Server thread/WARN] [com.structureessentials.StructureEssentials/]: Non-unique structure_set salt:169476080 potentially creating overlapping structures detected. Structure sets: [illagerinvasion:sorcerer_hut, irons_spellbooks:mangrove_hut]
[07Sep2025 02:47:46.502] [Server thread/WARN] [com.structureessentials.StructureEssentials/]: Non-unique structure_set salt:94251327 potentially creating overlapping structures detected. Structure sets: [trial_tower:trial_tower, minecraft:trial_chambers]
[07Sep2025 02:47:46.502] [Server thread/WARN] [com.structureessentials.StructureEssentials/]: Non-unique structure_set salt:78409300 potentially creating overlapping structures detected. Structure sets: [nova_structures:shrines, nova_structures:shrine_tower]
[07Sep2025 02:47:46.502] [Server thread/WARN] [com.structureessentials.StructureEssentials/]: Non-unique structure_set salt:213742069 potentially creating overlapping structures detected. Structure sets: [towns_and_towers:other, towns_and_towers:towers, towns_and_towers:towns]
[07Sep2025 02:47:46.502] [Server thread/WARN] [com.structureessentials.StructureEssentials/]: Non-unique structure_set salt:10387312 potentially creating overlapping structures detected. Structure sets: [minecraft:villages, nova_structures:villages_jungle, nova_structures:villages_swamp, joshie:village_ocean, nova_structures:villages_birch]
[07Sep2025 02:47:46.502] [Server thread/WARN] [com.structureessentials.StructureEssentials/]: Non-unique structure_set salt:21731007 potentially creating overlapping structures detected. Structure sets: [wabi_sabi_structures:ender_claw, wabi_sabi_structures:warped_ender_claw]
[07Sep2025 02:47:46.502] [Server thread/WARN] [com.structureessentials.StructureEssentials/]: Non-unique structure_set salt:725264198 potentially creating overlapping structures detected. Structure sets: [qrafty:jungle_treevillage, qrafty:camp]
[07Sep2025 02:47:46.503] [Server thread/WARN] [com.structureessentials.StructureEssentials/]: Non-unique structure_set salt:100922847 potentially creating overlapping structures detected. Structure sets: [mns:medium_house, mns:medium_house_2]
[07Sep2025 02:47:46.503] [Server thread/WARN] [com.structureessentials.StructureEssentials/]: Non-unique structure_set salt:1646201450 potentially creating overlapping structures detected. Structure sets: [nmr:end_spawner, nmr:ocean_spawner, nmr:beach_spawner, nmr:astral_plane_towers, nmr:astral_plane_skeletons, nmr:forest_spawner, nmr:astral_plane_campsides, nmr:flower_spawner]
[07Sep2025 02:47:46.503] [Server thread/WARN] [com.structureessentials.StructureEssentials/]: Non-unique structure_set salt:10387313 potentially creating overlapping structures detected. Structure sets: [minecraft:ocean_monuments, dungeoncrawl:dungeons, minecraft:end_cities]
[07Sep2025 02:47:46.503] [Server thread/WARN] [com.structureessentials.StructureEssentials/]: Non-unique structure_set salt:641996537 potentially creating overlapping structures detected. Structure sets: [qrafty:overworld_leak, qrafty:taiga, qrafty:enchanter, qrafty:sunken_city, qrafty:blacksmith, qrafty:farm]
[07Sep2025 02:47:46.503] [Server thread/WARN] [com.structureessentials.StructureEssentials/]: Non-unique structure_set salt:6942069 potentially creating overlapping structures detected. Structure sets: [nmr:penguins, structory:ruin_quiet, nmr:pig_pens]
[07Sep2025 02:47:46.503] [Server thread/WARN] [com.structureessentials.StructureEssentials/]: Non-unique structure_set salt:239021 potentially creating overlapping structures detected. Structure sets: [nova_structures:desert_ruins, nova_structures:jungle_ruins]
[07Sep2025 02:47:46.503] [Server thread/WARN] [com.structureessentials.StructureEssentials/]: Non-unique structure_set salt:19011220 potentially creating overlapping structures detected. Structure sets: [nmr:piglinauts, nmr:amemasu]
[07Sep2025 02:47:46.503] [Server thread/WARN] [com.structureessentials.StructureEssentials/]: Non-unique structure_set salt:27554018 potentially creating overlapping structures detected. Structure sets: [nmr:pillagernauts, nmr:redstone_dungeon]
[07Sep2025 02:47:46.503] [Server thread/WARN] [com.structureessentials.StructureEssentials/]: Non-unique structure_set salt:429454167 potentially creating overlapping structures detected. Structure sets: [farmers_structures:honey_cake_farms_with_all, farmers_structures:ratatouilles_with_all, farmers_structures:afterdark_farms_with_all, farmers_structures:flesh_farms_with_all, farmers_structures:squids_with_all]
[07Sep2025 02:47:46.503] [Server thread/WARN] [com.structureessentials.StructureEssentials/]: Non-unique structure_set salt:784827271 potentially creating overlapping structures detected. Structure sets: [betterfortresses:fortress, betteroceanmonuments:ocean_monument]
[07Sep2025 02:47:46.503] [Server thread/WARN] [com.structureessentials.StructureEssentials/]: Non-unique structure_set salt:420699602 potentially creating overlapping structures detected. Structure sets: [structory_towers:ultra_rare_towers, structory_towers:towers, structory_towers:end_towers]
[07Sep2025 02:47:46.504] [Server thread/WARN] [com.structureessentials.StructureEssentials/]: Non-unique structure_set salt:499672 potentially creating overlapping structures detected. Structure sets: [bosses_of_mass_destruction:obsidilith_arena, bosses_of_mass_destruction:gauntlet_arena]
[07Sep2025 02:47:46.504] [Server thread/WARN] [com.structureessentials.StructureEssentials/]: Non-unique structure_set salt:37839181 potentially creating overlapping structures detected. Structure sets: [unwrecked_ships:ship, qrafty:crane]
[07Sep2025 02:47:46.504] [Server thread/WARN] [com.structureessentials.StructureEssentials/]: Non-unique structure_set salt:1513104469 potentially creating overlapping structures detected. Structure sets: [qrafty:mushroom_village, qrafty:tsumago, qrafty:exogino, qrafty:bunker, qrafty:mangrove_village]
[07Sep2025 02:47:46.510] [Server thread/WARN] [com.structureessentials.StructureEssentials/]: Non-unique structure_set salt:4533232 potentially creating overlapping structures detected. Structure sets: [nova_structures:illager_camp, nova_structures:nether_camps]
[07Sep2025 02:47:46.511] [Server thread/INFO] [TerraBlenderFix/]: Optimizing surface rules
[07Sep2025 02:47:46.512] [Server thread/INFO] [TerraBlenderFix/]: Optimizing surface rules
[07Sep2025 02:47:46.512] [Server thread/INFO] [Regions Unexplored/]: Loading dimension "minecraft:the_nether" with biome source: "minecraft:multi_noise".
[07Sep2025 02:47:46.513] [Server thread/INFO] [net.minecraft.server.MinecraftServer/]: Preparing start region for dimension minecraft:overworld
[07Sep2025 02:47:46.833] [Server thread/INFO] [STDOUT/]: [ca.spottedleaf.starlight.common.thread.GlobalExecutors:<clinit>:20]: [ScalableLux] Lighting scaling is enabled in externally managed mode
[07Sep2025 02:47:47.148] [c2me-worker-2/WARN] [mixin/]: Method overwrite conflict for acquire in lithium.mixins.json:chunk.no_locking.PalettedContainerMixin from mod lithium, previously written by com.aziz.saturn.mixin.miscellaneous.threading_detector.PalettedContainerMixin. Skipping method.
[07Sep2025 02:47:47.148] [c2me-worker-2/WARN] [mixin/]: Method overwrite conflict for release in lithium.mixins.json:chunk.no_locking.PalettedContainerMixin from mod lithium, previously written by com.aziz.saturn.mixin.miscellaneous.threading_detector.PalettedContainerMixin. Skipping method.
[07Sep2025 02:47:47.525] [c2me-worker-2/INFO] [net.minecraft.server.level.progress.LoggerChunkProgressListener/]: Preparing spawn area: 0%
[07Sep2025 02:47:47.525] [c2me-worker-2/INFO] [net.minecraft.server.level.progress.LoggerChunkProgressListener/]: Preparing spawn area: 0%
[07Sep2025 02:47:47.525] [c2me-worker-0/INFO] [net.minecraft.server.level.progress.LoggerChunkProgressListener/]: Preparing spawn area: 0%
[07Sep2025 02:47:48.026] [c2me-worker-1/INFO] [net.minecraft.server.level.progress.LoggerChunkProgressListener/]: Preparing spawn area: 0%
[07Sep2025 02:47:48.520] [c2me-worker-0/INFO] [net.minecraft.server.level.progress.LoggerChunkProgressListener/]: Preparing spawn area: 8%
[07Sep2025 02:47:49.184] [c2me-worker-0/INFO] [net.minecraft.server.level.progress.LoggerChunkProgressListener/]: Preparing spawn area: 20%
[07Sep2025 02:47:50.590] [c2me-worker-0/INFO] [net.minecraft.server.level.progress.LoggerChunkProgressListener/]: Preparing spawn area: 20%
[07Sep2025 02:47:50.591] [c2me-worker-0/INFO] [net.minecraft.server.level.progress.LoggerChunkProgressListener/]: Preparing spawn area: 20%
[07Sep2025 02:47:50.597] [Server thread/INFO] [net.minecraft.server.level.progress.LoggerChunkProgressListener/]: Preparing spawn area: 22%
[07Sep2025 02:47:51.496] [c2me-worker-1/INFO] [net.minecraft.server.level.progress.LoggerChunkProgressListener/]: Preparing spawn area: 40%
[07Sep2025 02:47:51.539] [c2me-worker-1/INFO] [net.minecraft.server.level.progress.LoggerChunkProgressListener/]: Preparing spawn area: 40%
[07Sep2025 02:47:52.022] [Server thread/INFO] [net.minecraft.server.level.progress.LoggerChunkProgressListener/]: Preparing spawn area: 77%
[07Sep2025 02:47:52.115] [Server thread/INFO] [com.cupboard.Cupboard/]: Loaded config for: brutalbosses.json
[07Sep2025 02:47:52.138] [Server thread/INFO] [net.minecraft.server.level.progress.LoggerChunkProgressListener/]: Time elapsed: 5624 ms
[07Sep2025 02:47:52.138] [Server thread/INFO] [net.minecraft.server.dedicated.DedicatedServer/]: Done (26.661s)! For help, type "help"
[07Sep2025 02:47:52.853] [Server thread/INFO] [net.neoforged.neoforge.server.permission.PermissionAPI/]: Successfully initialized permission handler neoforge:default_handler
[07Sep2025 02:47:52.854] [Server thread/INFO] [net.veroxuniverse.samurai_dynasty.SamuraiDynastyMod/]: HELLO from server starting
[07Sep2025 02:47:58.293] [Server thread/INFO] [com.cupboard.Cupboard/]: Loaded config for: chunksending.json
[07Sep2025 02:47:58.304] [C2ME Storage #21/INFO] [C2ME Storage/]: Storage thread Thread[#121,C2ME Storage #21,5,SERVER] stopped
[07Sep2025 02:47:58.306] [C2ME Storage #20/INFO] [C2ME Storage/]: Storage thread Thread[#120,C2ME Storage #20,5,SERVER] stopped
[07Sep2025 02:47:58.306] [C2ME Storage #19/INFO] [C2ME Storage/]: Storage thread Thread[#119,C2ME Storage #19,5,SERVER] stopped
[07Sep2025 02:48:15.202] [Server thread/INFO] [com.cupboard.Cupboard/]: Loaded config for: smoothchunk.json
[07Sep2025 02:48:15.206] [Server thread/WARN] [ModernFix/]: Dedicated server took 94.61 seconds to load
[07Sep2025 02:48:52.872] [Server thread/INFO] [STDOUT/]: [net.caffeinemc.mods.lithium.common.block.TrackedBlockStatePredicate:<clinit>:13]: Lithium Cached BlockState Flags are disabled!
[07Sep2025 02:48:52.905] [Server thread/INFO] [net.minecraft.server.players.PlayerList/]: Celxex[/127.74.219.142:49417] logged in with entity id 22 at (-244.28276216087974, 66.0625, -325.4409444799098)
[07Sep2025 02:48:53.034] [Server thread/INFO] [net.minecraft.server.MinecraftServer/]: Celxex joined the game
[07Sep2025 02:48:53.078] [Server thread/INFO] [artifacts.Artifacts/]: Sending item configs to client
[07Sep2025 02:48:53.084] [Server thread/INFO] [net.alshanex.alshanex_familiars.AlshanexFamiliarsMod/]: Player Celxex logged in, syncing familiar and bed link data
[07Sep2025 02:48:53.085] [Server thread/INFO] [net.alshanex.alshanex_familiars.AlshanexFamiliarsMod/]: Player has 0 familiars and 0 bed links
[07Sep2025 02:48:54.806] [Server thread/ERROR] [net.minecraft.util.thread.BlockableEventLoop/FATAL]: Error executing task on Server
java.lang.UnsupportedOperationException: Payload omegaconfig:sync may not be sent to the client!
	at TRANSFORMER/neoforge@21.1.203/net.neoforged.neoforge.network.registration.NetworkRegistry.checkPacket(NetworkRegistry.java:446) ~[neoforge-21.1.203-universal.jar%23328!/:?]
	at TRANSFORMER/minecraft@1.21.1/net.minecraft.server.network.ServerCommonPacketListenerImpl.send(ServerCommonPacketListenerImpl.java:178) ~[server-1.21.1-20240808.144430-srg.jar%23327!/:?]
	at TRANSFORMER/minecraft@1.21.1/net.minecraft.server.network.ServerCommonPacketListenerImpl.send(ServerCommonPacketListenerImpl.java:173) ~[server-1.21.1-20240808.144430-srg.jar%23327!/:?]
	at TRANSFORMER/architectury@13.0.8/dev.architectury.networking.transformers.PacketSink.lambda$ofPlayer$0(PacketSink.java:33) ~[architectury-13.0.8-neoforge.jar%23344!/:?]
	at TRANSFORMER/architectury@13.0.8/dev.architectury.impl.NetworkAggregator.lambda$collectPackets$7(NetworkAggregator.java:155) ~[architectury-13.0.8-neoforge.jar%23344!/:?]
	at TRANSFORMER/architectury@13.0.8/dev.architectury.networking.transformers.PacketTransformer$1.outbound(PacketTransformer.java:52) ~[architectury-13.0.8-neoforge.jar%23344!/:?]
	at TRANSFORMER/architectury@13.0.8/dev.architectury.impl.NetworkAggregator.collectPackets(NetworkAggregator.java:149) ~[architectury-13.0.8-neoforge.jar%23344!/:?]
	at TRANSFORMER/architectury@13.0.8/dev.architectury.networking.NetworkManager.collectPackets(NetworkManager.java:137) ~[architectury-13.0.8-neoforge.jar%23344!/:?]
	at TRANSFORMER/architectury@13.0.8/dev.architectury.networking.NetworkManager.sendToPlayer(NetworkManager.java:157) ~[architectury-13.0.8-neoforge.jar%23344!/:?]
	at TRANSFORMER/omegaconfig@1.5.1/io.github.frqnny.omegaconfig.OmegaConfig.lambda$init$1(OmegaConfig.java:57) ~[omegaconfig-neoforge-1.5.1.jar%23756!/:?]
	at TRANSFORMER/minecraft@1.21.1/net.minecraft.server.TickTask.run(TickTask.java:18) ~[server-1.21.1-20240808.144430-srg.jar%23327!/:?]
	at TRANSFORMER/minecraft@1.21.1/net.minecraft.util.thread.BlockableEventLoop.doRunTask(BlockableEventLoop.java:148) ~[server-1.21.1-20240808.144430-srg.jar%23327!/:?]
	at TRANSFORMER/minecraft@1.21.1/net.minecraft.util.thread.ReentrantBlockableEventLoop.doRunTask(ReentrantBlockableEventLoop.java:23) ~[server-1.21.1-20240808.144430-srg.jar%23327!/:?]
	at TRANSFORMER/minecraft@1.21.1/net.minecraft.server.MinecraftServer.doRunTask(MinecraftServer.java:872) ~[server-1.21.1-20240808.144430-srg.jar%23327!/:?]
	at TRANSFORMER/minecraft@1.21.1/net.minecraft.server.MinecraftServer.doRunTask(MinecraftServer.java:170) ~[server-1.21.1-20240808.144430-srg.jar%23327!/:?]
	at TRANSFORMER/minecraft@1.21.1/net.minecraft.util.thread.BlockableEventLoop.pollTask(BlockableEventLoop.java:122) ~[server-1.21.1-20240808.144430-srg.jar%23327!/:?]
	at TRANSFORMER/minecraft@1.21.1/net.minecraft.server.MinecraftServer.pollTaskInternal(MinecraftServer.java:855) ~[server-1.21.1-20240808.144430-srg.jar%23327!/:?]
	at TRANSFORMER/minecraft@1.21.1/net.minecraft.server.MinecraftServer.pollTask(MinecraftServer.java:849) ~[server-1.21.1-20240808.144430-srg.jar%23327!/:?]
	at TRANSFORMER/minecraft@1.21.1/net.minecraft.util.thread.BlockableEventLoop.runAllTasks(BlockableEventLoop.java:111) ~[server-1.21.1-20240808.144430-srg.jar%23327!/:?]
	at TRANSFORMER/minecraft@1.21.1/net.minecraft.server.MinecraftServer.waitUntilNextTick(MinecraftServer.java:825) ~[server-1.21.1-20240808.144430-srg.jar%23327!/:?]
	at TRANSFORMER/minecraft@1.21.1/net.minecraft.server.MinecraftServer.runServer(MinecraftServer.java:712) ~[server-1.21.1-20240808.144430-srg.jar%23327!/:?]
	at TRANSFORMER/minecraft@1.21.1/net.minecraft.server.MinecraftServer.lambda$spin$2(MinecraftServer.java:267) ~[server-1.21.1-20240808.144430-srg.jar%23327!/:?]
	at java.base/java.lang.Thread.run(Thread.java:1583) [?:?]
[07Sep2025 02:48:54.857] [Server thread/WARN] [net.minecraft.server.MinecraftServer/]: Can't keep up! Is the server overloaded? Running 2049ms or 40 ticks behind
[07Sep2025 02:50:09.303] [Server thread/INFO] [net.minecraft.server.players.PlayerList/]: Yasame14[/127.29.80.37:37611] logged in with entity id 521 at (-213.44574122980723, 63.0, -285.7647028613382)
[07Sep2025 02:50:09.326] [Server thread/INFO] [net.minecraft.server.MinecraftServer/]: Yasame14 joined the game
[07Sep2025 02:50:09.332] [Server thread/INFO] [artifacts.Artifacts/]: Sending item configs to client
[07Sep2025 02:50:09.332] [Server thread/INFO] [net.alshanex.alshanex_familiars.AlshanexFamiliarsMod/]: Player Yasame14 logged in, syncing familiar and bed link data
[07Sep2025 02:50:09.332] [Server thread/INFO] [net.alshanex.alshanex_familiars.AlshanexFamiliarsMod/]: Player has 0 familiars and 0 bed links
[07Sep2025 02:50:09.439] [Server thread/ERROR] [net.minecraft.util.thread.BlockableEventLoop/FATAL]: Error executing task on Server
java.lang.UnsupportedOperationException: Payload omegaconfig:sync may not be sent to the client!
	at TRANSFORMER/neoforge@21.1.203/net.neoforged.neoforge.network.registration.NetworkRegistry.checkPacket(NetworkRegistry.java:446) ~[neoforge-21.1.203-universal.jar%23328!/:?]
	at TRANSFORMER/minecraft@1.21.1/net.minecraft.server.network.ServerCommonPacketListenerImpl.send(ServerCommonPacketListenerImpl.java:178) ~[server-1.21.1-20240808.144430-srg.jar%23327!/:?]
	at TRANSFORMER/minecraft@1.21.1/net.minecraft.server.network.ServerCommonPacketListenerImpl.send(ServerCommonPacketListenerImpl.java:173) ~[server-1.21.1-20240808.144430-srg.jar%23327!/:?]
	at TRANSFORMER/architectury@13.0.8/dev.architectury.networking.transformers.PacketSink.lambda$ofPlayer$0(PacketSink.java:33) ~[architectury-13.0.8-neoforge.jar%23344!/:?]
	at TRANSFORMER/architectury@13.0.8/dev.architectury.impl.NetworkAggregator.lambda$collectPackets$7(NetworkAggregator.java:155) ~[architectury-13.0.8-neoforge.jar%23344!/:?]
	at TRANSFORMER/architectury@13.0.8/dev.architectury.networking.transformers.PacketTransformer$1.outbound(PacketTransformer.java:52) ~[architectury-13.0.8-neoforge.jar%23344!/:?]
	at TRANSFORMER/architectury@13.0.8/dev.architectury.impl.NetworkAggregator.collectPackets(NetworkAggregator.java:149) ~[architectury-13.0.8-neoforge.jar%23344!/:?]
	at TRANSFORMER/architectury@13.0.8/dev.architectury.networking.NetworkManager.collectPackets(NetworkManager.java:137) ~[architectury-13.0.8-neoforge.jar%23344!/:?]
	at TRANSFORMER/architectury@13.0.8/dev.architectury.networking.NetworkManager.sendToPlayer(NetworkManager.java:157) ~[architectury-13.0.8-neoforge.jar%23344!/:?]
	at TRANSFORMER/omegaconfig@1.5.1/io.github.frqnny.omegaconfig.OmegaConfig.lambda$init$1(OmegaConfig.java:57) ~[omegaconfig-neoforge-1.5.1.jar%23756!/:?]
	at TRANSFORMER/minecraft@1.21.1/net.minecraft.server.TickTask.run(TickTask.java:18) ~[server-1.21.1-20240808.144430-srg.jar%23327!/:?]
	at TRANSFORMER/minecraft@1.21.1/net.minecraft.util.thread.BlockableEventLoop.doRunTask(BlockableEventLoop.java:148) ~[server-1.21.1-20240808.144430-srg.jar%23327!/:?]
	at TRANSFORMER/minecraft@1.21.1/net.minecraft.util.thread.ReentrantBlockableEventLoop.doRunTask(ReentrantBlockableEventLoop.java:23) ~[server-1.21.1-20240808.144430-srg.jar%23327!/:?]
	at TRANSFORMER/minecraft@1.21.1/net.minecraft.server.MinecraftServer.doRunTask(MinecraftServer.java:872) ~[server-1.21.1-20240808.144430-srg.jar%23327!/:?]
	at TRANSFORMER/minecraft@1.21.1/net.minecraft.server.MinecraftServer.doRunTask(MinecraftServer.java:170) ~[server-1.21.1-20240808.144430-srg.jar%23327!/:?]
	at TRANSFORMER/minecraft@1.21.1/net.minecraft.util.thread.BlockableEventLoop.pollTask(BlockableEventLoop.java:122) ~[server-1.21.1-20240808.144430-srg.jar%23327!/:?]
	at TRANSFORMER/minecraft@1.21.1/net.minecraft.server.MinecraftServer.pollTaskInternal(MinecraftServer.java:855) ~[server-1.21.1-20240808.144430-srg.jar%23327!/:?]
	at TRANSFORMER/minecraft@1.21.1/net.minecraft.server.MinecraftServer.pollTask(MinecraftServer.java:849) ~[server-1.21.1-20240808.144430-srg.jar%23327!/:?]
	at TRANSFORMER/minecraft@1.21.1/net.minecraft.util.thread.BlockableEventLoop.runAllTasks(BlockableEventLoop.java:111) ~[server-1.21.1-20240808.144430-srg.jar%23327!/:?]
	at TRANSFORMER/minecraft@1.21.1/net.minecraft.server.MinecraftServer.waitUntilNextTick(MinecraftServer.java:825) ~[server-1.21.1-20240808.144430-srg.jar%23327!/:?]
	at TRANSFORMER/minecraft@1.21.1/net.minecraft.server.MinecraftServer.runServer(MinecraftServer.java:712) ~[server-1.21.1-20240808.144430-srg.jar%23327!/:?]
	at TRANSFORMER/minecraft@1.21.1/net.minecraft.server.MinecraftServer.lambda$spin$2(MinecraftServer.java:267) ~[server-1.21.1-20240808.144430-srg.jar%23327!/:?]
	at java.base/java.lang.Thread.run(Thread.java:1583) [?:?]
[07Sep2025 02:50:24.804] [Server thread/WARN] [C2ME HookCompatibility/]: Certain optimizations may be disabled because ChunkDataEvent.Save is used by: [@SubscribeEvent: class dev.architectury.event.forge.EventHandlerImplCommon eventChunkDataEvent(Lnet/neoforged/neoforge/event/level/ChunkDataEvent$Save;)V]
[07Sep2025 02:50:26.422] [Server thread/INFO] [net.minecraft.server.MinecraftServer/]: Yasame14 was slain by Zombie
[07Sep2025 02:52:02.030] [Server thread/INFO] [net.minecraft.server.MinecraftServer/]: [Not Secure] <Celxex> sabra dios
[07Sep2025 02:53:17.332] [Server thread/INFO] [TerraBlenderFix/]: Optimizing surface rules
[07Sep2025 02:54:03.468] [Server thread/INFO] [net.minecraft.server.MinecraftServer/]: [Not Secure] <Celxex> del farmer delight hay complementos
[07Sep2025 02:54:29.354] [Server thread/INFO] [net.minecraft.server.MinecraftServer/]: [Not Secure] <Celxex> complementos son adicciones que se le pueden poner a un mod existente
[07Sep2025 02:54:31.479] [Server thread/INFO] [net.minecraft.server.MinecraftServer/]: [Not Secure] <Celxex> por ejemplo
[07Sep2025 02:54:40.369] [Server thread/INFO] [net.minecraft.server.MinecraftServer/]: [Not Secure] <Celxex> este mod se trata de comida verdad
[07Sep2025 02:54:49.243] [Server thread/INFO] [net.minecraft.server.MinecraftServer/]: [Not Secure] <Celxex> pero esta limitado a comida silveltre
[07Sep2025 02:54:57.941] [Server thread/INFO] [net.minecraft.server.MinecraftServer/]: [Not Secure] <Celxex> hay complementos para comida marina
[07Sep2025 02:55:00.524] [Server thread/INFO] [net.minecraft.server.MinecraftServer/]: [Not Secure] <Celxex> del nether
[07Sep2025 02:55:03.321] [Server thread/INFO] [net.minecraft.server.MinecraftServer/]: [Not Secure] <Celxex> del end
[07Sep2025 02:55:06.183] [Server thread/INFO] [net.minecraft.server.MinecraftServer/]: [Not Secure] <Celxex> y asi
[07Sep2025 02:55:10.343] [Server thread/INFO] [net.minecraft.server.MinecraftServer/]: [Not Secure] <Celxex> entiende
[07Sep2025 02:55:28.773] [Server thread/INFO] [net.minecraft.server.MinecraftServer/]: [Not Secure] <Celxex> luego te mando ejemplo
[07Sep2025 02:55:31.253] [Server thread/INFO] [net.minecraft.server.MinecraftServer/]: [Not Secure] <Celxex> que dijiste
[07Sep2025 02:55:35.930] [Server thread/INFO] [net.minecraft.server.MinecraftServer/]: [Not Secure] <Celxex> no escuche
[07Sep2025 02:56:02.833] [Server thread/INFO] [net.minecraft.server.MinecraftServer/]: [Not Secure] <Celxex> en terminos de madera
[07Sep2025 02:56:07.048] [Server thread/INFO] [net.minecraft.server.MinecraftServer/]: [Not Secure] <Celxex> no hay madera
[07Sep2025 02:56:15.626] [Server thread/INFO] [net.minecraft.server.MinecraftServer/]: [Not Secure] <Celxex> no
[07Sep2025 02:57:08.183] [Server thread/INFO] [net.minecraft.server.MinecraftServer/]: [Not Secure] <Celxex> mmmmmmmmmmmmm
[07Sep2025 02:57:24.932] [Server thread/INFO] [net.minecraft.server.MinecraftServer/]: [Not Secure] <Celxex> que cuadros
[07Sep2025 02:57:34.621] [Server thread/INFO] [net.minecraft.server.MinecraftServer/]: [Not Secure] <Celxex> cuales cuadros
[07Sep2025 02:58:01.090] [Server thread/INFO] [net.minecraft.server.MinecraftServer/]: [Not Secure] <Celxex> pues craftea un cuadro y quitas y pones haste que salga el que quieres
[07Sep2025 02:58:53.568] [Server thread/INFO] [net.minecraft.server.MinecraftServer/]: [Not Secure] <Celxex> mira
[07Sep2025 02:59:31.368] [Server thread/INFO] [net.minecraft.server.MinecraftServer/]: [Not Secure] <Celxex> eso te debo enseñar
[07Sep2025 02:59:36.468] [Server thread/INFO] [net.minecraft.server.MinecraftServer/]: [Not Secure] <Celxex> te hago tuto ?
[07Sep2025 02:59:40.822] [Server thread/INFO] [net.minecraft.server.MinecraftServer/]: [Not Secure] <Celxex> pues pon windon
[07Sep2025 02:59:41.833] [Server thread/INFO] [net.minecraft.server.MinecraftServer/]: [Not Secure] <Celxex> da
[07Sep2025 03:02:51.451] [Server thread/INFO] [net.minecraft.server.MinecraftServer/]: [Not Secure] <Celxex> yes
[07Sep2025 03:04:03.652] [Server thread/INFO] [net.minecraft.server.MinecraftServer/]: [Not Secure] <Celxex> el que parece lentes ?
[07Sep2025 03:04:17.438] [Server thread/INFO] [net.minecraft.server.MinecraftServer/]: [Not Secure] <Celxex> eso es para el happy ghast
[07Sep2025 03:04:19.794] [Server thread/INFO] [net.minecraft.server.MinecraftServer/]: [Not Secure] <Celxex> para montarlo
[07Sep2025 03:04:34.087] [Server thread/INFO] [net.minecraft.server.MinecraftServer/]: [Not Secure] <Celxex> hay que traerlo del nether
[07Sep2025 03:06:04.438] [Server thread/INFO] [net.minecraft.server.MinecraftServer/]: [Not Secure] <Celxex> no hay por que no meti mod de ventanas JKDAS
[07Sep2025 03:06:27.419] [Server thread/INFO] [net.minecraft.server.MinecraftServer/]: [Not Secure] <Celxex> dime algo para craftear
[07Sep2025 03:07:41.356] [Server thread/INFO] [net.minecraft.server.MinecraftServer/]: [Celxex: Set own game mode to Creative Mode]
[07Sep2025 03:07:58.394] [Server thread/INFO] [net.minecraft.server.MinecraftServer/]: [Celxex: Set own game mode to Survival Mode]
[07Sep2025 03:25:37.484] [Server thread/INFO] [net.alshanex.familiarslib.FamiliarsLib/]: Familiar ab6e42ff-918f-49a8-83bd-4e5339b74f18 exited house mode
[07Sep2025 03:25:37.488] [Server thread/INFO] [net.alshanex.familiarslib.FamiliarsLib/]: Familiar 21be8a8c-4961-4734-9222-75c7fa519d0c exited house mode
[07Sep2025 03:25:51.396] [Server thread/INFO] [net.alshanex.familiarslib.FamiliarsLib/]: Familiar 0c9b4ef7-718e-4c6c-8521-c86238c61f4b exited house mode
[07Sep2025 03:26:47.359] [Server thread/ERROR] [net.minecraft.world.item.ItemStack/]: Tried to load invalid item: 'No key id in MapLike[{}]'
[07Sep2025 03:26:47.362] [Server thread/ERROR] [net.minecraft.world.item.ItemStack/]: Tried to load invalid item: 'No key id in MapLike[{}]'
[07Sep2025 03:26:58.271] [Server thread/INFO] [net.alshanex.familiarslib.FamiliarsLib/]: Familiar 0c9b4ef7-718e-4c6c-8521-c86238c61f4b exited house mode
[07Sep2025 03:27:07.433] [Server thread/ERROR] [net.minecraft.world.item.ItemStack/]: Tried to load invalid item: 'No key id in MapLike[{}]'
[07Sep2025 03:27:07.437] [Server thread/ERROR] [net.minecraft.world.item.ItemStack/]: Tried to load invalid item: 'No key id in MapLike[{}]'
[07Sep2025 03:27:07.454] [Server thread/ERROR] [net.minecraft.world.item.ItemStack/]: Tried to load invalid item: 'No key id in MapLike[{}]'
[07Sep2025 03:27:10.882] [Server thread/ERROR] [net.minecraft.world.item.ItemStack/]: Tried to load invalid item: 'No key id in MapLike[{}]'
[07Sep2025 03:27:10.882] [Server thread/ERROR] [net.minecraft.world.item.ItemStack/]: Tried to load invalid item: 'No key id in MapLike[{}]'
[07Sep2025 03:28:30.822] [Server thread/INFO] [net.alshanex.alshanex_familiars.AlshanexFamiliarsMod/]: Processing death event for familiar 6f499adb-b28c-42aa-9560-b35f3b3e8bd6 with health 0.0 (BEFORE die() method)
[07Sep2025 03:28:30.822] [Server thread/WARN] [net.alshanex.alshanex_familiars.AlshanexFamiliarsMod/]: Dying familiar 6f499adb-b28c-42aa-9560-b35f3b3e8bd6 has no valid owner
[07Sep2025 03:30:31.323] [Server thread/INFO] [net.minecraft.server.MinecraftServer/]: Yasame14 died
[07Sep2025 03:31:48.282] [Server thread/INFO] [net.minecraft.server.MinecraftServer/]: Yasame14 died
[07Sep2025 03:32:45.672] [Server thread/INFO] [net.minecraft.server.MinecraftServer/]: Yasame14 died
[07Sep2025 03:33:17.638] [Server thread/INFO] [net.minecraft.server.MinecraftServer/]: [Celxex: Set the time to 1000]
[07Sep2025 03:33:31.244] [Server thread/INFO] [net.minecraft.server.MinecraftServer/]: Celxex withered away while fighting Klaudius Bloodglare
[07Sep2025 03:33:35.880] [Server thread/INFO] [net.minecraft.server.MinecraftServer/]: Celxex was not rescued in time
[07Sep2025 03:33:35.885] [Server thread/INFO] [com.tiviacz.travelersbackpack.TravelersBackpack/]: Created new backpack backup file for Celxex with unique ID travelersbackpack.standard_07.09.2025-03.33.35.dat
[07Sep2025 03:33:37.292] [Server thread/INFO] [net.alshanex.alshanex_familiars.AlshanexFamiliarsMod/]: Player Celxex cloned (death: true), copying familiar and bed link data
[07Sep2025 03:33:37.292] [Server thread/INFO] [net.alshanex.alshanex_familiars.AlshanexFamiliarsMod/]: Successfully copied 0 familiars and 0 bed links to new player
[07Sep2025 03:33:46.845] [Server thread/INFO] [net.minecraft.server.MinecraftServer/]: [Celxex: Teleported Celxex to Yasame14]
[07Sep2025 03:34:17.816] [Server thread/INFO] [net.minecraft.server.MinecraftServer/]: Celxex was slain by Klaudius Bloodglare
[07Sep2025 03:34:21.676] [Server thread/INFO] [net.minecraft.server.MinecraftServer/]: Celxex was not rescued in time
[07Sep2025 03:34:21.689] [Server thread/INFO] [com.tiviacz.travelersbackpack.TravelersBackpack/]: Created new backpack backup file for Celxex with unique ID travelersbackpack.standard_07.09.2025-03.34.21.dat
[07Sep2025 03:34:23.524] [Server thread/INFO] [net.alshanex.alshanex_familiars.AlshanexFamiliarsMod/]: Player Celxex cloned (death: true), copying familiar and bed link data
[07Sep2025 03:34:23.524] [Server thread/INFO] [net.alshanex.alshanex_familiars.AlshanexFamiliarsMod/]: Successfully copied 0 familiars and 0 bed links to new player
[07Sep2025 03:34:27.139] [Server thread/INFO] [net.minecraft.server.MinecraftServer/]: [Celxex: Teleported Celxex to Yasame14]
[07Sep2025 03:34:42.234] [Server thread/INFO] [net.minecraft.server.MinecraftServer/]: Celxex was slain by Klaudius Bloodglare
[07Sep2025 03:34:46.428] [Server thread/INFO] [net.minecraft.server.MinecraftServer/]: Celxex was not rescued in time
[07Sep2025 03:34:46.432] [Server thread/INFO] [com.tiviacz.travelersbackpack.TravelersBackpack/]: Created new backpack backup file for Celxex with unique ID travelersbackpack.standard_07.09.2025-03.34.46.dat
[07Sep2025 03:34:47.486] [Server thread/INFO] [net.alshanex.alshanex_familiars.AlshanexFamiliarsMod/]: Player Celxex cloned (death: true), copying familiar and bed link data
[07Sep2025 03:34:47.487] [Server thread/INFO] [net.alshanex.alshanex_familiars.AlshanexFamiliarsMod/]: Successfully copied 0 familiars and 0 bed links to new player
[07Sep2025 03:34:51.688] [Server thread/INFO] [net.minecraft.server.MinecraftServer/]: [Celxex: Teleported Celxex to Yasame14]
[07Sep2025 03:35:17.515] [Server thread/INFO] [net.minecraft.server.MinecraftServer/]: Celxex withered away while fighting Klaudius Bloodglare
[07Sep2025 03:35:19.615] [Server thread/INFO] [net.minecraft.server.MinecraftServer/]: Yasame14 died
[07Sep2025 03:35:21.599] [Server thread/INFO] [net.minecraft.server.MinecraftServer/]: Celxex was not rescued in time
[07Sep2025 03:35:21.607] [Server thread/INFO] [com.tiviacz.travelersbackpack.TravelersBackpack/]: Created new backpack backup file for Celxex with unique ID travelersbackpack.standard_07.09.2025-03.35.21.dat
[07Sep2025 03:35:23.008] [Server thread/INFO] [net.alshanex.alshanex_familiars.AlshanexFamiliarsMod/]: Player Celxex cloned (death: true), copying familiar and bed link data
[07Sep2025 03:35:23.008] [Server thread/INFO] [net.alshanex.alshanex_familiars.AlshanexFamiliarsMod/]: Successfully copied 0 familiars and 0 bed links to new player
[07Sep2025 03:35:27.300] [Server thread/INFO] [net.minecraft.server.MinecraftServer/]: [Celxex: Teleported Celxex to Yasame14]
[07Sep2025 03:35:37.223] [Server thread/INFO] [net.minecraft.server.MinecraftServer/]: Celxex has made the advancement [Shiny!]
[07Sep2025 03:35:37.225] [Server thread/INFO] [net.minecraft.world.entity.LivingEntity/]: Named entity Vindicator['Klaudius Bloodglare'/8602, l='ServerLevel[world]', x=-424.49, y=63.00, z=84.51] died: Klaudius Bloodglare was slain by Celxex
[07Sep2025 03:35:37.990] [Server thread/INFO] [net.minecraft.server.MinecraftServer/]: Yasame14 died
[07Sep2025 03:35:42.923] [Server thread/INFO] [net.minecraft.server.MinecraftServer/]: Yasame14 has made the advancement [Imbuements]
[07Sep2025 03:35:44.352] [Server thread/INFO] [net.minecraft.server.MinecraftServer/]: Yasame14 died
[07Sep2025 03:36:59.734] [c2me-worker-0/WARN] [mixin/]: Static binding violation: PRIVATE @Overwrite method getBuryContribution in c2me-opts-worldgen-vanilla.mixins.json:structure_weight_sampler.MixinStructureWeightSampler from mod c2me_opts_worldgen_vanilla cannot reduce visibiliy of PROTECTED target method, visibility will be upgraded.
[07Sep2025 03:37:06.375] [Server thread/INFO] [net.minecraft.server.MinecraftServer/]: Yasame14 was slain by Bokoblin
[07Sep2025 03:39:33.084] [Server thread/INFO] [net.alshanex.familiarslib.FamiliarsLib/]: Familiar 12b81143-e469-4f89-bf27-db64cf94cb78 exited house mode
[07Sep2025 03:39:33.085] [Server thread/INFO] [net.alshanex.familiarslib.FamiliarsLib/]: Familiar babdcf7b-9bf6-49d2-9230-6a3a27c093d6 exited house mode
[07Sep2025 03:39:33.086] [Server thread/INFO] [net.alshanex.familiarslib.FamiliarsLib/]: Familiar 562facfd-5aae-4ceb-be4a-25097af4cecd exited house mode
[07Sep2025 03:40:07.982] [Server thread/INFO] [net.alshanex.familiarslib.FamiliarsLib/]: Familiar 12b81143-e469-4f89-bf27-db64cf94cb78 exited house mode
[07Sep2025 03:40:07.983] [Server thread/INFO] [net.alshanex.familiarslib.FamiliarsLib/]: Familiar babdcf7b-9bf6-49d2-9230-6a3a27c093d6 exited house mode
[07Sep2025 03:40:07.983] [Server thread/INFO] [net.alshanex.familiarslib.FamiliarsLib/]: Familiar 562facfd-5aae-4ceb-be4a-25097af4cecd exited house mode
[07Sep2025 03:40:16.185] [Server thread/INFO] [net.minecraft.server.MinecraftServer/]: Celxex has made the advancement [Tools of the Trade]
[07Sep2025 03:40:20.831] [Server thread/INFO] [net.alshanex.familiarslib.FamiliarsLib/]: Familiar b28ae284-d39c-4dc7-8105-c3dc405f5a6f exited house mode
[07Sep2025 03:40:21.961] [c2me-worker-2/WARN] [net.minecraft.world.entity.ai.attributes.AttributeMap/]: Ignoring unknown attribute 'forge:entity_gravity'
[07Sep2025 03:40:21.962] [c2me-worker-2/WARN] [net.minecraft.world.entity.ai.attributes.AttributeMap/]: Ignoring unknown attribute 'forge:entity_gravity'
[07Sep2025 03:40:22.561] [Server thread/INFO] [net.alshanex.familiarslib.FamiliarsLib/]: Familiar 388cd22b-724d-45ad-aeea-4a1ec17631d2 exited house mode
[07Sep2025 03:40:22.562] [Server thread/INFO] [net.alshanex.familiarslib.FamiliarsLib/]: Familiar 55a9b553-2b15-48dd-a82d-9b72625257c4 exited house mode
[07Sep2025 03:40:31.989] [Server thread/INFO] [net.alshanex.familiarslib.FamiliarsLib/]: Familiar b28ae284-d39c-4dc7-8105-c3dc405f5a6f exited house mode
[07Sep2025 03:40:31.989] [Server thread/INFO] [net.alshanex.familiarslib.FamiliarsLib/]: Familiar 388cd22b-724d-45ad-aeea-4a1ec17631d2 exited house mode
[07Sep2025 03:40:31.990] [Server thread/INFO] [net.alshanex.familiarslib.FamiliarsLib/]: Familiar 55a9b553-2b15-48dd-a82d-9b72625257c4 exited house mode
[07Sep2025 03:40:38.365] [c2me-worker-2/WARN] [net.minecraft.world.entity.ai.attributes.AttributeMap/]: Ignoring unknown attribute 'forge:entity_gravity'
[07Sep2025 03:40:38.365] [c2me-worker-2/WARN] [net.minecraft.world.entity.ai.attributes.AttributeMap/]: Ignoring unknown attribute 'forge:entity_gravity'
[07Sep2025 03:40:38.365] [c2me-worker-2/WARN] [net.minecraft.world.entity.ai.attributes.AttributeMap/]: Ignoring unknown attribute 'forge:entity_gravity'
[07Sep2025 03:40:38.366] [c2me-worker-2/WARN] [net.minecraft.world.entity.ai.attributes.AttributeMap/]: Ignoring unknown attribute 'forge:entity_gravity'
[07Sep2025 03:40:38.366] [c2me-worker-2/WARN] [net.minecraft.world.entity.ai.attributes.AttributeMap/]: Ignoring unknown attribute 'forge:entity_gravity'
[07Sep2025 03:40:38.367] [c2me-worker-2/WARN] [net.minecraft.world.entity.ai.attributes.AttributeMap/]: Ignoring unknown attribute 'forge:entity_gravity'
[07Sep2025 03:41:45.211] [c2me-worker-0/ERROR] [net.minecraft.world.item.ItemStack/]: Tried to load invalid item: 'No key id in MapLike[{}]'
[07Sep2025 03:41:45.214] [c2me-worker-0/ERROR] [net.minecraft.world.item.ItemStack/]: Tried to load invalid item: 'No key id in MapLike[{}]'
[07Sep2025 03:43:45.119] [Server thread/INFO] [net.minecraft.server.MinecraftServer/]: [Celxex: Set the time to 1000]
[07Sep2025 03:44:01.947] [c2me-worker-2/ERROR] [net.minecraft.world.item.ItemStack/]: Tried to load invalid item: 'No key id in MapLike[{}]'
[07Sep2025 03:44:02.073] [c2me-worker-0/WARN] [net.minecraft.world.entity.EntityType/]: Skipping Entity with id lootr:lootr_minecart
[07Sep2025 03:44:02.074] [c2me-worker-0/WARN] [net.minecraft.world.entity.EntityType/]: Skipping Entity with id lootr:lootr_minecart
[07Sep2025 03:44:02.676] [c2me-worker-0/ERROR] [net.minecraft.world.item.ItemStack/]: Tried to load invalid item: 'No key id in MapLike[{}]'
[07Sep2025 03:44:02.714] [c2me-worker-0/ERROR] [net.minecraft.world.item.ItemStack/]: Tried to load invalid item: 'No key id in MapLike[{}]'
[07Sep2025 03:44:02.715] [c2me-worker-0/ERROR] [net.minecraft.world.item.ItemStack/]: Tried to load invalid item: 'No key id in MapLike[{}]'
[07Sep2025 03:44:23.247] [Server thread/ERROR] [net.minecraft.world.item.ItemStack/]: Tried to load invalid item: 'No key id in MapLike[{}]'
[07Sep2025 03:44:23.249] [Server thread/ERROR] [net.minecraft.world.item.ItemStack/]: Tried to load invalid item: 'No key id in MapLike[{}]'
[07Sep2025 03:44:23.251] [Server thread/ERROR] [net.minecraft.world.item.ItemStack/]: Tried to load invalid item: 'No key id in MapLike[{}]'
[07Sep2025 03:44:23.251] [Server thread/ERROR] [net.minecraft.world.item.ItemStack/]: Tried to load invalid item: 'No key id in MapLike[{}]'
[07Sep2025 03:44:23.268] [Server thread/ERROR] [net.minecraft.world.item.ItemStack/]: Tried to load invalid item: 'No key id in MapLike[{}]'
[07Sep2025 03:44:23.269] [Server thread/ERROR] [net.minecraft.world.item.ItemStack/]: Tried to load invalid item: 'No key id in MapLike[{}]'
[07Sep2025 03:44:23.715] [c2me-worker-2/ERROR] [net.minecraft.world.item.ItemStack/]: Tried to load invalid item: 'No key id in MapLike[{}]'
[07Sep2025 03:44:23.839] [c2me-worker-0/WARN] [net.minecraft.world.entity.EntityType/]: Skipping Entity with id lootr:lootr_minecart
[07Sep2025 03:44:23.865] [c2me-worker-2/ERROR] [net.minecraft.world.item.ItemStack/]: Tried to load invalid item: 'No key id in MapLike[{}]'
[07Sep2025 03:44:23.866] [c2me-worker-2/ERROR] [net.minecraft.world.item.ItemStack/]: Tried to load invalid item: 'No key id in MapLike[{}]'
[07Sep2025 03:44:30.437] [Server thread/ERROR] [net.minecraft.world.item.ItemStack/]: Tried to load invalid item: 'No key id in MapLike[{}]'
[07Sep2025 03:44:30.437] [Server thread/ERROR] [net.minecraft.world.item.ItemStack/]: Tried to load invalid item: 'No key id in MapLike[{}]'
[07Sep2025 03:44:30.439] [Server thread/ERROR] [net.minecraft.world.item.ItemStack/]: Tried to load invalid item: 'No key id in MapLike[{}]'
[07Sep2025 03:44:30.439] [Server thread/ERROR] [net.minecraft.world.item.ItemStack/]: Tried to load invalid item: 'No key id in MapLike[{}]'
[07Sep2025 03:44:30.439] [Server thread/ERROR] [net.minecraft.world.item.ItemStack/]: Tried to load invalid item: 'No key id in MapLike[{}]'
[07Sep2025 03:44:30.440] [Server thread/ERROR] [net.minecraft.world.item.ItemStack/]: Tried to load invalid item: 'No key id in MapLike[{}]'
[07Sep2025 03:44:31.076] [c2me-worker-0/ERROR] [net.minecraft.world.item.ItemStack/]: Tried to load invalid item: 'No key id in MapLike[{}]'
[07Sep2025 03:44:31.077] [c2me-worker-0/ERROR] [net.minecraft.world.item.ItemStack/]: Tried to load invalid item: 'No key id in MapLike[{}]'
[07Sep2025 03:44:31.096] [c2me-worker-0/ERROR] [net.minecraft.world.item.ItemStack/]: Tried to load invalid item: 'No key id in MapLike[{}]'
[07Sep2025 03:44:31.097] [c2me-worker-0/ERROR] [net.minecraft.world.item.ItemStack/]: Tried to load invalid item: 'No key id in MapLike[{}]'
[07Sep2025 03:44:31.109] [c2me-worker-0/ERROR] [net.minecraft.world.item.ItemStack/]: Tried to load invalid item: 'No key id in MapLike[{}]'
[07Sep2025 03:44:33.627] [Server thread/ERROR] [net.minecraft.world.item.ItemStack/]: Tried to load invalid item: 'No key id in MapLike[{}]'
[07Sep2025 03:44:33.627] [Server thread/ERROR] [net.minecraft.world.item.ItemStack/]: Tried to load invalid item: 'No key id in MapLike[{}]'
[07Sep2025 03:44:33.628] [Server thread/ERROR] [net.minecraft.world.item.ItemStack/]: Tried to load invalid item: 'No key id in MapLike[{}]'
[07Sep2025 03:44:33.628] [Server thread/ERROR] [net.minecraft.world.item.ItemStack/]: Tried to load invalid item: 'No key id in MapLike[{}]'
[07Sep2025 03:44:33.633] [Server thread/ERROR] [net.minecraft.world.item.ItemStack/]: Tried to load invalid item: 'No key id in MapLike[{}]'
[07Sep2025 03:45:21.901] [Server thread/ERROR] [net.minecraft.world.item.ItemStack/]: Tried to load invalid item: 'No key id in MapLike[{}]'
[07Sep2025 03:45:21.911] [Server thread/ERROR] [net.minecraft.world.item.ItemStack/]: Tried to load invalid item: 'No key id in MapLike[{}]'
[07Sep2025 03:45:21.912] [Server thread/ERROR] [net.minecraft.world.item.ItemStack/]: Tried to load invalid item: 'No key id in MapLike[{}]'
[07Sep2025 03:45:21.921] [Server thread/ERROR] [net.minecraft.world.item.ItemStack/]: Tried to load invalid item: 'No key id in MapLike[{}]'
[07Sep2025 03:45:26.841] [Server thread/ERROR] [net.minecraft.world.item.ItemStack/]: Tried to load invalid item: 'No key id in MapLike[{}]'
[07Sep2025 03:45:26.842] [Server thread/ERROR] [net.minecraft.world.item.ItemStack/]: Tried to load invalid item: 'No key id in MapLike[{}]'
[07Sep2025 03:45:26.842] [Server thread/ERROR] [net.minecraft.world.item.ItemStack/]: Tried to load invalid item: 'No key id in MapLike[{}]'
[07Sep2025 03:45:39.033] [Server thread/ERROR] [net.minecraft.world.item.ItemStack/]: Tried to load invalid item: 'No key id in MapLike[{}]'
[07Sep2025 03:45:57.876] [Server thread/INFO] [net.minecraft.world.entity.npc.Villager/]: Villager Villager['Villager'/14951, l='ServerLevel[world]', x=-309.49, y=62.56, z=99.51] died, message: 'Villager suffocated in a wall'
[07Sep2025 03:46:14.389] [Server thread/ERROR] [net.minecraft.world.item.ItemStack/]: Tried to load invalid item: 'No key id in MapLike[{}]'
[07Sep2025 03:46:14.390] [Server thread/ERROR] [net.minecraft.world.item.ItemStack/]: Tried to load invalid item: 'No key id in MapLike[{}]'
[07Sep2025 03:46:17.991] [Server thread/ERROR] [net.minecraft.world.item.ItemStack/]: Tried to load invalid item: 'No key id in MapLike[{}]'
[07Sep2025 03:46:31.167] [Server thread/INFO] [net.minecraft.world.entity.LivingEntity/]: Named entity Zombie['⚔ Xanthe Spiderborn'/14422, l='ServerLevel[world]', x=-294.36, y=132.00, z=184.18] died: ⚔ Xanthe Spiderborn burned to death
[07Sep2025 03:50:36.073] [Server thread/INFO] [net.alshanex.familiarslib.FamiliarsLib/]: Familiar 388cd22b-724d-45ad-aeea-4a1ec17631d2 exited house mode
[07Sep2025 03:50:36.076] [Server thread/INFO] [net.alshanex.familiarslib.FamiliarsLib/]: Familiar b28ae284-d39c-4dc7-8105-c3dc405f5a6f exited house mode
[07Sep2025 03:50:36.077] [Server thread/INFO] [net.alshanex.familiarslib.FamiliarsLib/]: Familiar 55a9b553-2b15-48dd-a82d-9b72625257c4 exited house mode
[07Sep2025 03:50:53.400] [Server thread/ERROR] [net.minecraft.world.item.ItemStack/]: Tried to load invalid item: 'No key id in MapLike[{}]'
[07Sep2025 03:50:54.748] [Server thread/ERROR] [net.minecraft.world.item.ItemStack/]: Tried to load invalid item: 'No key id in MapLike[{}]'
[07Sep2025 03:51:05.187] [Server thread/ERROR] [net.minecraft.world.item.ItemStack/]: Tried to load invalid item: 'No key id in MapLike[{}]'
[07Sep2025 03:51:05.188] [Server thread/ERROR] [net.minecraft.world.item.ItemStack/]: Tried to load invalid item: 'No key id in MapLike[{}]'
[07Sep2025 03:51:05.188] [Server thread/ERROR] [net.minecraft.world.item.ItemStack/]: Tried to load invalid item: 'No key id in MapLike[{}]'
[07Sep2025 03:51:14.172] [Server thread/INFO] [net.minecraft.server.MinecraftServer/]: Celxex has made the advancement [Spooky Scary Skeleton]
[07Sep2025 03:51:21.675] [Server thread/INFO] [net.minecraft.server.MinecraftServer/]: Yasame14 has made the advancement [Spooky Scary Skeleton]
[07Sep2025 03:51:42.907] [Server thread/ERROR] [net.minecraft.world.item.ItemStack/]: Tried to load invalid item: 'No key id in MapLike[{}]'
[07Sep2025 03:51:42.907] [Server thread/ERROR] [net.minecraft.world.item.ItemStack/]: Tried to load invalid item: 'No key id in MapLike[{}]'
[07Sep2025 03:51:42.908] [Server thread/ERROR] [net.minecraft.world.item.ItemStack/]: Tried to load invalid item: 'No key id in MapLike[{}]'
[07Sep2025 03:51:46.318] [Server thread/INFO] [net.alshanex.familiarslib.FamiliarsLib/]: Familiar 388cd22b-724d-45ad-aeea-4a1ec17631d2 exited house mode
[07Sep2025 03:51:46.319] [Server thread/INFO] [net.alshanex.familiarslib.FamiliarsLib/]: Familiar b28ae284-d39c-4dc7-8105-c3dc405f5a6f exited house mode
[07Sep2025 03:51:46.328] [Server thread/INFO] [net.alshanex.familiarslib.FamiliarsLib/]: Familiar 55a9b553-2b15-48dd-a82d-9b72625257c4 exited house mode
[07Sep2025 03:51:59.707] [Server thread/ERROR] [net.minecraft.world.item.ItemStack/]: Tried to load invalid item: 'No key id in MapLike[{}]'
[07Sep2025 03:51:59.708] [Server thread/ERROR] [net.minecraft.world.item.ItemStack/]: Tried to load invalid item: 'No key id in MapLike[{}]'
[07Sep2025 03:51:59.708] [Server thread/ERROR] [net.minecraft.world.item.ItemStack/]: Tried to load invalid item: 'No key id in MapLike[{}]'
[07Sep2025 03:52:04.107] [Server thread/ERROR] [net.minecraft.world.item.ItemStack/]: Tried to load invalid item: 'No key id in MapLike[{}]'
[07Sep2025 03:52:04.107] [Server thread/ERROR] [net.minecraft.world.item.ItemStack/]: Tried to load invalid item: 'No key id in MapLike[{}]'
[07Sep2025 03:52:04.109] [Server thread/INFO] [net.alshanex.familiarslib.FamiliarsLib/]: Familiar 80ad5c5f-28ec-404c-a68d-34c776675bf7 exited house mode
[07Sep2025 03:52:34.477] [Server thread/INFO] [net.alshanex.familiarslib.FamiliarsLib/]: Familiar babdcf7b-9bf6-49d2-9230-6a3a27c093d6 exited house mode
[07Sep2025 03:52:34.477] [Server thread/INFO] [net.alshanex.familiarslib.FamiliarsLib/]: Familiar 562facfd-5aae-4ceb-be4a-25097af4cecd exited house mode
[07Sep2025 03:55:38.476] [Server thread/INFO] [net.alshanex.familiarslib.FamiliarsLib/]: Familiar 12b81143-e469-4f89-bf27-db64cf94cb78 exited house mode
[07Sep2025 03:55:38.477] [Server thread/ERROR] [net.minecraft.world.item.ItemStack/]: Tried to load invalid item: 'No key id in MapLike[{}]'
[07Sep2025 03:55:38.478] [Server thread/ERROR] [net.minecraft.world.item.ItemStack/]: Tried to load invalid item: 'No key id in MapLike[{}]'
[07Sep2025 03:55:38.478] [Server thread/ERROR] [net.minecraft.world.item.ItemStack/]: Tried to load invalid item: 'No key id in MapLike[{}]'
[07Sep2025 03:55:38.479] [Server thread/ERROR] [net.minecraft.world.item.ItemStack/]: Tried to load invalid item: 'No key id in MapLike[{}]'
[07Sep2025 03:55:40.320] [Server thread/INFO] [net.minecraft.server.MinecraftServer/]: [Celxex: Set the time to 1000]
[07Sep2025 03:55:50.416] [Server thread/INFO] [net.minecraft.world.entity.npc.Villager/]: Villager Villager['Librarian'/8906, l='ServerLevel[world]', x=-273.50, y=53.56, z=115.50] died, message: 'Librarian suffocated in a wall'
[07Sep2025 03:55:58.982] [Server thread/INFO] [net.alshanex.familiarslib.FamiliarsLib/]: Familiar 562facfd-5aae-4ceb-be4a-25097af4cecd exited house mode
[07Sep2025 03:55:58.983] [Server thread/INFO] [net.alshanex.familiarslib.FamiliarsLib/]: Familiar babdcf7b-9bf6-49d2-9230-6a3a27c093d6 exited house mode
[07Sep2025 03:56:05.740] [Server thread/INFO] [net.alshanex.familiarslib.FamiliarsLib/]: Familiar 388cd22b-724d-45ad-aeea-4a1ec17631d2 exited house mode
[07Sep2025 03:56:05.740] [Server thread/INFO] [net.alshanex.familiarslib.FamiliarsLib/]: Familiar b28ae284-d39c-4dc7-8105-c3dc405f5a6f exited house mode
[07Sep2025 03:56:05.741] [Server thread/INFO] [net.alshanex.familiarslib.FamiliarsLib/]: Familiar 55a9b553-2b15-48dd-a82d-9b72625257c4 exited house mode
[07Sep2025 03:56:29.463] [Server thread/INFO] [net.minecraft.server.MinecraftServer/]: Yasame14 was slain by Skeleton
[07Sep2025 03:56:38.991] [Server thread/ERROR] [net.minecraft.world.item.ItemStack/]: Tried to load invalid item: 'No key id in MapLike[{}]'
[07Sep2025 03:56:38.994] [Server thread/INFO] [net.alshanex.familiarslib.FamiliarsLib/]: Familiar b10ae3c2-c1d8-4daf-822c-e6361fb77d9e exited house mode
[07Sep2025 03:56:43.177] [Server thread/INFO] [net.minecraft.server.MinecraftServer/]: Yasame14 was slain by Skeleton
[07Sep2025 03:57:24.976] [Server thread/INFO] [net.minecraft.server.MinecraftServer/]: Yasame14 died
[07Sep2025 03:57:39.984] [Server thread/ERROR] [net.minecraft.world.item.ItemStack/]: Tried to load invalid item: 'No key id in MapLike[{}]'
[07Sep2025 03:57:49.917] [Server thread/INFO] [net.minecraft.server.MinecraftServer/]: [Not Secure] <Celxex> pera
[07Sep2025 03:57:59.028] [Server thread/ERROR] [net.minecraft.world.item.ItemStack/]: Tried to load invalid item: 'No key id in MapLike[{}]'
[07Sep2025 03:57:59.028] [Server thread/ERROR] [net.minecraft.world.item.ItemStack/]: Tried to load invalid item: 'No key id in MapLike[{}]'
[07Sep2025 03:58:14.148] [Server thread/INFO] [net.minecraft.server.MinecraftServer/]: [Celxex: Set the weather to clear]
[07Sep2025 03:58:38.700] [Server thread/ERROR] [net.minecraft.world.item.ItemStack/]: Tried to load invalid item: 'No key id in MapLike[{}]'
[07Sep2025 03:58:38.701] [Server thread/ERROR] [net.minecraft.world.item.ItemStack/]: Tried to load invalid item: 'No key id in MapLike[{}]'
[07Sep2025 03:58:38.701] [Server thread/ERROR] [net.minecraft.world.item.ItemStack/]: Tried to load invalid item: 'No key id in MapLike[{}]'
[07Sep2025 03:58:38.701] [Server thread/ERROR] [net.minecraft.world.item.ItemStack/]: Tried to load invalid item: 'No key id in MapLike[{}]'
[07Sep2025 03:58:38.736] [Server thread/ERROR] [net.minecraft.world.item.ItemStack/]: Tried to load invalid item: 'No key id in MapLike[{}]'
[07Sep2025 03:58:38.737] [Server thread/ERROR] [net.minecraft.world.item.ItemStack/]: Tried to load invalid item: 'No key id in MapLike[{}]'
[07Sep2025 03:58:39.485] [c2me-worker-0/ERROR] [net.minecraft.world.item.ItemStack/]: Tried to load invalid item: 'No key id in MapLike[{}]'
[07Sep2025 03:58:39.486] [c2me-worker-0/ERROR] [net.minecraft.world.item.ItemStack/]: Tried to load invalid item: 'No key id in MapLike[{}]'
[07Sep2025 03:58:39.487] [c2me-worker-0/WARN] [net.minecraft.world.entity.EntityType/]: Skipping Entity with id lootr:lootr_minecart
[07Sep2025 03:58:39.551] [c2me-worker-0/ERROR] [net.minecraft.world.item.ItemStack/]: Tried to load invalid item: 'No key id in MapLike[{}]'
[07Sep2025 03:58:51.514] [Server thread/ERROR] [net.minecraft.world.item.ItemStack/]: Tried to load invalid item: 'No key id in MapLike[{}]'
[07Sep2025 03:58:51.514] [Server thread/ERROR] [net.minecraft.world.item.ItemStack/]: Tried to load invalid item: 'No key id in MapLike[{}]'
[07Sep2025 03:58:51.516] [Server thread/ERROR] [net.minecraft.world.item.ItemStack/]: Tried to load invalid item: 'No key id in MapLike[{}]'
[07Sep2025 03:58:52.317] [c2me-worker-2/ERROR] [net.minecraft.world.item.ItemStack/]: Tried to load invalid item: 'No key id in MapLike[{}]'
[07Sep2025 03:58:56.442] [c2me-worker-1/WARN] [net.minecraft.world.entity.ai.attributes.AttributeMap/]: Ignoring unknown attribute 'forge:entity_gravity'
[07Sep2025 03:58:56.443] [c2me-worker-1/WARN] [net.minecraft.world.entity.ai.attributes.AttributeMap/]: Ignoring unknown attribute 'forge:entity_gravity'
[07Sep2025 03:58:56.525] [c2me-worker-0/WARN] [net.minecraft.world.entity.ai.attributes.AttributeMap/]: Ignoring unknown attribute 'forge:entity_gravity'
[07Sep2025 03:58:56.525] [c2me-worker-0/WARN] [net.minecraft.world.entity.ai.attributes.AttributeMap/]: Ignoring unknown attribute 'forge:entity_gravity'
[07Sep2025 03:58:56.526] [c2me-worker-0/WARN] [net.minecraft.world.entity.ai.attributes.AttributeMap/]: Ignoring unknown attribute 'forge:entity_gravity'
[07Sep2025 03:58:56.526] [c2me-worker-0/WARN] [net.minecraft.world.entity.ai.attributes.AttributeMap/]: Ignoring unknown attribute 'forge:entity_gravity'
[07Sep2025 03:58:56.526] [c2me-worker-0/WARN] [net.minecraft.world.entity.ai.attributes.AttributeMap/]: Ignoring unknown attribute 'forge:entity_gravity'
[07Sep2025 03:58:56.527] [c2me-worker-0/WARN] [net.minecraft.world.entity.ai.attributes.AttributeMap/]: Ignoring unknown attribute 'forge:entity_gravity'
[07Sep2025 03:59:27.789] [c2me-worker-0/WARN] [net.minecraft.world.level.levelgen.heightproviders.UniformHeight/]: Empty height range: [30 absolute-20 absolute]
[07Sep2025 03:59:32.594] [c2me-worker-0/ERROR] [net.minecraft.world.item.ItemStack/]: Tried to load invalid item: 'No key id in MapLike[{}]'
[07Sep2025 03:59:32.595] [c2me-worker-0/ERROR] [net.minecraft.world.item.ItemStack/]: Tried to load invalid item: 'No key id in MapLike[{}]'
[07Sep2025 03:59:33.738] [c2me-worker-1/WARN] [lithostitched/]: Couldn't find template pool reference: minecraft:
[07Sep2025 03:59:33.740] [c2me-worker-1/WARN] [lithostitched/]: Couldn't find template pool reference: minecraft:
[07Sep2025 03:59:33.740] [c2me-worker-1/WARN] [lithostitched/]: Couldn't find template pool reference: minecraft:
[07Sep2025 03:59:33.741] [c2me-worker-1/WARN] [lithostitched/]: Couldn't find template pool reference: minecraft:
[07Sep2025 03:59:33.741] [c2me-worker-1/WARN] [lithostitched/]: Couldn't find template pool reference: minecraft:
[07Sep2025 03:59:33.741] [c2me-worker-1/WARN] [lithostitched/]: Couldn't find template pool reference: minecraft:
[07Sep2025 03:59:33.742] [c2me-worker-1/WARN] [lithostitched/]: Couldn't find template pool reference: minecraft:
[07Sep2025 03:59:33.742] [c2me-worker-1/WARN] [lithostitched/]: Couldn't find template pool reference: minecraft:
[07Sep2025 03:59:33.742] [c2me-worker-1/WARN] [lithostitched/]: Couldn't find template pool reference: minecraft:
[07Sep2025 03:59:33.742] [c2me-worker-1/WARN] [lithostitched/]: Couldn't find template pool reference: minecraft:
[07Sep2025 03:59:35.140] [c2me-worker-1/ERROR] [net.minecraft.world.item.ItemStack/]: Tried to load invalid item: 'No key id in MapLike[{}]'
[07Sep2025 03:59:35.188] [c2me-worker-0/ERROR] [net.minecraft.world.item.ItemStack/]: Tried to load invalid item: 'No key id in MapLike[{}]'
[07Sep2025 03:59:35.189] [c2me-worker-0/ERROR] [net.minecraft.world.item.ItemStack/]: Tried to load invalid item: 'No key id in MapLike[{}]'
[07Sep2025 03:59:35.568] [c2me-worker-0/ERROR] [net.minecraft.world.item.ItemStack/]: Tried to load invalid item: 'No key id in MapLike[{}]'
[07Sep2025 03:59:35.569] [c2me-worker-0/ERROR] [net.minecraft.world.item.ItemStack/]: Tried to load invalid item: 'No key id in MapLike[{}]'
[07Sep2025 03:59:35.603] [c2me-worker-0/ERROR] [net.minecraft.world.item.ItemStack/]: Tried to load invalid item: 'No key id in MapLike[{}]'
[07Sep2025 03:59:35.604] [c2me-worker-0/ERROR] [net.minecraft.world.item.ItemStack/]: Tried to load invalid item: 'No key id in MapLike[{}]'
[07Sep2025 03:59:35.604] [c2me-worker-0/ERROR] [net.minecraft.world.item.ItemStack/]: Tried to load invalid item: 'No key id in MapLike[{}]'
[07Sep2025 03:59:35.667] [c2me-worker-1/ERROR] [net.minecraft.world.item.ItemStack/]: Tried to load invalid item: 'No key id in MapLike[{}]'
[07Sep2025 03:59:36.314] [c2me-worker-1/WARN] [net.minecraft.world.entity.ai.attributes.AttributeMap/]: Ignoring unknown attribute 'forge:entity_gravity'
[07Sep2025 03:59:36.314] [c2me-worker-1/WARN] [net.minecraft.world.entity.ai.attributes.AttributeMap/]: Ignoring unknown attribute 'forge:entity_gravity'
[07Sep2025 03:59:36.315] [c2me-worker-1/WARN] [net.minecraft.world.entity.ai.attributes.AttributeMap/]: Ignoring unknown attribute 'forge:entity_gravity'
[07Sep2025 03:59:36.345] [c2me-worker-1/ERROR] [net.minecraft.world.item.ItemStack/]: Tried to load invalid item: 'No key id in MapLike[{}]'
[07Sep2025 03:59:36.346] [c2me-worker-1/ERROR] [net.minecraft.world.item.ItemStack/]: Tried to load invalid item: 'No key id in MapLike[{}]'
[07Sep2025 03:59:40.151] [Server thread/ERROR] [net.minecraft.world.item.ItemStack/]: Tried to load invalid item: 'No key id in MapLike[{}]'
[07Sep2025 03:59:40.151] [Server thread/ERROR] [net.minecraft.world.item.ItemStack/]: Tried to load invalid item: 'No key id in MapLike[{}]'
[07Sep2025 03:59:40.175] [Server thread/ERROR] [net.minecraft.world.item.ItemStack/]: Tried to load invalid item: 'No key id in MapLike[{}]'
[07Sep2025 03:59:41.705] [c2me-worker-1/ERROR] [net.minecraft.world.item.ItemStack/]: Tried to load invalid item: 'No key id in MapLike[{}]'
[07Sep2025 03:59:41.773] [c2me-worker-2/ERROR] [net.minecraft.world.item.ItemStack/]: Tried to load invalid item: 'No key id in MapLike[{}]'
[07Sep2025 03:59:41.809] [c2me-worker-0/ERROR] [net.minecraft.world.item.ItemStack/]: Tried to load invalid item: 'No key id in MapLike[{}]'
[07Sep2025 03:59:41.810] [c2me-worker-0/ERROR] [net.minecraft.world.item.ItemStack/]: Tried to load invalid item: 'No key id in MapLike[{}]'
[07Sep2025 03:59:42.684] [Server thread/ERROR] [net.minecraft.world.item.ItemStack/]: Tried to load invalid item: 'No key id in MapLike[{}]'
[07Sep2025 03:59:42.684] [Server thread/ERROR] [net.minecraft.world.item.ItemStack/]: Tried to load invalid item: 'No key id in MapLike[{}]'
[07Sep2025 03:59:44.216] [c2me-worker-0/WARN] [net.minecraft.world.entity.ai.attributes.AttributeMap/]: Ignoring unknown attribute 'forge:entity_gravity'
[07Sep2025 03:59:45.138] [Server thread/ERROR] [net.minecraft.world.item.ItemStack/]: Tried to load invalid item: 'No key id in MapLike[{}]'
[07Sep2025 03:59:45.140] [Server thread/ERROR] [net.minecraft.world.item.ItemStack/]: Tried to load invalid item: 'No key id in MapLike[{}]'
[07Sep2025 03:59:45.140] [Server thread/ERROR] [net.minecraft.world.item.ItemStack/]: Tried to load invalid item: 'No key id in MapLike[{}]'
[07Sep2025 03:59:45.163] [Server thread/ERROR] [net.minecraft.world.item.ItemStack/]: Tried to load invalid item: 'No key id in MapLike[{}]'
[07Sep2025 03:59:49.143] [Server thread/ERROR] [net.minecraft.world.item.ItemStack/]: Tried to load invalid item: 'No key id in MapLike[{}]'
[07Sep2025 04:00:33.890] [Server thread/ERROR] [net.minecraft.world.item.ItemStack/]: Tried to load invalid item: 'No key id in MapLike[{}]'
[07Sep2025 04:00:33.890] [Server thread/ERROR] [net.minecraft.world.item.ItemStack/]: Tried to load invalid item: 'No key id in MapLike[{}]'
[07Sep2025 04:00:33.890] [Server thread/ERROR] [net.minecraft.world.item.ItemStack/]: Tried to load invalid item: 'No key id in MapLike[{}]'
[07Sep2025 04:00:36.284] [Server thread/ERROR] [net.minecraft.world.item.ItemStack/]: Tried to load invalid item: 'No key id in MapLike[{}]'
[07Sep2025 04:00:36.285] [Server thread/ERROR] [net.minecraft.world.item.ItemStack/]: Tried to load invalid item: 'No key id in MapLike[{}]'
[07Sep2025 04:00:36.285] [Server thread/ERROR] [net.minecraft.world.item.ItemStack/]: Tried to load invalid item: 'No key id in MapLike[{}]'
[07Sep2025 04:03:25.239] [Server thread/ERROR] [net.minecraft.world.item.ItemStack/]: Tried to load invalid item: 'No key id in MapLike[{}]'
[07Sep2025 04:03:25.261] [Server thread/ERROR] [net.minecraft.world.item.ItemStack/]: Tried to load invalid item: 'No key id in MapLike[{}]'
[07Sep2025 04:04:42.290] [Server thread/ERROR] [net.minecraft.world.item.ItemStack/]: Tried to load invalid item: 'No key id in MapLike[{}]'
[07Sep2025 04:04:55.002] [pool-6-thread-1/INFO] [Supplementaries/]: Searching for closest structure among [ResourceKey[minecraft:worldgen/structure / ctov:small/village_mushroom], ResourceKey[minecraft:worldgen/structure / ctov:small/village_swamp_fortified], ResourceKey[minecraft:worldgen/structure / ctov:large/village_desert_oasis], ResourceKey[minecraft:worldgen/structure / ctov:small/village_savanna], ResourceKey[minecraft:worldgen/structure / towns_and_towers:village_snowy_slopes], ResourceKey[minecraft:worldgen/structure / ctov:small/village_mountain_alpine], ResourceKey[minecraft:worldgen/structure / biomeswevegone:village/red_rock], ResourceKey[minecraft:worldgen/structure / ctov:large/village_taiga_fortified]] from pos BlockPos{x=-299, y=74, z=693}
[07Sep2025 04:04:58.831] [Server thread/WARN] [net.minecraft.server.MinecraftServer/]: Can't keep up! Is the server overloaded? Running 2824ms or 56 ticks behind
[07Sep2025 04:04:58.850] [Server thread/WARN] [net.minecraft.server.network.ServerGamePacketListenerImpl/]: Maple Boat (vehicle of Yasame14) moved too quickly! -5.196994824926406,2.974175572489912E-9,8.976978154472704
[07Sep2025 04:04:58.850] [Server thread/WARN] [net.minecraft.server.network.ServerGamePacketListenerImpl/]: Maple Boat (vehicle of Yasame14) moved too quickly! -5.406060798659837,2.9935662837488053E-9,9.317738397090011
[07Sep2025 04:04:58.851] [Server thread/WARN] [net.minecraft.server.network.ServerGamePacketListenerImpl/]: Maple Boat (vehicle of Yasame14) moved too quickly! -5.615392795979403,3.012267768554011E-9,9.658359607059424
[07Sep2025 04:04:58.851] [Server thread/WARN] [net.minecraft.server.network.ServerGamePacketListenerImpl/]: Maple Boat (vehicle of Yasame14) moved too quickly! -5.824967468561255,3.028922890280228E-9,9.998853657365885
[07Sep2025 04:04:58.851] [Server thread/WARN] [net.minecraft.server.network.ServerGamePacketListenerImpl/]: Maple Boat (vehicle of Yasame14) moved too quickly! -6.034763801051781,3.042671892217186E-9,10.3392312336955
[07Sep2025 04:04:58.851] [Server thread/WARN] [net.minecraft.server.network.ServerGamePacketListenerImpl/]: Maple Boat (vehicle of Yasame14) moved too quickly! -6.244762881495944,3.0531168704328593E-9,10.679501949440237
[07Sep2025 04:04:58.851] [Server thread/WARN] [net.minecraft.server.network.ServerGamePacketListenerImpl/]: Maple Boat (vehicle of Yasame14) moved too quickly! -6.454947687271954,3.0602222977904603E-9,11.019674460377814
[07Sep2025 04:04:58.851] [Server thread/WARN] [net.minecraft.server.network.ServerGamePacketListenerImpl/]: Maple Boat (vehicle of Yasame14) moved too quickly! -6.665302899883272,3.0642439696748625E-9,11.359756556708135
[07Sep2025 04:04:58.852] [Server thread/WARN] [net.minecraft.server.network.ServerGamePacketListenerImpl/]: Maple Boat (vehicle of Yasame14) moved too quickly! -6.875814730820736,3.065622422582237E-9,11.699755249610917
[07Sep2025 04:04:58.852] [Server thread/WARN] [net.minecraft.server.network.ServerGamePacketListenerImpl/]: Maple Boat (vehicle of Yasame14) moved too quickly! -7.086467518247986,3.0649047744191193E-9,12.03967887943088
[07Sep2025 04:04:58.852] [Server thread/WARN] [net.minecraft.server.network.ServerGamePacketListenerImpl/]: Maple Boat (vehicle of Yasame14) moved too quickly! -7.297250418691135,3.0626736702288326E-9,12.379532918469636
[07Sep2025 04:04:58.852] [Server thread/WARN] [net.minecraft.server.network.ServerGamePacketListenerImpl/]: Maple Boat (vehicle of Yasame14) moved too quickly! -7.508153673023912,3.0594904387726274E-9,12.719322295523625
[07Sep2025 04:04:58.852] [Server thread/WARN] [net.minecraft.server.network.ServerGamePacketListenerImpl/]: Maple Boat (vehicle of Yasame14) moved too quickly! -7.7191652458544695,3.0558524599655357E-9,13.059053476792997
[07Sep2025 04:04:58.852] [Server thread/WARN] [net.minecraft.server.network.ServerGamePacketListenerImpl/]: Maple Boat (vehicle of Yasame14) moved too quickly! -7.9302775575089015,3.0521718485942984E-9,13.398730247849016
[07Sep2025 04:04:58.853] [Server thread/WARN] [net.minecraft.server.network.ServerGamePacketListenerImpl/]: Maple Boat (vehicle of Yasame14) moved too quickly! -8.141480534102413,3.04876124346265E-9,13.738358049714293
[07Sep2025 04:04:58.853] [Server thread/WARN] [net.minecraft.server.network.ServerGamePacketListenerImpl/]: Maple Boat (vehicle of Yasame14) moved too quickly! -8.352765109138915,3.0458338073913183E-9,14.077941779309185
[07Sep2025 04:04:58.853] [Server thread/WARN] [net.minecraft.server.network.ServerGamePacketListenerImpl/]: Maple Boat (vehicle of Yasame14) moved too quickly! -8.564126374950632,3.0435103326453827E-9,14.417483809853138
[07Sep2025 04:04:58.853] [Server thread/WARN] [net.minecraft.server.network.ServerGamePacketListenerImpl/]: Maple Boat (vehicle of Yasame14) moved too quickly! -8.775556662458172,3.041833451788989E-9,14.756988311252371
[07Sep2025 04:04:58.853] [Server thread/WARN] [net.minecraft.server.network.ServerGamePacketListenerImpl/]: Maple Boat (vehicle of Yasame14) moved too quickly! -8.987049069490325,3.0407747431127063E-9,15.096459036422175
[07Sep2025 04:04:58.853] [Server thread/WARN] [net.minecraft.server.network.ServerGamePacketListenerImpl/]: Maple Boat (vehicle of Yasame14) moved too quickly! -9.198597384093148,3.040263152342959E-9,15.435899362986333
[07Sep2025 04:04:58.854] [Server thread/WARN] [net.minecraft.server.network.ServerGamePacketListenerImpl/]: Maple Boat (vehicle of Yasame14) moved too quickly! -9.410199267686693,3.0402063089240983E-9,15.775310300522847
[07Sep2025 04:04:58.854] [Server thread/WARN] [net.minecraft.server.network.ServerGamePacketListenerImpl/]: Maple Boat (vehicle of Yasame14) moved too quickly! -9.621849363370586,3.04049763144576E-9,16.114694787935264
[07Sep2025 04:04:58.854] [Server thread/WARN] [net.minecraft.server.network.ServerGamePacketListenerImpl/]: Maple Boat (vehicle of Yasame14) moved too quickly! -9.833542849934645,3.0410234330702224E-9,16.454055470236653
[07Sep2025 04:04:58.854] [Server thread/WARN] [net.minecraft.server.network.ServerGamePacketListenerImpl/]: Maple Boat (vehicle of Yasame14) moved too quickly! -10.04527538828981,3.0416842378144793E-9,16.793394727938562
[07Sep2025 04:04:58.854] [Server thread/WARN] [net.minecraft.server.network.ServerGamePacketListenerImpl/]: Maple Boat (vehicle of Yasame14) moved too quickly! -10.257043073256057,3.0423947805502394E-9,17.132714703501506
[07Sep2025 04:04:58.854] [Server thread/WARN] [net.minecraft.server.network.ServerGamePacketListenerImpl/]: Maple Boat (vehicle of Yasame14) moved too quickly! -10.468842390171432,3.043076901576569E-9,17.47201732513986
[07Sep2025 04:04:58.854] [Server thread/WARN] [net.minecraft.server.network.ServerGamePacketListenerImpl/]: Maple Boat (vehicle of Yasame14) moved too quickly! -10.680673428018707,3.0436879683293228E-9,17.811302294237976
[07Sep2025 04:04:58.855] [Server thread/WARN] [net.minecraft.server.network.ServerGamePacketListenerImpl/]: Maple Boat (vehicle of Yasame14) moved too quickly! -10.892533014703929,3.0441924536717124E-9,18.15057137605038
[07Sep2025 04:04:58.855] [Server thread/WARN] [net.minecraft.server.network.ServerGamePacketListenerImpl/]: Maple Boat (vehicle of Yasame14) moved too quickly! -11.104418295342612,3.044576146749023E-9,18.48982615930595
[07Sep2025 04:04:58.855] [Server thread/WARN] [net.minecraft.server.network.ServerGamePacketListenerImpl/]: Maple Boat (vehicle of Yasame14) moved too quickly! -11.31632670053881,3.044839047561254E-9,18.82906807386064
[07Sep2025 04:04:58.855] [Server thread/WARN] [net.minecraft.server.network.ServerGamePacketListenerImpl/]: Maple Boat (vehicle of Yasame14) moved too quickly! -11.52825591783622,3.0449882615357637E-9,19.168298406584995
[07Sep2025 04:04:58.855] [Server thread/WARN] [net.minecraft.server.network.ServerGamePacketListenerImpl/]: Maple Boat (vehicle of Yasame14) moved too quickly! -11.740203866024217,3.0450451049546245E-9,19.507518315662196
[07Sep2025 04:05:02.854] [Server thread/WARN] [net.minecraft.server.network.ServerGamePacketListenerImpl/]: Maple Boat (vehicle of Yasame14) moved too quickly! -6.963951468183069,8.903811021809815E-11,11.210660904724477
[07Sep2025 04:05:02.855] [Server thread/WARN] [net.minecraft.server.network.ServerGamePacketListenerImpl/]: Maple Boat (vehicle of Yasame14) moved too quickly! -7.175931446192749,8.895995051716454E-11,11.549862989365806
[07Sep2025 04:05:02.855] [Server thread/WARN] [net.minecraft.server.network.ServerGamePacketListenerImpl/]: Maple Boat (vehicle of Yasame14) moved too quickly! -7.38792507902059,8.884626367944293E-11,11.889057475169011
[07Sep2025 04:05:02.855] [Server thread/WARN] [net.minecraft.server.network.ServerGamePacketListenerImpl/]: Maple Boat (vehicle of Yasame14) moved too quickly! -7.599931001184444,8.871126055964851E-11,12.228245122018166
[07Sep2025 04:05:02.856] [Server thread/WARN] [net.minecraft.server.network.ServerGamePacketListenerImpl/]: Maple Boat (vehicle of Yasame14) moved too quickly! -7.8119479837504,8.857625743985409E-11,12.56742661380872
[07Sep2025 04:05:02.856] [Server thread/WARN] [net.minecraft.server.network.ServerGamePacketListenerImpl/]: Maple Boat (vehicle of Yasame14) moved too quickly! -8.023974920678,8.844835974741727E-11,12.906602566046672
[07Sep2025 04:05:02.857] [Server thread/WARN] [net.minecraft.server.network.ServerGamePacketListenerImpl/]: Maple Boat (vehicle of Yasame14) moved too quickly! -8.236599296914022,8.834177833705326E-11,13.245398265569293
[07Sep2025 04:05:02.861] [Server thread/WARN] [net.minecraft.server.network.ServerGamePacketListenerImpl/]: Maple Boat (vehicle of Yasame14) moved too quickly! -7.063441060214217,8.628120440334897E-11,7.417623071716889
[07Sep2025 04:05:02.861] [Server thread/WARN] [net.minecraft.server.network.ServerGamePacketListenerImpl/]: Maple Boat (vehicle of Yasame14) moved too quickly! -7.386813964398954,8.684253316459944E-11,7.647682652492449
[07Sep2025 04:05:02.861] [Server thread/WARN] [net.minecraft.server.network.ServerGamePacketListenerImpl/]: Maple Boat (vehicle of Yasame14) moved too quickly! -7.712264718654012,8.738254564377712E-11,7.875122479416859
[07Sep2025 04:05:02.861] [Server thread/WARN] [net.minecraft.server.network.ServerGamePacketListenerImpl/]: Maple Boat (vehicle of Yasame14) moved too quickly! -8.039640139502723,8.785860927673639E-11,8.100112068095086
[07Sep2025 04:05:02.863] [Server thread/WARN] [net.minecraft.server.network.ServerGamePacketListenerImpl/]: Maple Boat (vehicle of Yasame14) moved too quickly! -8.368798241648676,8.824940778140444E-11,8.32281045712216
[07Sep2025 04:05:02.863] [Server thread/WARN] [net.minecraft.server.network.ServerGamePacketListenerImpl/]: Maple Boat (vehicle of Yasame14) moved too quickly! -8.699605229435207,8.854783573042369E-11,8.543370597369744
[07Sep2025 04:05:02.863] [Server thread/WARN] [net.minecraft.server.network.ServerGamePacketListenerImpl/]: Maple Boat (vehicle of Yasame14) moved too quickly! -9.031936678362172,8.874678769643651E-11,8.761936680640474
[07Sep2025 04:05:02.863] [Server thread/WARN] [net.minecraft.server.network.ServerGamePacketListenerImpl/]: Maple Boat (vehicle of Yasame14) moved too quickly! -9.365676627772388,8.886047453415813E-11,8.978645041652271
[07Sep2025 04:05:02.863] [Server thread/WARN] [net.minecraft.server.network.ServerGamePacketListenerImpl/]: Maple Boat (vehicle of Yasame14) moved too quickly! -9.700716775445272,8.889600167094613E-11,9.193624966098469
[07Sep2025 04:05:02.864] [Server thread/WARN] [net.minecraft.server.network.ServerGamePacketListenerImpl/]: Maple Boat (vehicle of Yasame14) moved too quickly! -10.036955745280665,8.887468538887333E-11,9.406999412314349
[07Sep2025 04:05:02.864] [Server thread/WARN] [net.minecraft.server.network.ServerGamePacketListenerImpl/]: Maple Boat (vehicle of Yasame14) moved too quickly! -10.37430032438698,8.881073654265492E-11,9.618882330367683
[07Sep2025 04:05:02.864] [Server thread/WARN] [net.minecraft.server.network.ServerGamePacketListenerImpl/]: Maple Boat (vehicle of Yasame14) moved too quickly! -10.712662761763255,8.871836598700611E-11,9.829382904470549
[07Sep2025 04:05:02.865] [Server thread/WARN] [net.minecraft.server.network.ServerGamePacketListenerImpl/]: Maple Boat (vehicle of Yasame14) moved too quickly! -11.051964036807249,8.86117845766421E-11,10.038599374334467
[07Sep2025 04:05:02.865] [Server thread/WARN] [net.minecraft.server.network.ServerGamePacketListenerImpl/]: Maple Boat (vehicle of Yasame14) moved too quickly! -11.392129201380385,8.850520316627808E-11,10.246626799752448
[07Sep2025 04:05:02.865] [Server thread/WARN] [net.minecraft.server.network.ServerGamePacketListenerImpl/]: Maple Boat (vehicle of Yasame14) moved too quickly! -11.733088879909957,8.840572718327167E-11,10.453554055632253
[07Sep2025 04:05:02.866] [Server thread/WARN] [net.minecraft.server.network.ServerGamePacketListenerImpl/]: Maple Boat (vehicle of Yasame14) moved too quickly! -12.074778723308242,8.832046205498045E-11,10.659464454210593
[07Sep2025 04:05:02.867] [Server thread/WARN] [net.minecraft.server.network.ServerGamePacketListenerImpl/]: Maple Boat (vehicle of Yasame14) moved too quickly! -12.417138910049204,8.825651320876204E-11,10.86443630504516
[07Sep2025 04:05:02.867] [Server thread/WARN] [net.minecraft.server.network.ServerGamePacketListenerImpl/]: Maple Boat (vehicle of Yasame14) moved too quickly! -12.760115585859637,8.820677521725884E-11,11.068540077422767
[07Sep2025 04:05:02.867] [Server thread/WARN] [net.minecraft.server.network.ServerGamePacketListenerImpl/]: Maple Boat (vehicle of Yasame14) moved too quickly! -13.10365650817593,8.817835350782843E-11,11.271845869420304
[07Sep2025 04:05:02.867] [Server thread/WARN] [net.minecraft.server.network.ServerGamePacketListenerImpl/]: Maple Boat (vehicle of Yasame14) moved too quickly! -13.447716528787794,8.816414265311323E-11,11.47441342213176
[07Sep2025 04:05:02.867] [Server thread/WARN] [net.minecraft.server.network.ServerGamePacketListenerImpl/]: Maple Boat (vehicle of Yasame14) moved too quickly! -13.792253125584807,8.816414265311323E-11,11.676299840400588
[07Sep2025 04:05:02.868] [Server thread/WARN] [net.minecraft.server.network.ServerGamePacketListenerImpl/]: Maple Boat (vehicle of Yasame14) moved too quickly! -14.137226143671768,8.817124808047083E-11,11.877559858307109
[07Sep2025 04:05:02.868] [Server thread/WARN] [net.minecraft.server.network.ServerGamePacketListenerImpl/]: Maple Boat (vehicle of Yasame14) moved too quickly! -14.482599443643949,8.818545893518603E-11,12.078242732797094
[07Sep2025 04:05:02.868] [Server thread/WARN] [net.minecraft.server.network.ServerGamePacketListenerImpl/]: Maple Boat (vehicle of Yasame14) moved too quickly! -14.828338615041048,8.820677521725884E-11,12.2783961422939
[07Sep2025 04:05:02.868] [Server thread/WARN] [net.minecraft.server.network.ServerGamePacketListenerImpl/]: Maple Boat (vehicle of Yasame14) moved too quickly! -15.174412692174911,8.822809149933164E-11,12.478062993652088
[07Sep2025 04:05:02.868] [Server thread/WARN] [net.minecraft.server.network.ServerGamePacketListenerImpl/]: Maple Boat (vehicle of Yasame14) moved too quickly! -15.520793798476348,8.824940778140444E-11,12.677281901177139
[07Sep2025 04:05:02.869] [Server thread/WARN] [net.minecraft.server.network.ServerGamePacketListenerImpl/]: Maple Boat (vehicle of Yasame14) moved too quickly! -15.867456845033786,8.826361863611965E-11,12.876087615880465
[07Sep2025 04:05:02.869] [Server thread/WARN] [net.minecraft.server.network.ServerGamePacketListenerImpl/]: Maple Boat (vehicle of Yasame14) moved too quickly! -16.214377378006333,8.827782949083485E-11,13.074514760844636
[07Sep2025 04:05:02.870] [Server thread/WARN] [net.minecraft.server.network.ServerGamePacketListenerImpl/]: Maple Boat (vehicle of Yasame14) moved too quickly! -16.561533385212527,8.828493491819245E-11,13.272594494980694
[07Sep2025 04:05:02.871] [Server thread/WARN] [net.minecraft.server.network.ServerGamePacketListenerImpl/]: Maple Boat (vehicle of Yasame14) moved too quickly! -16.90890505941485,8.829204034555005E-11,13.470354863170542
[07Sep2025 04:05:02.871] [Server thread/WARN] [net.minecraft.server.network.ServerGamePacketListenerImpl/]: Maple Boat (vehicle of Yasame14) moved too quickly! -17.256474570374706,8.829914577290765E-11,13.667821103944334
[07Sep2025 04:05:02.871] [Server thread/WARN] [net.minecraft.server.network.ServerGamePacketListenerImpl/]: Maple Boat (vehicle of Yasame14) moved too quickly! -17.604224000782068,8.829914577290765E-11,13.86501927915208
[07Sep2025 04:05:02.872] [Server thread/WARN] [net.minecraft.server.network.ServerGamePacketListenerImpl/]: Maple Boat (vehicle of Yasame14) moved too quickly! -17.952137228783613,8.829914577290765E-11,14.061972846320828
[07Sep2025 04:05:02.872] [Server thread/WARN] [net.minecraft.server.network.ServerGamePacketListenerImpl/]: Maple Boat (vehicle of Yasame14) moved too quickly! -18.30020160735691,8.829914577290765E-11,14.258699566325731
[07Sep2025 04:05:02.872] [Server thread/WARN] [net.minecraft.server.network.ServerGamePacketListenerImpl/]: Maple Boat (vehicle of Yasame14) moved too quickly! -18.64840388408635,8.829914577290765E-11,14.455218772989838
[07Sep2025 04:05:02.872] [Server thread/WARN] [net.minecraft.server.network.ServerGamePacketListenerImpl/]: Maple Boat (vehicle of Yasame14) moved too quickly! -18.996732135523445,8.829204034555005E-11,14.651547868616262
[07Sep2025 04:05:02.872] [Server thread/WARN] [net.minecraft.server.network.ServerGamePacketListenerImpl/]: Maple Boat (vehicle of Yasame14) moved too quickly! -19.345175630564853,8.828493491819245E-11,14.847702513414788
[07Sep2025 04:05:02.872] [Server thread/WARN] [net.minecraft.server.network.ServerGamePacketListenerImpl/]: Maple Boat (vehicle of Yasame14) moved too quickly! -19.69372284484743,8.828493491819245E-11,15.043700152472184
[07Sep2025 04:05:02.872] [Server thread/WARN] [net.minecraft.server.network.ServerGamePacketListenerImpl/]: Maple Boat (vehicle of Yasame14) moved too quickly! -20.042365272815005,8.828493491819245E-11,15.239553135467759
[07Sep2025 04:05:02.873] [Server thread/WARN] [net.minecraft.server.network.ServerGamePacketListenerImpl/]: Maple Boat (vehicle of Yasame14) moved too quickly! -20.39109525574196,8.828493491819245E-11,15.435272577112528
[07Sep2025 04:05:02.873] [Server thread/WARN] [net.minecraft.server.network.ServerGamePacketListenerImpl/]: Maple Boat (vehicle of Yasame14) moved too quickly! -20.73990403813025,8.828493491819245E-11,15.630871831544823
[07Sep2025 04:05:02.873] [Server thread/WARN] [net.minecraft.server.network.ServerGamePacketListenerImpl/]: Maple Boat (vehicle of Yasame14) moved too quickly! -21.088785606402325,8.828493491819245E-11,15.8263595665901
[07Sep2025 04:05:02.874] [Server thread/WARN] [net.minecraft.server.network.ServerGamePacketListenerImpl/]: Maple Boat (vehicle of Yasame14) moved too quickly! -21.437732681968072,8.828493491819245E-11,16.02174693418965
[07Sep2025 04:05:02.874] [Server thread/WARN] [net.minecraft.server.network.ServerGamePacketListenerImpl/]: Maple Boat (vehicle of Yasame14) moved too quickly! -21.78674057674172,8.828493491819245E-11,16.21704061832918
[07Sep2025 04:05:02.874] [Server thread/WARN] [net.minecraft.server.network.ServerGamePacketListenerImpl/]: Maple Boat (vehicle of Yasame14) moved too quickly! -22.135803208801008,8.828493491819245E-11,16.412249987356972
[07Sep2025 04:05:02.874] [Server thread/WARN] [net.minecraft.server.network.ServerGamePacketListenerImpl/]: Maple Boat (vehicle of Yasame14) moved too quickly! -22.484916970786514,8.828493491819245E-11,16.60738012188756
[07Sep2025 04:05:02.875] [Server thread/WARN] [net.minecraft.server.network.ServerGamePacketListenerImpl/]: Maple Boat (vehicle of Yasame14) moved too quickly! -22.834076749704394,8.828493491819245E-11,16.802438945372614
[07Sep2025 04:05:02.875] [Server thread/WARN] [net.minecraft.server.network.ServerGamePacketListenerImpl/]: Maple Boat (vehicle of Yasame14) moved too quickly! -23.183277943860332,8.828493491819245E-11,16.997433588918284
[07Sep2025 04:05:02.875] [Server thread/WARN] [net.minecraft.server.network.ServerGamePacketListenerImpl/]: Maple Boat (vehicle of Yasame14) moved too quickly! -23.532516411729517,8.828493491819245E-11,17.19237047052013
[07Sep2025 04:05:03.010] [Server thread/WARN] [net.minecraft.server.network.ServerGamePacketListenerImpl/]: Maple Boat (vehicle of Yasame14) moved too quickly! -17.139483081402744,2.5366375666635577E-12,10.202482154239533
[07Sep2025 04:05:03.014] [Server thread/WARN] [net.minecraft.server.network.ServerGamePacketListenerImpl/]: Maple Boat (vehicle of Yasame14) moved too quickly! -17.48878882634483,2.5366375666635577E-12,10.397313896213973
[07Sep2025 04:05:03.021] [Server thread/WARN] [net.minecraft.server.network.ServerGamePacketListenerImpl/]: Maple Boat (vehicle of Yasame14) moved too quickly! -17.838123252564202,2.5366375666635577E-12,10.59210081550691
[07Sep2025 04:05:03.119] [Server thread/WARN] [net.minecraft.server.network.ServerGamePacketListenerImpl/]: Maple Boat (vehicle of Yasame14) moved too quickly! -18.187483491932454,2.5366375666635577E-12,10.786847394387564
[07Sep2025 04:05:03.195] [Server thread/WARN] [net.minecraft.server.network.ServerGamePacketListenerImpl/]: Maple Boat (vehicle of Yasame14) moved too quickly! -18.536866963134088,2.5366375666635577E-12,10.981557666898198
[07Sep2025 04:05:03.197] [Server thread/WARN] [net.minecraft.server.network.ServerGamePacketListenerImpl/]: Maple Boat (vehicle of Yasame14) moved too quickly! -18.886271342985196,2.5366375666635577E-12,11.176235263676631
[07Sep2025 04:05:06.034] [Server thread/WARN] [net.minecraft.server.network.ServerGamePacketListenerImpl/]: Maple Boat (vehicle of Yasame14) moved too quickly! -8.910708563104805,1.9753088054130785E-12,5.361539884211879
[07Sep2025 04:05:06.035] [Server thread/WARN] [net.minecraft.server.network.ServerGamePacketListenerImpl/]: Maple Boat (vehicle of Yasame14) moved too quickly! -9.252932993266313,1.9895196601282805E-12,5.568608088821634
[07Sep2025 04:05:06.035] [Server thread/WARN] [net.minecraft.server.network.ServerGamePacketListenerImpl/]: Maple Boat (vehicle of Yasame14) moved too quickly! -9.595141168918161,1.9966250874858815E-12,5.775704366779564
[07Sep2025 04:05:06.036] [Server thread/WARN] [net.minecraft.server.network.ServerGamePacketListenerImpl/]: Maple Boat (vehicle of Yasame14) moved too quickly! -9.937334715511724,2.0037305148434825E-12,5.98282591075008
[07Sep2025 04:05:06.036] [Server thread/WARN] [net.minecraft.server.network.ServerGamePacketListenerImpl/]: Maple Boat (vehicle of Yasame14) moved too quickly! -10.279515095953172,2.0037305148434825E-12,6.189970194131433
[07Sep2025 04:05:06.036] [Server thread/WARN] [net.minecraft.server.network.ServerGamePacketListenerImpl/]: Maple Boat (vehicle of Yasame14) moved too quickly! -10.621683626858015,2.0037305148434825E-12,6.397134942982007
[07Sep2025 04:05:06.037] [Server thread/WARN] [net.minecraft.server.network.ServerGamePacketListenerImpl/]: Maple Boat (vehicle of Yasame14) moved too quickly! -10.963841493180212,1.9966250874858815E-12,6.6043181107543205
[07Sep2025 04:05:06.037] [Server thread/WARN] [net.minecraft.server.network.ServerGamePacketListenerImpl/]: Maple Boat (vehicle of Yasame14) moved too quickly! -11.305989761378271,1.9895196601282805E-12,6.811517855555735
[07Sep2025 04:05:06.037] [Server thread/WARN] [net.minecraft.server.network.ServerGamePacketListenerImpl/]: Maple Boat (vehicle of Yasame14) moved too quickly! -11.648129391264831,1.9824142327706795E-12,7.018732519682999
[07Sep2025 04:05:06.037] [Server thread/WARN] [net.minecraft.server.network.ServerGamePacketListenerImpl/]: Maple Boat (vehicle of Yasame14) moved too quickly! -11.990261246671253,1.9753088054130785E-12,7.225960611203163
[07Sep2025 04:05:06.038] [Server thread/WARN] [net.minecraft.server.network.ServerGamePacketListenerImpl/]: Maple Boat (vehicle of Yasame14) moved too quickly! -12.332386105045742,1.9753088054130785E-12,7.433200787376677
[07Sep2025 04:05:06.038] [Server thread/WARN] [net.minecraft.server.network.ServerGamePacketListenerImpl/]: Maple Boat (vehicle of Yasame14) moved too quickly! -12.67450466609165,1.9753088054130785E-12,7.640451839737807
[07Sep2025 04:05:06.038] [Server thread/WARN] [net.minecraft.server.network.ServerGamePacketListenerImpl/]: Maple Boat (vehicle of Yasame14) moved too quickly! -13.016617559541999,1.9753088054130785E-12,7.847712680667655
[07Sep2025 04:05:06.038] [Server thread/WARN] [net.minecraft.server.network.ServerGamePacketListenerImpl/]: Maple Boat (vehicle of Yasame14) moved too quickly! -13.358725352156455,1.9753088054130785E-12,8.05498233130902
[07Sep2025 04:05:06.039] [Server thread/WARN] [net.minecraft.server.network.ServerGamePacketListenerImpl/]: Maple Boat (vehicle of Yasame14) moved too quickly! -13.700828554018756,1.9753088054130785E-12,8.262259910690545
[07Sep2025 04:05:06.039] [Server thread/WARN] [net.minecraft.server.network.ServerGamePacketListenerImpl/]: Maple Boat (vehicle of Yasame14) moved too quickly! -14.042927624204196,1.9753088054130785E-12,8.469544625938056
[07Sep2025 04:05:06.039] [Server thread/WARN] [net.minecraft.server.network.ServerGamePacketListenerImpl/]: Maple Boat (vehicle of Yasame14) moved too quickly! -14.385022975880588,1.9753088054130785E-12,8.676835763464737
[07Sep2025 04:05:06.039] [Server thread/WARN] [net.minecraft.server.network.ServerGamePacketListenerImpl/]: Maple Boat (vehicle of Yasame14) moved too quickly! -14.727114980898932,1.9753088054130785E-12,8.884132681042615
[07Sep2025 04:05:06.040] [Server thread/WARN] [net.minecraft.server.network.ServerGamePacketListenerImpl/]: Maple Boat (vehicle of Yasame14) moved too quickly! -15.069203973925084,1.9753088054130785E-12,9.09143480066632
[07Sep2025 04:05:06.040] [Server thread/WARN] [net.minecraft.server.network.ServerGamePacketListenerImpl/]: Maple Boat (vehicle of Yasame14) moved too quickly! -15.411290256158338,1.9753088054130785E-12,9.298741602131258
[07Sep2025 04:05:06.040] [Server thread/WARN] [net.minecraft.server.network.ServerGamePacketListenerImpl/]: Maple Boat (vehicle of Yasame14) moved too quickly! -15.75337409867808,1.9753088054130785E-12,9.50605261725309
[07Sep2025 04:05:06.040] [Server thread/WARN] [net.minecraft.server.network.ServerGamePacketListenerImpl/]: Maple Boat (vehicle of Yasame14) moved too quickly! -16.095455745455695,1.9753088054130785E-12,9.713367424666103
[07Sep2025 04:05:06.040] [Server thread/WARN] [net.minecraft.server.network.ServerGamePacketListenerImpl/]: Maple Boat (vehicle of Yasame14) moved too quickly! -16.43753541606543,1.9753088054130785E-12,9.92068564514102
[07Sep2025 04:05:09.395] [Server thread/WARN] [net.minecraft.server.network.ServerGamePacketListenerImpl/]: Maple Boat (vehicle of Yasame14) moved too quickly! -8.549946894236768,-7.105427357601002E-15,5.186487231803653
[07Sep2025 04:05:09.396] [Server thread/WARN] [net.minecraft.server.network.ServerGamePacketListenerImpl/]: Maple Boat (vehicle of Yasame14) moved too quickly! -8.892008818798132,-7.105427357601002E-15,5.393836101680222
[07Sep2025 04:05:09.396] [Server thread/WARN] [net.minecraft.server.network.ServerGamePacketListenerImpl/]: Maple Boat (vehicle of Yasame14) moved too quickly! -9.234070739413738,-7.105427357601002E-15,5.601184978371521
[07Sep2025 04:05:09.397] [Server thread/WARN] [net.minecraft.server.network.ServerGamePacketListenerImpl/]: Maple Boat (vehicle of Yasame14) moved too quickly! -9.576132656478165,-7.105427357601002E-15,5.808533861196111
[07Sep2025 04:05:09.397] [Server thread/WARN] [net.minecraft.server.network.ServerGamePacketListenerImpl/]: Maple Boat (vehicle of Yasame14) moved too quickly! -9.918194570346515,-7.105427357601002E-15,6.015882749540765
[07Sep2025 04:05:09.397] [Server thread/WARN] [net.minecraft.server.network.ServerGamePacketListenerImpl/]: Maple Boat (vehicle of Yasame14) moved too quickly! -10.260256481338388,-7.105427357601002E-15,6.223231642853307
[07Sep2025 04:05:09.397] [Server thread/WARN] [net.minecraft.server.network.ServerGamePacketListenerImpl/]: Maple Boat (vehicle of Yasame14) moved too quickly! -10.60231838974147,-7.105427357601002E-15,6.430580540637038
[07Sep2025 04:05:09.397] [Server thread/WARN] [net.minecraft.server.network.ServerGamePacketListenerImpl/]: Maple Boat (vehicle of Yasame14) moved too quickly! -10.944380295814597,-7.105427357601002E-15,6.637929442444829
[07Sep2025 04:05:09.397] [Server thread/WARN] [net.minecraft.server.network.ServerGamePacketListenerImpl/]: Maple Boat (vehicle of Yasame14) moved too quickly! -11.286442199790798,-7.105427357601002E-15,6.845278347874228
[07Sep2025 04:05:09.397] [Server thread/WARN] [net.minecraft.server.network.ServerGamePacketListenerImpl/]: Maple Boat (vehicle of Yasame14) moved too quickly! -11.628504101879741,-7.105427357601002E-15,7.052627256563142
[07Sep2025 04:05:09.398] [Server thread/WARN] [net.minecraft.server.network.ServerGamePacketListenerImpl/]: Maple Boat (vehicle of Yasame14) moved too quickly! -11.970566002270175,-7.105427357601002E-15,7.259976168185631
[07Sep2025 04:05:16.270] [Server thread/WARN] [net.minecraft.server.MinecraftServer/]: Can't keep up! Is the server overloaded? Running 2463ms or 49 ticks behind
[07Sep2025 04:05:18.327] [Server thread/WARN] [mixin/]: @Redirect conflict. Skipping mixins.redirected_neoforge_1.21.1.json:net.minecraft.world.level.block.piston.PistonStructureResolverMixin from mod redirected->@Redirect::redirectDirections()[Lnet/minecraft/core/Direction; with priority 10, already redirected by lithium.mixins.json:alloc.enum_values.piston_handler.PistonStructureResolverMixin from mod lithium->@Redirect::removeAllocation()[Lnet/minecraft/core/Direction; with priority 1000
[07Sep2025 04:05:21.782] [c2me-worker-0/ERROR] [net.minecraft.world.entity.decoration.BlockAttachedEntity/]: Block-attached entity at invalid position: BlockPos{x=-327, y=59, z=-34}
[07Sep2025 04:05:21.787] [c2me-worker-0/ERROR] [net.minecraft.world.entity.decoration.BlockAttachedEntity/]: Block-attached entity at invalid position: BlockPos{x=-326, y=59, z=-34}
[07Sep2025 04:05:22.079] [c2me-worker-2/ERROR] [net.minecraft.world.entity.decoration.BlockAttachedEntity/]: Block-attached entity at invalid position: BlockPos{x=-325, y=59, z=-33}
[07Sep2025 04:05:22.085] [c2me-worker-2/ERROR] [net.minecraft.world.entity.decoration.BlockAttachedEntity/]: Block-attached entity at invalid position: BlockPos{x=-325, y=59, z=-32}
[07Sep2025 04:05:22.833] [c2me-worker-2/ERROR] [net.minecraft.world.entity.decoration.BlockAttachedEntity/]: Block-attached entity at invalid position: BlockPos{x=-423, y=-50, z=-211}
[07Sep2025 04:05:22.850] [c2me-worker-2/ERROR] [net.minecraft.world.entity.decoration.BlockAttachedEntity/]: Block-attached entity at invalid position: BlockPos{x=-291, y=-57, z=-315}
[07Sep2025 04:05:22.851] [c2me-worker-2/ERROR] [net.minecraft.world.entity.decoration.BlockAttachedEntity/]: Block-attached entity at invalid position: BlockPos{x=-292, y=-57, z=-313}
[07Sep2025 04:05:22.851] [c2me-worker-2/ERROR] [net.minecraft.world.entity.decoration.BlockAttachedEntity/]: Block-attached entity at invalid position: BlockPos{x=-294, y=-57, z=-313}
[07Sep2025 04:05:22.852] [c2me-worker-2/ERROR] [net.minecraft.world.entity.decoration.BlockAttachedEntity/]: Block-attached entity at invalid position: BlockPos{x=-296, y=-57, z=-313}
[07Sep2025 04:05:22.853] [c2me-worker-2/ERROR] [net.minecraft.world.entity.decoration.BlockAttachedEntity/]: Block-attached entity at invalid position: BlockPos{x=-295, y=-57, z=-315}
[07Sep2025 04:05:22.853] [c2me-worker-2/ERROR] [net.minecraft.world.entity.decoration.BlockAttachedEntity/]: Block-attached entity at invalid position: BlockPos{x=-293, y=-57, z=-315}
[07Sep2025 04:05:22.873] [c2me-worker-2/ERROR] [net.minecraft.world.entity.decoration.BlockAttachedEntity/]: Block-attached entity at invalid position: BlockPos{x=-420, y=-50, z=-211}
[07Sep2025 04:05:22.873] [c2me-worker-2/ERROR] [net.minecraft.world.entity.decoration.BlockAttachedEntity/]: Block-attached entity at invalid position: BlockPos{x=-413, y=-49, z=-217}
[07Sep2025 04:05:22.874] [c2me-worker-2/ERROR] [net.minecraft.world.entity.decoration.BlockAttachedEntity/]: Block-attached entity at invalid position: BlockPos{x=-418, y=-50, z=-208}
[07Sep2025 04:06:43.242] [c2me-worker-0/ERROR] [net.minecraft.world.level.block.entity.SculkShriekerBlockEntity/]: Failed to parse vibration listener for Sculk Shrieker: 'No key selector in MapLike[{event_delay:0,event_distance:0.0f,range:8,source:{pos:[I;-425,-56,-205],type:"minecraft:block"}}]'
[07Sep2025 04:06:43.249] [c2me-worker-0/ERROR] [net.minecraft.world.entity.decoration.BlockAttachedEntity/]: Block-attached entity at invalid position: BlockPos{x=-320, y=-45, z=-203}
[07Sep2025 04:06:44.852] [c2me-worker-0/ERROR] [net.minecraft.world.entity.decoration.BlockAttachedEntity/]: Block-attached entity at invalid position: BlockPos{x=-318, y=-45, z=-204}
[07Sep2025 04:06:44.853] [c2me-worker-0/ERROR] [net.minecraft.world.entity.decoration.BlockAttachedEntity/]: Block-attached entity at invalid position: BlockPos{x=-318, y=-45, z=-202}
[07Sep2025 04:06:57.982] [Server thread/INFO] [net.minecraft.server.MinecraftServer/]: [Celxex: Set the time to 1000]
[07Sep2025 04:07:20.761] [c2me-worker-0/WARN] [lithostitched/]: Couldn't find template pool reference: minecraft:
[07Sep2025 04:07:20.764] [c2me-worker-0/WARN] [lithostitched/]: Couldn't find template pool reference: minecraft:
[07Sep2025 04:07:20.767] [c2me-worker-0/WARN] [lithostitched/]: Couldn't find template pool reference: minecraft:
[07Sep2025 04:07:20.767] [c2me-worker-0/WARN] [lithostitched/]: Couldn't find template pool reference: minecraft:
[07Sep2025 04:07:20.767] [c2me-worker-0/WARN] [lithostitched/]: Couldn't find template pool reference: minecraft:
[07Sep2025 04:07:20.767] [c2me-worker-0/WARN] [lithostitched/]: Couldn't find template pool reference: minecraft:
[07Sep2025 04:07:20.767] [c2me-worker-0/WARN] [lithostitched/]: Couldn't find template pool reference: minecraft:
[07Sep2025 04:07:20.768] [c2me-worker-0/WARN] [lithostitched/]: Couldn't find template pool reference: minecraft:
[07Sep2025 04:07:20.768] [c2me-worker-0/WARN] [lithostitched/]: Couldn't find template pool reference: minecraft:
[07Sep2025 04:07:20.768] [c2me-worker-0/WARN] [lithostitched/]: Couldn't find template pool reference: minecraft:
[07Sep2025 04:07:47.808] [c2me-worker-1/ERROR] [net.minecraft.world.item.ItemStack/]: Tried to load invalid item: 'No key id in MapLike[{}]'
[07Sep2025 04:07:47.882] [c2me-worker-0/ERROR] [net.minecraft.world.item.ItemStack/]: Tried to load invalid item: 'No key id in MapLike[{}]'
[07Sep2025 04:07:47.882] [c2me-worker-0/ERROR] [net.minecraft.world.item.ItemStack/]: Tried to load invalid item: 'No key id in MapLike[{}]'
[07Sep2025 04:07:47.883] [c2me-worker-0/ERROR] [net.minecraft.world.item.ItemStack/]: Tried to load invalid item: 'No key id in MapLike[{}]'
[07Sep2025 04:07:47.948] [c2me-worker-2/ERROR] [net.minecraft.world.item.ItemStack/]: Tried to load invalid item: 'No key id in MapLike[{}]'
[07Sep2025 04:07:47.985] [c2me-worker-0/ERROR] [net.minecraft.world.item.ItemStack/]: Tried to load invalid item: 'No key id in MapLike[{}]'
[07Sep2025 04:07:52.547] [c2me-worker-1/ERROR] [net.minecraft.world.item.ItemStack/]: Tried to load invalid item: 'No key id in MapLike[{}]'
[07Sep2025 04:07:52.547] [c2me-worker-1/ERROR] [net.minecraft.world.item.ItemStack/]: Tried to load invalid item: 'No key id in MapLike[{}]'
[07Sep2025 04:07:56.829] [Server thread/ERROR] [net.minecraft.world.item.ItemStack/]: Tried to load invalid item: 'No key id in MapLike[{}]'
[07Sep2025 04:07:56.829] [Server thread/ERROR] [net.minecraft.world.item.ItemStack/]: Tried to load invalid item: 'No key id in MapLike[{}]'
[07Sep2025 04:07:56.830] [Server thread/ERROR] [net.minecraft.world.item.ItemStack/]: Tried to load invalid item: 'No key id in MapLike[{}]'
[07Sep2025 04:07:56.830] [Server thread/ERROR] [net.minecraft.world.item.ItemStack/]: Tried to load invalid item: 'No key id in MapLike[{}]'
[07Sep2025 04:07:56.830] [Server thread/ERROR] [net.minecraft.world.item.ItemStack/]: Tried to load invalid item: 'No key id in MapLike[{}]'
[07Sep2025 04:07:56.830] [Server thread/ERROR] [net.minecraft.world.item.ItemStack/]: Tried to load invalid item: 'No key id in MapLike[{}]'
[07Sep2025 04:07:56.833] [Server thread/ERROR] [net.minecraft.world.item.ItemStack/]: Tried to load invalid item: 'No key id in MapLike[{}]'
[07Sep2025 04:07:56.833] [Server thread/ERROR] [net.minecraft.world.item.ItemStack/]: Tried to load invalid item: 'No key id in MapLike[{}]'
[07Sep2025 04:07:56.867] [Server thread/ERROR] [net.minecraft.world.item.ItemStack/]: Tried to load invalid item: 'No key id in MapLike[{}]'
[07Sep2025 04:07:58.627] [c2me-worker-2/ERROR] [net.minecraft.world.item.ItemStack/]: Tried to load invalid item: 'No key id in MapLike[{}]'
[07Sep2025 04:07:58.628] [c2me-worker-2/ERROR] [net.minecraft.world.item.ItemStack/]: Tried to load invalid item: 'No key id in MapLike[{}]'
[07Sep2025 04:08:01.537] [Server thread/ERROR] [net.minecraft.world.item.ItemStack/]: Tried to load invalid item: 'No key id in MapLike[{}]'
[07Sep2025 04:08:01.537] [Server thread/ERROR] [net.minecraft.world.item.ItemStack/]: Tried to load invalid item: 'No key id in MapLike[{}]'
[07Sep2025 04:08:01.570] [Server thread/ERROR] [net.minecraft.world.item.ItemStack/]: Tried to load invalid item: 'No key id in MapLike[{}]'
[07Sep2025 04:08:03.598] [Server thread/ERROR] [net.minecraft.world.item.ItemStack/]: Tried to load invalid item: 'No key id in MapLike[{}]'
[07Sep2025 04:08:03.598] [Server thread/ERROR] [net.minecraft.world.item.ItemStack/]: Tried to load invalid item: 'No key id in MapLike[{}]'
[07Sep2025 04:08:03.867] [c2me-worker-0/ERROR] [net.minecraft.world.entity.decoration.BlockAttachedEntity/]: Block-attached entity at invalid position: BlockPos{x=202, y=47, z=211}
[07Sep2025 04:08:09.529] [Server thread/ERROR] [net.minecraft.world.item.ItemStack/]: Tried to load invalid item: 'No key id in MapLike[{}]'
[07Sep2025 04:08:10.601] [c2me-worker-1/ERROR] [net.minecraft.world.entity.decoration.BlockAttachedEntity/]: Block-attached entity at invalid position: BlockPos{x=665, y=-20, z=-299}
[07Sep2025 04:08:10.603] [c2me-worker-1/ERROR] [net.minecraft.world.entity.decoration.BlockAttachedEntity/]: Block-attached entity at invalid position: BlockPos{x=677, y=-20, z=-299}
[07Sep2025 04:08:33.534] [Server thread/ERROR] [net.minecraft.world.item.ItemStack/]: Tried to load invalid item: 'No key id in MapLike[{}]'
[07Sep2025 04:08:43.929] [Server thread/ERROR] [net.minecraft.world.item.ItemStack/]: Tried to load invalid item: 'No key id in MapLike[{}]'
[07Sep2025 04:09:22.387] [Server thread/ERROR] [net.minecraft.world.item.ItemStack/]: Tried to load invalid item: 'No key id in MapLike[{}]'
[07Sep2025 04:10:00.133] [Server thread/ERROR] [net.minecraft.world.item.ItemStack/]: Tried to load invalid item: 'No key id in MapLike[{}]'
[07Sep2025 04:10:05.438] [Server thread/ERROR] [net.minecraft.world.item.ItemStack/]: Tried to load invalid item: 'No key id in MapLike[{}]'
[07Sep2025 04:10:38.328] [Server thread/INFO] [net.minecraft.world.entity.npc.Villager/]: Villager Villager['Librarian'/25199, l='ServerLevel[world]', x=-446.67, y=-9.00, z=693.70] died, message: 'Librarian hit the ground too hard'
[07Sep2025 04:10:39.004] [Server thread/ERROR] [net.minecraft.world.item.ItemStack/]: Tried to load invalid item: 'No key id in MapLike[{}]'
[07Sep2025 04:12:18.333] [Server thread/INFO] [net.minecraft.server.MinecraftServer/]: [Celxex: Set the weather to clear]
[07Sep2025 04:12:33.937] [Server thread/ERROR] [net.minecraft.world.item.ItemStack/]: Tried to load invalid item: 'No key id in MapLike[{}]'
[07Sep2025 04:12:33.938] [Server thread/ERROR] [net.minecraft.world.item.ItemStack/]: Tried to load invalid item: 'No key id in MapLike[{}]'
[07Sep2025 04:12:33.938] [Server thread/ERROR] [net.minecraft.world.item.ItemStack/]: Tried to load invalid item: 'No key id in MapLike[{}]'
[07Sep2025 04:12:37.505] [Server thread/ERROR] [net.minecraft.world.item.ItemStack/]: Tried to load invalid item: 'No key id in MapLike[{}]'
[07Sep2025 04:12:42.959] [c2me-worker-0/WARN] [lithostitched/]: Couldn't find template pool reference: minecraft:
[07Sep2025 04:12:42.960] [c2me-worker-0/WARN] [lithostitched/]: Couldn't find template pool reference: minecraft:
[07Sep2025 04:12:42.960] [c2me-worker-0/WARN] [lithostitched/]: Couldn't find template pool reference: minecraft:
[07Sep2025 04:12:42.960] [c2me-worker-0/WARN] [lithostitched/]: Couldn't find template pool reference: minecraft:
[07Sep2025 04:12:42.961] [c2me-worker-0/WARN] [lithostitched/]: Couldn't find template pool reference: minecraft:
[07Sep2025 04:12:42.961] [c2me-worker-0/WARN] [lithostitched/]: Couldn't find template pool reference: minecraft:
[07Sep2025 04:12:42.961] [c2me-worker-0/WARN] [lithostitched/]: Couldn't find template pool reference: minecraft:
[07Sep2025 04:12:42.962] [c2me-worker-0/WARN] [lithostitched/]: Couldn't find template pool reference: minecraft:
[07Sep2025 04:12:42.973] [c2me-worker-0/WARN] [lithostitched/]: Couldn't find template pool reference: minecraft:
[07Sep2025 04:12:42.974] [c2me-worker-0/WARN] [lithostitched/]: Couldn't find template pool reference: minecraft:
[07Sep2025 04:12:42.974] [c2me-worker-0/WARN] [lithostitched/]: Couldn't find template pool reference: minecraft:
[07Sep2025 04:12:42.974] [c2me-worker-0/WARN] [lithostitched/]: Couldn't find template pool reference: minecraft:
[07Sep2025 04:12:42.974] [c2me-worker-0/WARN] [lithostitched/]: Couldn't find template pool reference: minecraft:
[07Sep2025 04:12:42.975] [c2me-worker-0/WARN] [lithostitched/]: Couldn't find template pool reference: minecraft:
[07Sep2025 04:12:42.975] [c2me-worker-0/WARN] [lithostitched/]: Couldn't find template pool reference: minecraft:
[07Sep2025 04:12:42.975] [c2me-worker-0/WARN] [lithostitched/]: Couldn't find template pool reference: minecraft:
[07Sep2025 04:12:42.975] [c2me-worker-0/WARN] [lithostitched/]: Couldn't find template pool reference: minecraft:
[07Sep2025 04:12:42.975] [c2me-worker-0/WARN] [lithostitched/]: Couldn't find template pool reference: minecraft:
[07Sep2025 04:12:42.976] [c2me-worker-0/WARN] [lithostitched/]: Couldn't find template pool reference: minecraft:
[07Sep2025 04:12:43.002] [c2me-worker-0/WARN] [lithostitched/]: Couldn't find template pool reference: minecraft:
[07Sep2025 04:12:43.023] [c2me-worker-0/WARN] [lithostitched/]: Couldn't find template pool reference: minecraft:
[07Sep2025 04:12:43.024] [c2me-worker-0/WARN] [lithostitched/]: Couldn't find template pool reference: minecraft:
[07Sep2025 04:12:43.024] [c2me-worker-0/WARN] [lithostitched/]: Couldn't find template pool reference: minecraft:
[07Sep2025 04:12:43.025] [c2me-worker-0/WARN] [lithostitched/]: Couldn't find template pool reference: minecraft:
[07Sep2025 04:12:43.025] [c2me-worker-0/WARN] [lithostitched/]: Couldn't find template pool reference: minecraft:
[07Sep2025 04:12:43.025] [c2me-worker-0/WARN] [lithostitched/]: Couldn't find template pool reference: minecraft:
[07Sep2025 04:12:43.026] [c2me-worker-0/WARN] [lithostitched/]: Couldn't find template pool reference: minecraft:
[07Sep2025 04:12:43.027] [c2me-worker-0/WARN] [lithostitched/]: Couldn't find template pool reference: minecraft:
[07Sep2025 04:12:43.027] [c2me-worker-0/WARN] [lithostitched/]: Couldn't find template pool reference: minecraft:
[07Sep2025 04:12:43.029] [c2me-worker-0/WARN] [lithostitched/]: Couldn't find template pool reference: minecraft:
[07Sep2025 04:12:43.031] [c2me-worker-0/WARN] [lithostitched/]: Couldn't find template pool reference: minecraft:
[07Sep2025 04:12:43.031] [c2me-worker-0/WARN] [lithostitched/]: Couldn't find template pool reference: minecraft:
[07Sep2025 04:12:43.031] [c2me-worker-0/WARN] [lithostitched/]: Couldn't find template pool reference: minecraft:
[07Sep2025 04:12:43.035] [c2me-worker-0/WARN] [lithostitched/]: Couldn't find template pool reference: minecraft:
[07Sep2025 04:12:43.038] [c2me-worker-0/WARN] [lithostitched/]: Couldn't find template pool reference: minecraft:
[07Sep2025 04:12:43.038] [c2me-worker-0/WARN] [lithostitched/]: Couldn't find template pool reference: minecraft:
[07Sep2025 04:12:43.038] [c2me-worker-0/WARN] [lithostitched/]: Couldn't find template pool reference: minecraft:
[07Sep2025 04:12:43.039] [c2me-worker-0/WARN] [lithostitched/]: Couldn't find template pool reference: minecraft:
[07Sep2025 04:12:43.039] [c2me-worker-0/WARN] [lithostitched/]: Couldn't find template pool reference: minecraft:
[07Sep2025 04:12:43.039] [c2me-worker-0/WARN] [lithostitched/]: Couldn't find template pool reference: minecraft:
[07Sep2025 04:12:43.040] [c2me-worker-0/WARN] [lithostitched/]: Couldn't find template pool reference: minecraft:
[07Sep2025 04:12:43.040] [c2me-worker-0/WARN] [lithostitched/]: Couldn't find template pool reference: minecraft:
[07Sep2025 04:12:43.041] [c2me-worker-0/WARN] [lithostitched/]: Couldn't find template pool reference: minecraft:
[07Sep2025 04:12:43.042] [c2me-worker-0/WARN] [lithostitched/]: Couldn't find template pool reference: minecraft:
[07Sep2025 04:12:43.043] [c2me-worker-0/WARN] [lithostitched/]: Couldn't find template pool reference: minecraft:
[07Sep2025 04:12:43.043] [c2me-worker-0/WARN] [lithostitched/]: Couldn't find template pool reference: minecraft:
[07Sep2025 04:12:43.043] [c2me-worker-0/WARN] [lithostitched/]: Couldn't find template pool reference: minecraft:
[07Sep2025 04:12:43.044] [c2me-worker-0/WARN] [lithostitched/]: Couldn't find template pool reference: minecraft:
[07Sep2025 04:12:43.044] [c2me-worker-0/WARN] [lithostitched/]: Couldn't find template pool reference: minecraft:
[07Sep2025 04:12:43.044] [c2me-worker-0/WARN] [lithostitched/]: Couldn't find template pool reference: minecraft:
[07Sep2025 04:12:43.045] [c2me-worker-0/WARN] [lithostitched/]: Couldn't find template pool reference: minecraft:
[07Sep2025 04:12:43.045] [c2me-worker-0/WARN] [lithostitched/]: Couldn't find template pool reference: minecraft:
[07Sep2025 04:12:43.045] [c2me-worker-0/WARN] [lithostitched/]: Couldn't find template pool reference: minecraft:
[07Sep2025 04:12:43.046] [c2me-worker-0/WARN] [lithostitched/]: Couldn't find template pool reference: minecraft:
[07Sep2025 04:12:43.046] [c2me-worker-0/WARN] [lithostitched/]: Couldn't find template pool reference: minecraft:
[07Sep2025 04:12:43.046] [c2me-worker-0/WARN] [lithostitched/]: Couldn't find template pool reference: minecraft:
[07Sep2025 04:12:43.047] [c2me-worker-0/WARN] [lithostitched/]: Couldn't find template pool reference: minecraft:
[07Sep2025 04:12:43.047] [c2me-worker-0/WARN] [lithostitched/]: Couldn't find template pool reference: minecraft:
[07Sep2025 04:12:43.048] [c2me-worker-0/WARN] [lithostitched/]: Couldn't find template pool reference: minecraft:
[07Sep2025 04:12:43.048] [c2me-worker-0/WARN] [lithostitched/]: Couldn't find template pool reference: minecraft:
[07Sep2025 04:12:43.048] [c2me-worker-0/WARN] [lithostitched/]: Couldn't find template pool reference: minecraft:
[07Sep2025 04:12:43.048] [c2me-worker-0/WARN] [lithostitched/]: Couldn't find template pool reference: minecraft:
[07Sep2025 04:12:43.049] [c2me-worker-0/WARN] [lithostitched/]: Couldn't find template pool reference: minecraft:
[07Sep2025 04:12:43.049] [c2me-worker-0/WARN] [lithostitched/]: Couldn't find template pool reference: minecraft:
[07Sep2025 04:12:43.051] [c2me-worker-0/WARN] [lithostitched/]: Couldn't find template pool reference: minecraft:
[07Sep2025 04:12:43.051] [c2me-worker-0/WARN] [lithostitched/]: Couldn't find template pool reference: minecraft:
[07Sep2025 04:12:43.052] [c2me-worker-0/WARN] [lithostitched/]: Couldn't find template pool reference: minecraft:
[07Sep2025 04:12:43.052] [c2me-worker-0/WARN] [lithostitched/]: Couldn't find template pool reference: minecraft:
[07Sep2025 04:12:43.053] [c2me-worker-0/WARN] [lithostitched/]: Couldn't find template pool reference: minecraft:
[07Sep2025 04:12:43.079] [c2me-worker-0/WARN] [lithostitched/]: Couldn't find template pool reference: minecraft:
[07Sep2025 04:12:43.080] [c2me-worker-0/WARN] [lithostitched/]: Couldn't find template pool reference: minecraft:
[07Sep2025 04:12:43.081] [c2me-worker-0/WARN] [lithostitched/]: Couldn't find template pool reference: minecraft:
[07Sep2025 04:12:43.081] [c2me-worker-0/WARN] [lithostitched/]: Couldn't find template pool reference: minecraft:
[07Sep2025 04:12:43.082] [c2me-worker-0/WARN] [lithostitched/]: Couldn't find template pool reference: minecraft:
[07Sep2025 04:12:43.082] [c2me-worker-0/WARN] [lithostitched/]: Couldn't find template pool reference: minecraft:
[07Sep2025 04:12:43.083] [c2me-worker-0/WARN] [lithostitched/]: Couldn't find template pool reference: minecraft:
[07Sep2025 04:12:43.083] [c2me-worker-0/WARN] [lithostitched/]: Couldn't find template pool reference: minecraft:
[07Sep2025 04:12:43.083] [c2me-worker-0/WARN] [lithostitched/]: Couldn't find template pool reference: minecraft:
[07Sep2025 04:12:43.084] [c2me-worker-0/WARN] [lithostitched/]: Couldn't find template pool reference: minecraft:
[07Sep2025 04:12:43.084] [c2me-worker-0/WARN] [lithostitched/]: Couldn't find template pool reference: minecraft:
[07Sep2025 04:12:43.084] [c2me-worker-0/WARN] [lithostitched/]: Couldn't find template pool reference: minecraft:
[07Sep2025 04:12:43.085] [c2me-worker-0/WARN] [lithostitched/]: Couldn't find template pool reference: minecraft:
[07Sep2025 04:12:43.085] [c2me-worker-0/WARN] [lithostitched/]: Couldn't find template pool reference: minecraft:
[07Sep2025 04:12:43.085] [c2me-worker-0/WARN] [lithostitched/]: Couldn't find template pool reference: minecraft:
[07Sep2025 04:12:43.085] [c2me-worker-0/WARN] [lithostitched/]: Couldn't find template pool reference: minecraft:
[07Sep2025 04:12:43.086] [c2me-worker-0/WARN] [lithostitched/]: Couldn't find template pool reference: minecraft:
[07Sep2025 04:12:43.086] [c2me-worker-0/WARN] [lithostitched/]: Couldn't find template pool reference: minecraft:
[07Sep2025 04:12:43.086] [c2me-worker-0/WARN] [lithostitched/]: Couldn't find template pool reference: minecraft:
[07Sep2025 04:12:43.086] [c2me-worker-0/WARN] [lithostitched/]: Couldn't find template pool reference: minecraft:
[07Sep2025 04:12:43.086] [c2me-worker-0/WARN] [lithostitched/]: Couldn't find template pool reference: minecraft:
[07Sep2025 04:12:43.087] [c2me-worker-0/WARN] [lithostitched/]: Couldn't find template pool reference: minecraft:
[07Sep2025 04:12:43.087] [c2me-worker-0/WARN] [lithostitched/]: Couldn't find template pool reference: minecraft:
[07Sep2025 04:12:43.087] [c2me-worker-0/WARN] [lithostitched/]: Couldn't find template pool reference: minecraft:
[07Sep2025 04:12:43.087] [c2me-worker-0/WARN] [lithostitched/]: Couldn't find template pool reference: minecraft:
[07Sep2025 04:12:43.087] [c2me-worker-0/WARN] [lithostitched/]: Couldn't find template pool reference: minecraft:
[07Sep2025 04:12:43.088] [c2me-worker-0/WARN] [lithostitched/]: Couldn't find template pool reference: minecraft:
[07Sep2025 04:12:43.088] [c2me-worker-0/WARN] [lithostitched/]: Couldn't find template pool reference: minecraft:
[07Sep2025 04:12:43.088] [c2me-worker-0/WARN] [lithostitched/]: Couldn't find template pool reference: minecraft:
[07Sep2025 04:12:43.088] [c2me-worker-0/WARN] [lithostitched/]: Couldn't find template pool reference: minecraft:
[07Sep2025 04:12:43.088] [c2me-worker-0/WARN] [lithostitched/]: Couldn't find template pool reference: minecraft:
[07Sep2025 04:12:43.088] [c2me-worker-0/WARN] [lithostitched/]: Couldn't find template pool reference: minecraft:
[07Sep2025 04:12:43.088] [c2me-worker-0/WARN] [lithostitched/]: Couldn't find template pool reference: minecraft:
[07Sep2025 04:12:43.088] [c2me-worker-0/WARN] [lithostitched/]: Couldn't find template pool reference: minecraft:
[07Sep2025 04:12:43.088] [c2me-worker-0/WARN] [lithostitched/]: Couldn't find template pool reference: minecraft:
[07Sep2025 04:12:43.089] [c2me-worker-0/WARN] [lithostitched/]: Couldn't find template pool reference: minecraft:
[07Sep2025 04:12:43.089] [c2me-worker-0/WARN] [lithostitched/]: Couldn't find template pool reference: minecraft:
[07Sep2025 04:12:43.089] [c2me-worker-0/WARN] [lithostitched/]: Couldn't find template pool reference: minecraft:
[07Sep2025 04:12:43.089] [c2me-worker-0/WARN] [lithostitched/]: Couldn't find template pool reference: minecraft:
[07Sep2025 04:12:43.089] [c2me-worker-0/WARN] [lithostitched/]: Couldn't find template pool reference: minecraft:
[07Sep2025 04:12:43.089] [c2me-worker-0/WARN] [lithostitched/]: Couldn't find template pool reference: minecraft:
[07Sep2025 04:12:43.089] [c2me-worker-0/WARN] [lithostitched/]: Couldn't find template pool reference: minecraft:
[07Sep2025 04:12:43.089] [c2me-worker-0/WARN] [lithostitched/]: Couldn't find template pool reference: minecraft:
[07Sep2025 04:12:43.090] [c2me-worker-0/WARN] [lithostitched/]: Couldn't find template pool reference: minecraft:
[07Sep2025 04:12:43.090] [c2me-worker-0/WARN] [lithostitched/]: Couldn't find template pool reference: minecraft:
[07Sep2025 04:12:43.090] [c2me-worker-0/WARN] [lithostitched/]: Couldn't find template pool reference: minecraft:
[07Sep2025 04:12:43.090] [c2me-worker-0/WARN] [lithostitched/]: Couldn't find template pool reference: minecraft:
[07Sep2025 04:12:43.090] [c2me-worker-0/WARN] [lithostitched/]: Couldn't find template pool reference: minecraft:
[07Sep2025 04:12:43.090] [c2me-worker-0/WARN] [lithostitched/]: Couldn't find template pool reference: minecraft:
[07Sep2025 04:12:43.091] [c2me-worker-0/WARN] [lithostitched/]: Couldn't find template pool reference: minecraft:
[07Sep2025 04:12:43.092] [c2me-worker-0/WARN] [lithostitched/]: Couldn't find template pool reference: minecraft:
[07Sep2025 04:12:43.092] [c2me-worker-0/WARN] [lithostitched/]: Couldn't find template pool reference: minecraft:
[07Sep2025 04:12:43.092] [c2me-worker-0/WARN] [lithostitched/]: Couldn't find template pool reference: minecraft:
[07Sep2025 04:12:43.092] [c2me-worker-0/WARN] [lithostitched/]: Couldn't find template pool reference: minecraft:
[07Sep2025 04:12:43.092] [c2me-worker-0/WARN] [lithostitched/]: Couldn't find template pool reference: minecraft:
[07Sep2025 04:12:43.093] [c2me-worker-0/WARN] [lithostitched/]: Couldn't find template pool reference: minecraft:
[07Sep2025 04:12:43.093] [c2me-worker-0/WARN] [lithostitched/]: Couldn't find template pool reference: minecraft:
[07Sep2025 04:12:43.093] [c2me-worker-0/WARN] [lithostitched/]: Couldn't find template pool reference: minecraft:
[07Sep2025 04:12:43.093] [c2me-worker-0/WARN] [lithostitched/]: Couldn't find template pool reference: minecraft:
[07Sep2025 04:12:43.093] [c2me-worker-0/WARN] [lithostitched/]: Couldn't find template pool reference: minecraft:
[07Sep2025 04:12:43.094] [c2me-worker-0/WARN] [lithostitched/]: Couldn't find template pool reference: minecraft:
[07Sep2025 04:12:43.094] [c2me-worker-0/WARN] [lithostitched/]: Couldn't find template pool reference: minecraft:
[07Sep2025 04:12:43.094] [c2me-worker-0/WARN] [lithostitched/]: Couldn't find template pool reference: minecraft:
[07Sep2025 04:12:43.094] [c2me-worker-0/WARN] [lithostitched/]: Couldn't find template pool reference: minecraft:
[07Sep2025 04:12:43.094] [c2me-worker-0/WARN] [lithostitched/]: Couldn't find template pool reference: minecraft:
[07Sep2025 04:12:43.094] [c2me-worker-0/WARN] [lithostitched/]: Couldn't find template pool reference: minecraft:
[07Sep2025 04:12:43.095] [c2me-worker-0/WARN] [lithostitched/]: Couldn't find template pool reference: minecraft:
[07Sep2025 04:12:43.095] [c2me-worker-0/WARN] [lithostitched/]: Couldn't find template pool reference: minecraft:
[07Sep2025 04:12:43.097] [c2me-worker-0/WARN] [lithostitched/]: Couldn't find template pool reference: minecraft:
[07Sep2025 04:12:43.098] [c2me-worker-0/WARN] [lithostitched/]: Couldn't find template pool reference: minecraft:
[07Sep2025 04:12:43.098] [c2me-worker-0/WARN] [lithostitched/]: Couldn't find template pool reference: minecraft:
[07Sep2025 04:12:43.098] [c2me-worker-0/WARN] [lithostitched/]: Couldn't find template pool reference: minecraft:
[07Sep2025 04:12:43.098] [c2me-worker-0/WARN] [lithostitched/]: Couldn't find template pool reference: minecraft:
[07Sep2025 04:12:43.099] [c2me-worker-0/WARN] [lithostitched/]: Couldn't find template pool reference: minecraft:
[07Sep2025 04:12:43.099] [c2me-worker-0/WARN] [lithostitched/]: Couldn't find template pool reference: minecraft:
[07Sep2025 04:12:43.099] [c2me-worker-0/WARN] [lithostitched/]: Couldn't find template pool reference: minecraft:
[07Sep2025 04:12:43.099] [c2me-worker-0/WARN] [lithostitched/]: Couldn't find template pool reference: minecraft:
[07Sep2025 04:12:43.099] [c2me-worker-0/WARN] [lithostitched/]: Couldn't find template pool reference: minecraft:
[07Sep2025 04:12:43.100] [c2me-worker-0/WARN] [lithostitched/]: Couldn't find template pool reference: minecraft:
[07Sep2025 04:12:43.100] [c2me-worker-0/WARN] [lithostitched/]: Couldn't find template pool reference: minecraft:
[07Sep2025 04:12:43.100] [c2me-worker-0/WARN] [lithostitched/]: Couldn't find template pool reference: minecraft:
[07Sep2025 04:12:43.100] [c2me-worker-0/WARN] [lithostitched/]: Couldn't find template pool reference: minecraft:
[07Sep2025 04:12:43.100] [c2me-worker-0/WARN] [lithostitched/]: Couldn't find template pool reference: minecraft:
[07Sep2025 04:12:43.101] [c2me-worker-0/WARN] [lithostitched/]: Couldn't find template pool reference: minecraft:
[07Sep2025 04:12:43.101] [c2me-worker-0/WARN] [lithostitched/]: Couldn't find template pool reference: minecraft:
[07Sep2025 04:12:43.101] [c2me-worker-0/WARN] [lithostitched/]: Couldn't find template pool reference: minecraft:
[07Sep2025 04:12:43.101] [c2me-worker-0/WARN] [lithostitched/]: Couldn't find template pool reference: minecraft:
[07Sep2025 04:12:43.105] [c2me-worker-0/WARN] [lithostitched/]: Couldn't find template pool reference: minecraft:
[07Sep2025 04:12:43.105] [c2me-worker-0/WARN] [lithostitched/]: Couldn't find template pool reference: minecraft:
[07Sep2025 04:12:43.105] [c2me-worker-0/WARN] [lithostitched/]: Couldn't find template pool reference: minecraft:
[07Sep2025 04:12:43.105] [c2me-worker-0/WARN] [lithostitched/]: Couldn't find template pool reference: minecraft:
[07Sep2025 04:12:43.106] [c2me-worker-0/WARN] [lithostitched/]: Couldn't find template pool reference: minecraft:
[07Sep2025 04:12:43.106] [c2me-worker-0/WARN] [lithostitched/]: Couldn't find template pool reference: minecraft:
[07Sep2025 04:12:43.106] [c2me-worker-0/WARN] [lithostitched/]: Couldn't find template pool reference: minecraft:
[07Sep2025 04:12:43.106] [c2me-worker-0/WARN] [lithostitched/]: Couldn't find template pool reference: minecraft:
[07Sep2025 04:12:43.106] [c2me-worker-0/WARN] [lithostitched/]: Couldn't find template pool reference: minecraft:
[07Sep2025 04:12:43.107] [c2me-worker-0/WARN] [lithostitched/]: Couldn't find template pool reference: minecraft:
[07Sep2025 04:12:43.107] [c2me-worker-0/WARN] [lithostitched/]: Couldn't find template pool reference: minecraft:
[07Sep2025 04:12:43.107] [c2me-worker-0/WARN] [lithostitched/]: Couldn't find template pool reference: minecraft:
[07Sep2025 04:12:43.107] [c2me-worker-0/WARN] [lithostitched/]: Couldn't find template pool reference: minecraft:
[07Sep2025 04:12:43.107] [c2me-worker-0/WARN] [lithostitched/]: Couldn't find template pool reference: minecraft:
[07Sep2025 04:12:43.107] [c2me-worker-0/WARN] [lithostitched/]: Couldn't find template pool reference: minecraft:
[07Sep2025 04:12:43.108] [c2me-worker-0/WARN] [lithostitched/]: Couldn't find template pool reference: minecraft:
[07Sep2025 04:12:43.108] [c2me-worker-0/WARN] [lithostitched/]: Couldn't find template pool reference: minecraft:
[07Sep2025 04:12:43.108] [c2me-worker-0/WARN] [lithostitched/]: Couldn't find template pool reference: minecraft:
[07Sep2025 04:12:43.108] [c2me-worker-0/WARN] [lithostitched/]: Couldn't find template pool reference: minecraft:
[07Sep2025 04:12:43.110] [c2me-worker-0/WARN] [lithostitched/]: Couldn't find template pool reference: minecraft:
[07Sep2025 04:12:43.110] [c2me-worker-0/WARN] [lithostitched/]: Couldn't find template pool reference: minecraft:
[07Sep2025 04:12:43.111] [c2me-worker-0/WARN] [lithostitched/]: Couldn't find template pool reference: minecraft:
[07Sep2025 04:12:43.111] [c2me-worker-0/WARN] [lithostitched/]: Couldn't find template pool reference: minecraft:
[07Sep2025 04:12:43.111] [c2me-worker-0/WARN] [lithostitched/]: Couldn't find template pool reference: minecraft:
[07Sep2025 04:12:43.111] [c2me-worker-0/WARN] [lithostitched/]: Couldn't find template pool reference: minecraft:
[07Sep2025 04:12:43.111] [c2me-worker-0/WARN] [lithostitched/]: Couldn't find template pool reference: minecraft:
[07Sep2025 04:12:43.111] [c2me-worker-0/WARN] [lithostitched/]: Couldn't find template pool reference: minecraft:
[07Sep2025 04:12:43.112] [c2me-worker-0/WARN] [lithostitched/]: Couldn't find template pool reference: minecraft:
[07Sep2025 04:12:43.112] [c2me-worker-0/WARN] [lithostitched/]: Couldn't find template pool reference: minecraft:
[07Sep2025 04:12:43.112] [c2me-worker-0/WARN] [lithostitched/]: Couldn't find template pool reference: minecraft:
[07Sep2025 04:12:43.112] [c2me-worker-0/WARN] [lithostitched/]: Couldn't find template pool reference: minecraft:
[07Sep2025 04:12:43.112] [c2me-worker-0/WARN] [lithostitched/]: Couldn't find template pool reference: minecraft:
[07Sep2025 04:12:43.112] [c2me-worker-0/WARN] [lithostitched/]: Couldn't find template pool reference: minecraft:
[07Sep2025 04:12:43.113] [c2me-worker-0/WARN] [lithostitched/]: Couldn't find template pool reference: minecraft:
[07Sep2025 04:12:43.113] [c2me-worker-0/WARN] [lithostitched/]: Couldn't find template pool reference: minecraft:
[07Sep2025 04:12:43.113] [c2me-worker-0/WARN] [lithostitched/]: Couldn't find template pool reference: minecraft:
[07Sep2025 04:12:43.113] [c2me-worker-0/WARN] [lithostitched/]: Couldn't find template pool reference: minecraft:
[07Sep2025 04:12:43.113] [c2me-worker-0/WARN] [lithostitched/]: Couldn't find template pool reference: minecraft:
[07Sep2025 04:12:43.114] [c2me-worker-0/WARN] [lithostitched/]: Couldn't find template pool reference: minecraft:
[07Sep2025 04:12:43.114] [c2me-worker-0/WARN] [lithostitched/]: Couldn't find template pool reference: minecraft:
[07Sep2025 04:12:43.114] [c2me-worker-0/WARN] [lithostitched/]: Couldn't find template pool reference: minecraft:
[07Sep2025 04:12:43.115] [c2me-worker-0/WARN] [lithostitched/]: Couldn't find template pool reference: minecraft:
[07Sep2025 04:12:43.115] [c2me-worker-0/WARN] [lithostitched/]: Couldn't find template pool reference: minecraft:
[07Sep2025 04:12:43.115] [c2me-worker-0/WARN] [lithostitched/]: Couldn't find template pool reference: minecraft:
[07Sep2025 04:12:43.115] [c2me-worker-0/WARN] [lithostitched/]: Couldn't find template pool reference: minecraft:
[07Sep2025 04:12:43.116] [c2me-worker-0/WARN] [lithostitched/]: Couldn't find template pool reference: minecraft:
[07Sep2025 04:12:43.116] [c2me-worker-0/WARN] [lithostitched/]: Couldn't find template pool reference: minecraft:
[07Sep2025 04:12:43.116] [c2me-worker-0/WARN] [lithostitched/]: Couldn't find template pool reference: minecraft:
[07Sep2025 04:12:43.116] [c2me-worker-0/WARN] [lithostitched/]: Couldn't find template pool reference: minecraft:
[07Sep2025 04:12:43.117] [c2me-worker-0/WARN] [lithostitched/]: Couldn't find template pool reference: minecraft:
[07Sep2025 04:12:43.117] [c2me-worker-0/WARN] [lithostitched/]: Couldn't find template pool reference: minecraft:
[07Sep2025 04:12:43.117] [c2me-worker-0/WARN] [lithostitched/]: Couldn't find template pool reference: minecraft:
[07Sep2025 04:13:05.005] [c2me-worker-1/WARN] [net.minecraft.world.entity.ai.attributes.AttributeMap/]: Ignoring unknown attribute 'forge:entity_gravity'
[07Sep2025 04:13:05.006] [c2me-worker-1/WARN] [net.minecraft.world.entity.ai.attributes.AttributeMap/]: Ignoring unknown attribute 'forge:entity_gravity'
[07Sep2025 04:13:05.006] [c2me-worker-1/WARN] [net.minecraft.world.entity.ai.attributes.AttributeMap/]: Ignoring unknown attribute 'forge:entity_gravity'
[07Sep2025 04:13:05.006] [c2me-worker-1/WARN] [net.minecraft.world.entity.ai.attributes.AttributeMap/]: Ignoring unknown attribute 'forge:entity_gravity'
[07Sep2025 04:13:05.007] [c2me-worker-1/WARN] [net.minecraft.world.entity.ai.attributes.AttributeMap/]: Ignoring unknown attribute 'forge:entity_gravity'
[07Sep2025 04:13:05.007] [c2me-worker-1/WARN] [net.minecraft.world.entity.ai.attributes.AttributeMap/]: Ignoring unknown attribute 'forge:entity_gravity'
[07Sep2025 04:13:05.007] [c2me-worker-1/WARN] [net.minecraft.world.entity.ai.attributes.AttributeMap/]: Ignoring unknown attribute 'forge:entity_gravity'
[07Sep2025 04:13:05.007] [c2me-worker-1/WARN] [net.minecraft.world.entity.ai.attributes.AttributeMap/]: Ignoring unknown attribute 'forge:entity_gravity'
[07Sep2025 04:13:05.008] [c2me-worker-1/WARN] [net.minecraft.world.entity.ai.attributes.AttributeMap/]: Ignoring unknown attribute 'forge:entity_gravity'
[07Sep2025 04:13:05.008] [c2me-worker-1/WARN] [net.minecraft.world.entity.ai.attributes.AttributeMap/]: Ignoring unknown attribute 'forge:entity_gravity'
[07Sep2025 04:13:25.438] [c2me-worker-2/ERROR] [net.minecraft.world.item.ItemStack/]: Tried to load invalid item: 'Item must not be minecraft:air'
[07Sep2025 04:13:30.582] [c2me-worker-0/ERROR] [net.minecraft.world.entity.decoration.BlockAttachedEntity/]: Block-attached entity at invalid position: BlockPos{x=-399, y=58, z=267}
[07Sep2025 04:13:30.875] [c2me-worker-0/WARN] [lithostitched/]: Couldn't find template pool reference: minecraft:south
[07Sep2025 04:13:31.065] [c2me-worker-0/WARN] [lithostitched/]: Couldn't find template pool reference: minecraft:south
[07Sep2025 04:13:31.079] [c2me-worker-0/WARN] [lithostitched/]: Couldn't find template pool reference: minecraft:south
[07Sep2025 04:13:31.080] [c2me-worker-0/WARN] [lithostitched/]: Couldn't find template pool reference: crazy_chambers:spawner/breeze_spawner
[07Sep2025 04:13:31.082] [c2me-worker-0/WARN] [lithostitched/]: Couldn't find template pool reference: minecraft:south
[07Sep2025 04:13:31.082] [c2me-worker-0/WARN] [lithostitched/]: Couldn't find template pool reference: crazy_chambers:spawner/breeze_spawner
[07Sep2025 04:13:31.082] [c2me-worker-0/WARN] [lithostitched/]: Couldn't find template pool reference: minecraft:south
[07Sep2025 04:13:31.096] [c2me-worker-0/WARN] [lithostitched/]: Couldn't find template pool reference: minecraft:south
[07Sep2025 04:13:31.106] [c2me-worker-0/WARN] [lithostitched/]: Couldn't find template pool reference: minecraft:south
[07Sep2025 04:13:31.106] [c2me-worker-0/WARN] [lithostitched/]: Couldn't find template pool reference: minecraft:south
[07Sep2025 04:13:31.117] [c2me-worker-0/WARN] [lithostitched/]: Couldn't find template pool reference: minecraft:south
[07Sep2025 04:13:31.117] [c2me-worker-0/WARN] [lithostitched/]: Couldn't find template pool reference: minecraft:south
[07Sep2025 04:13:31.140] [c2me-worker-0/WARN] [lithostitched/]: Couldn't find template pool reference: minecraft:south
[07Sep2025 04:13:31.140] [c2me-worker-0/WARN] [lithostitched/]: Couldn't find template pool reference: minecraft:south
[07Sep2025 04:13:31.142] [c2me-worker-0/WARN] [lithostitched/]: Couldn't find template pool reference: minecraft:south
[07Sep2025 04:13:31.142] [c2me-worker-0/WARN] [lithostitched/]: Couldn't find template pool reference: minecraft:south
[07Sep2025 04:13:31.143] [c2me-worker-0/WARN] [lithostitched/]: Couldn't find template pool reference: minecraft:south
[07Sep2025 04:13:31.143] [c2me-worker-0/WARN] [lithostitched/]: Couldn't find template pool reference: minecraft:south
[07Sep2025 04:13:31.146] [c2me-worker-0/WARN] [lithostitched/]: Couldn't find template pool reference: minecraft:south
[07Sep2025 04:13:31.146] [c2me-worker-0/WARN] [lithostitched/]: Couldn't find template pool reference: minecraft:south
[07Sep2025 04:13:31.148] [c2me-worker-0/WARN] [lithostitched/]: Couldn't find template pool reference: minecraft:south
[07Sep2025 04:13:31.148] [c2me-worker-0/WARN] [lithostitched/]: Couldn't find template pool reference: minecraft:south
[07Sep2025 04:13:31.149] [c2me-worker-0/WARN] [lithostitched/]: Couldn't find template pool reference: minecraft:south
[07Sep2025 04:13:31.150] [c2me-worker-0/WARN] [lithostitched/]: Couldn't find template pool reference: minecraft:south
[07Sep2025 04:13:31.150] [c2me-worker-0/WARN] [lithostitched/]: Couldn't find template pool reference: minecraft:south
[07Sep2025 04:13:31.152] [c2me-worker-0/WARN] [lithostitched/]: Couldn't find template pool reference: minecraft:south
[07Sep2025 04:13:31.154] [c2me-worker-0/WARN] [lithostitched/]: Couldn't find template pool reference: minecraft:south
[07Sep2025 04:13:31.155] [c2me-worker-0/WARN] [lithostitched/]: Couldn't find template pool reference: minecraft:south
[07Sep2025 04:13:31.156] [c2me-worker-0/WARN] [lithostitched/]: Couldn't find template pool reference: minecraft:south
[07Sep2025 04:13:31.157] [c2me-worker-0/WARN] [lithostitched/]: Couldn't find template pool reference: minecraft:south
[07Sep2025 04:13:31.158] [c2me-worker-0/WARN] [lithostitched/]: Couldn't find template pool reference: minecraft:south
[07Sep2025 04:13:31.161] [c2me-worker-0/WARN] [lithostitched/]: Couldn't find template pool reference: minecraft:south
[07Sep2025 04:13:31.161] [c2me-worker-0/WARN] [lithostitched/]: Couldn't find template pool reference: minecraft:south
[07Sep2025 04:13:31.165] [c2me-worker-0/WARN] [lithostitched/]: Couldn't find template pool reference: minecraft:south
[07Sep2025 04:13:31.172] [c2me-worker-0/WARN] [lithostitched/]: Couldn't find template pool reference: minecraft:south
[07Sep2025 04:13:31.183] [c2me-worker-0/WARN] [lithostitched/]: Couldn't find template pool reference: minecraft:south
[07Sep2025 04:13:31.183] [c2me-worker-0/WARN] [lithostitched/]: Couldn't find template pool reference: minecraft:south
[07Sep2025 04:13:31.193] [c2me-worker-0/WARN] [lithostitched/]: Couldn't find template pool reference: minecraft:south
[07Sep2025 04:13:31.197] [c2me-worker-0/WARN] [lithostitched/]: Couldn't find template pool reference: minecraft:south
[07Sep2025 04:13:31.202] [c2me-worker-0/WARN] [lithostitched/]: Couldn't find template pool reference: minecraft:south
[07Sep2025 04:13:31.205] [c2me-worker-0/WARN] [lithostitched/]: Couldn't find template pool reference: minecraft:south
[07Sep2025 04:13:31.220] [c2me-worker-0/WARN] [lithostitched/]: Couldn't find template pool reference: minecraft:south
[07Sep2025 04:13:31.220] [c2me-worker-0/WARN] [lithostitched/]: Couldn't find template pool reference: minecraft:south
[07Sep2025 04:13:31.220] [c2me-worker-0/WARN] [lithostitched/]: Couldn't find template pool reference: minecraft:south
[07Sep2025 04:13:31.221] [c2me-worker-0/WARN] [lithostitched/]: Couldn't find template pool reference: minecraft:south
[07Sep2025 04:13:31.238] [c2me-worker-0/WARN] [lithostitched/]: Couldn't find template pool reference: minecraft:south
[07Sep2025 04:13:31.239] [c2me-worker-0/WARN] [lithostitched/]: Couldn't find template pool reference: minecraft:south
[07Sep2025 04:13:31.239] [c2me-worker-0/WARN] [lithostitched/]: Couldn't find template pool reference: minecraft:south
[07Sep2025 04:13:31.246] [c2me-worker-0/WARN] [lithostitched/]: Couldn't find template pool reference: minecraft:south
[07Sep2025 04:13:31.251] [c2me-worker-0/WARN] [lithostitched/]: Couldn't find template pool reference: minecraft:south
[07Sep2025 04:13:31.278] [c2me-worker-0/WARN] [lithostitched/]: Couldn't find template pool reference: minecraft:south
[07Sep2025 04:13:32.025] [c2me-worker-0/ERROR] [net.minecraft.world.item.ItemStack/]: Tried to load invalid item: 'Item must not be minecraft:air'
[07Sep2025 04:14:29.878] [Server thread/ERROR] [net.minecraft.world.item.ItemStack/]: Tried to load invalid item: 'No key id in MapLike[{}]'
[07Sep2025 04:14:29.879] [Server thread/ERROR] [net.minecraft.world.item.ItemStack/]: Tried to load invalid item: 'No key id in MapLike[{}]'
[07Sep2025 04:14:37.820] [Server thread/INFO] [net.minecraft.world.entity.npc.Villager/]: Villager Villager['Shepherd'/25401, l='ServerLevel[world]', x=-416.21, y=-9.00, z=704.56] died, message: 'Shepherd went up in flames'
[07Sep2025 04:14:57.687] [Server thread/INFO] [net.alshanex.familiarslib.FamiliarsLib/]: Familiar 851697ac-19fe-489b-b901-e8cd57c95c67 exited house mode
[07Sep2025 04:15:08.633] [Server thread/ERROR] [net.minecraft.world.item.ItemStack/]: Tried to load invalid item: 'No key id in MapLike[{}]'
[07Sep2025 04:15:08.633] [Server thread/ERROR] [net.minecraft.world.item.ItemStack/]: Tried to load invalid item: 'No key id in MapLike[{}]'
[07Sep2025 04:15:13.030] [Server thread/ERROR] [net.minecraft.world.item.ItemStack/]: Tried to load invalid item: 'No key id in MapLike[{}]'
[07Sep2025 04:15:13.030] [Server thread/ERROR] [net.minecraft.world.item.ItemStack/]: Tried to load invalid item: 'No key id in MapLike[{}]'
[07Sep2025 04:15:23.386] [Server thread/INFO] [net.minecraft.server.MinecraftServer/]: [Not Secure] <Celxex> olvidalo el agua no me deja pasar KJASD
[07Sep2025 04:15:26.582] [Server thread/INFO] [net.alshanex.familiarslib.FamiliarsLib/]: Familiar 851697ac-19fe-489b-b901-e8cd57c95c67 exited house mode
[07Sep2025 04:15:37.902] [Server thread/INFO] [net.minecraft.server.MinecraftServer/]: [Celxex: Set own game mode to Spectator Mode]
[07Sep2025 04:15:39.652] [Server thread/INFO] [net.minecraft.server.MinecraftServer/]: [Not Secure] <Yasame14> toma
[07Sep2025 04:15:39.780] [Server thread/INFO] [net.alshanex.familiarslib.FamiliarsLib/]: Familiar 851697ac-19fe-489b-b901-e8cd57c95c67 exited house mode
[07Sep2025 04:15:43.793] [c2me-worker-1/WARN] [net.minecraft.world.entity.ai.attributes.AttributeMap/]: Ignoring unknown attribute 'minecraft:movement_speed'
[07Sep2025 04:15:43.793] [c2me-worker-1/WARN] [net.minecraft.world.entity.ai.attributes.AttributeMap/]: Ignoring unknown attribute 'minecraft:movement_speed'
[07Sep2025 04:15:47.638] [Server thread/INFO] [net.alshanex.familiarslib.FamiliarsLib/]: Familiar 851697ac-19fe-489b-b901-e8cd57c95c67 exited house mode
[07Sep2025 04:15:55.275] [Server thread/INFO] [net.minecraft.server.MinecraftServer/]: [Not Secure] <Celxex> pera
[07Sep2025 04:15:57.230] [Server thread/INFO] [net.alshanex.familiarslib.FamiliarsLib/]: Familiar 851697ac-19fe-489b-b901-e8cd57c95c67 exited house mode
[07Sep2025 04:16:15.302] [Server thread/ERROR] [net.minecraft.world.item.ItemStack/]: Tried to load invalid item: 'No key id in MapLike[{}]'
[07Sep2025 04:16:15.303] [Server thread/ERROR] [net.minecraft.world.item.ItemStack/]: Tried to load invalid item: 'No key id in MapLike[{}]'
[07Sep2025 04:16:33.149] [Server thread/INFO] [net.minecraft.server.MinecraftServer/]: [Celxex: Set own game mode to Survival Mode]
[07Sep2025 04:16:36.538] [Server thread/INFO] [net.minecraft.server.MinecraftServer/]: [Celxex: Set the time to 1000]
[07Sep2025 04:16:57.778] [Server thread/ERROR] [net.minecraft.world.item.ItemStack/]: Tried to load invalid item: 'No key id in MapLike[{}]'
[07Sep2025 04:16:57.779] [Server thread/ERROR] [net.minecraft.world.item.ItemStack/]: Tried to load invalid item: 'No key id in MapLike[{}]'
[07Sep2025 04:17:08.007] [Server thread/ERROR] [net.minecraft.world.item.ItemStack/]: Tried to load invalid item: 'No key id in MapLike[{}]'
[07Sep2025 04:17:08.007] [Server thread/ERROR] [net.minecraft.world.item.ItemStack/]: Tried to load invalid item: 'No key id in MapLike[{}]'
[07Sep2025 04:17:08.007] [Server thread/ERROR] [net.minecraft.world.item.ItemStack/]: Tried to load invalid item: 'No key id in MapLike[{}]'
[07Sep2025 04:18:04.653] [c2me-worker-1/WARN] [lithostitched/]: Couldn't find template pool reference: minecraft:south
[07Sep2025 04:18:04.656] [c2me-worker-1/WARN] [lithostitched/]: Couldn't find template pool reference: minecraft:south
[07Sep2025 04:18:04.657] [c2me-worker-1/WARN] [lithostitched/]: Couldn't find template pool reference: minecraft:south
[07Sep2025 04:18:04.657] [c2me-worker-1/WARN] [lithostitched/]: Couldn't find template pool reference: minecraft:south
[07Sep2025 04:18:04.658] [c2me-worker-1/WARN] [lithostitched/]: Couldn't find template pool reference: minecraft:south
[07Sep2025 04:18:04.661] [c2me-worker-1/WARN] [lithostitched/]: Couldn't find template pool reference: minecraft:south
[07Sep2025 04:18:04.663] [c2me-worker-1/WARN] [lithostitched/]: Couldn't find template pool reference: minecraft:south
[07Sep2025 04:18:04.664] [c2me-worker-1/WARN] [lithostitched/]: Couldn't find template pool reference: minecraft:south
[07Sep2025 04:18:04.664] [c2me-worker-1/WARN] [lithostitched/]: Couldn't find template pool reference: minecraft:south
[07Sep2025 04:18:04.665] [c2me-worker-1/WARN] [lithostitched/]: Couldn't find template pool reference: minecraft:south
[07Sep2025 04:18:04.665] [c2me-worker-1/WARN] [lithostitched/]: Couldn't find template pool reference: minecraft:south
[07Sep2025 04:18:04.666] [c2me-worker-1/WARN] [lithostitched/]: Couldn't find template pool reference: minecraft:south
[07Sep2025 04:18:04.666] [c2me-worker-1/WARN] [lithostitched/]: Couldn't find template pool reference: minecraft:south
[07Sep2025 04:18:04.674] [c2me-worker-1/WARN] [lithostitched/]: Couldn't find template pool reference: minecraft:south
[07Sep2025 04:18:04.674] [c2me-worker-1/WARN] [lithostitched/]: Couldn't find template pool reference: minecraft:south
[07Sep2025 04:18:04.674] [c2me-worker-1/WARN] [lithostitched/]: Couldn't find template pool reference: minecraft:south
[07Sep2025 04:18:04.675] [c2me-worker-1/WARN] [lithostitched/]: Couldn't find template pool reference: minecraft:south
[07Sep2025 04:18:04.675] [c2me-worker-1/WARN] [lithostitched/]: Couldn't find template pool reference: minecraft:south
[07Sep2025 04:18:04.675] [c2me-worker-1/WARN] [lithostitched/]: Couldn't find template pool reference: minecraft:south
[07Sep2025 04:18:04.676] [c2me-worker-1/WARN] [lithostitched/]: Couldn't find template pool reference: minecraft:south
[07Sep2025 04:18:04.676] [c2me-worker-1/WARN] [lithostitched/]: Couldn't find template pool reference: crazy_chambers:spawner/breeze_spawner
[07Sep2025 04:18:04.684] [c2me-worker-1/WARN] [lithostitched/]: Couldn't find template pool reference: minecraft:south
[07Sep2025 04:18:04.684] [c2me-worker-1/WARN] [lithostitched/]: Couldn't find template pool reference: minecraft:south
[07Sep2025 04:18:04.685] [c2me-worker-1/WARN] [lithostitched/]: Couldn't find template pool reference: minecraft:south
[07Sep2025 04:18:04.685] [c2me-worker-1/WARN] [lithostitched/]: Couldn't find template pool reference: minecraft:south
[07Sep2025 04:18:04.685] [c2me-worker-1/WARN] [lithostitched/]: Couldn't find template pool reference: crazy_chambers:spawner/breeze_spawner
[07Sep2025 04:18:04.692] [c2me-worker-1/WARN] [lithostitched/]: Couldn't find template pool reference: minecraft:south
[07Sep2025 04:18:04.693] [c2me-worker-1/WARN] [lithostitched/]: Couldn't find template pool reference: minecraft:south
[07Sep2025 04:18:04.693] [c2me-worker-1/WARN] [lithostitched/]: Couldn't find template pool reference: minecraft:south
[07Sep2025 04:18:04.694] [c2me-worker-1/WARN] [lithostitched/]: Couldn't find template pool reference: minecraft:south
[07Sep2025 04:18:04.701] [c2me-worker-1/WARN] [lithostitched/]: Couldn't find template pool reference: minecraft:south
[07Sep2025 04:18:04.703] [c2me-worker-1/WARN] [lithostitched/]: Couldn't find template pool reference: minecraft:south
[07Sep2025 04:18:04.703] [c2me-worker-1/WARN] [lithostitched/]: Couldn't find template pool reference: minecraft:south
[07Sep2025 04:18:04.711] [c2me-worker-1/WARN] [lithostitched/]: Couldn't find template pool reference: minecraft:south
[07Sep2025 04:18:04.713] [c2me-worker-1/WARN] [lithostitched/]: Couldn't find template pool reference: minecraft:south
[07Sep2025 04:18:04.719] [c2me-worker-1/WARN] [lithostitched/]: Couldn't find template pool reference: minecraft:south
[07Sep2025 04:18:04.719] [c2me-worker-1/WARN] [lithostitched/]: Couldn't find template pool reference: minecraft:south
[07Sep2025 04:18:04.720] [c2me-worker-1/WARN] [lithostitched/]: Couldn't find template pool reference: minecraft:south
[07Sep2025 04:18:04.721] [c2me-worker-1/WARN] [lithostitched/]: Couldn't find template pool reference: minecraft:south
[07Sep2025 04:18:04.724] [c2me-worker-1/WARN] [lithostitched/]: Couldn't find template pool reference: minecraft:south
[07Sep2025 04:18:04.725] [c2me-worker-1/WARN] [lithostitched/]: Couldn't find template pool reference: minecraft:south
[07Sep2025 04:18:04.730] [c2me-worker-1/WARN] [lithostitched/]: Couldn't find template pool reference: minecraft:south
[07Sep2025 04:18:04.742] [c2me-worker-1/WARN] [lithostitched/]: Couldn't find template pool reference: minecraft:south
[07Sep2025 04:18:04.745] [c2me-worker-1/WARN] [lithostitched/]: Couldn't find template pool reference: minecraft:south
[07Sep2025 04:18:04.746] [c2me-worker-1/WARN] [lithostitched/]: Couldn't find template pool reference: minecraft:south
[07Sep2025 04:18:04.750] [c2me-worker-1/WARN] [lithostitched/]: Couldn't find template pool reference: minecraft:south
[07Sep2025 04:18:04.772] [c2me-worker-1/WARN] [lithostitched/]: Couldn't find template pool reference: minecraft:south
[07Sep2025 04:18:04.773] [c2me-worker-1/WARN] [lithostitched/]: Couldn't find template pool reference: minecraft:south
[07Sep2025 04:18:04.776] [c2me-worker-1/WARN] [lithostitched/]: Couldn't find template pool reference: minecraft:south
[07Sep2025 04:18:04.776] [c2me-worker-1/WARN] [lithostitched/]: Couldn't find template pool reference: minecraft:south
[07Sep2025 04:18:04.784] [c2me-worker-1/WARN] [lithostitched/]: Couldn't find template pool reference: minecraft:south
[07Sep2025 04:18:04.794] [c2me-worker-1/WARN] [lithostitched/]: Couldn't find template pool reference: minecraft:south
[07Sep2025 04:18:04.798] [c2me-worker-1/WARN] [lithostitched/]: Couldn't find template pool reference: minecraft:south
[07Sep2025 04:18:04.802] [c2me-worker-1/WARN] [lithostitched/]: Couldn't find template pool reference: minecraft:south
[07Sep2025 04:18:04.802] [c2me-worker-1/WARN] [lithostitched/]: Couldn't find template pool reference: minecraft:south
[07Sep2025 04:18:04.808] [c2me-worker-1/WARN] [lithostitched/]: Couldn't find template pool reference: minecraft:south
[07Sep2025 04:18:05.118] [c2me-worker-1/WARN] [lithostitched/]: Couldn't find template pool reference: minecraft:south
[07Sep2025 04:18:05.145] [c2me-worker-1/WARN] [lithostitched/]: Couldn't find template pool reference: minecraft:south
[07Sep2025 04:18:05.146] [c2me-worker-1/WARN] [lithostitched/]: Couldn't find template pool reference: minecraft:south
[07Sep2025 04:18:05.155] [c2me-worker-1/WARN] [lithostitched/]: Couldn't find template pool reference: minecraft:south
[07Sep2025 04:18:06.160] [Server thread/ERROR] [net.minecraft.world.item.ItemStack/]: Tried to load invalid item: 'No key id in MapLike[{}]'
[07Sep2025 04:18:06.160] [Server thread/ERROR] [net.minecraft.world.item.ItemStack/]: Tried to load invalid item: 'No key id in MapLike[{}]'
[07Sep2025 04:18:06.160] [Server thread/ERROR] [net.minecraft.world.item.ItemStack/]: Tried to load invalid item: 'No key id in MapLike[{}]'
[07Sep2025 04:19:21.992] [c2me-worker-2/ERROR] [net.minecraft.world.item.ItemStack/]: Tried to load invalid item: 'No key id in MapLike[{}]'
[07Sep2025 04:19:21.993] [c2me-worker-2/ERROR] [net.minecraft.world.item.ItemStack/]: Tried to load invalid item: 'No key id in MapLike[{}]'
[07Sep2025 04:19:26.337] [c2me-worker-2/ERROR] [net.minecraft.world.item.ItemStack/]: Tried to load invalid item: 'No key id in MapLike[{}]'
[07Sep2025 04:19:26.338] [c2me-worker-2/ERROR] [net.minecraft.world.item.ItemStack/]: Tried to load invalid item: 'No key id in MapLike[{}]'
[07Sep2025 04:19:26.340] [c2me-worker-2/ERROR] [net.minecraft.world.item.ItemStack/]: Tried to load invalid item: 'No key id in MapLike[{}]'
[07Sep2025 04:19:26.340] [c2me-worker-2/ERROR] [net.minecraft.world.item.ItemStack/]: Tried to load invalid item: 'No key id in MapLike[{}]'
[07Sep2025 04:19:27.007] [c2me-worker-1/ERROR] [net.minecraft.world.item.ItemStack/]: Tried to load invalid item: 'No key id in MapLike[{}]'
[07Sep2025 04:19:27.007] [c2me-worker-1/ERROR] [net.minecraft.world.item.ItemStack/]: Tried to load invalid item: 'No key id in MapLike[{}]'
[07Sep2025 04:19:27.332] [c2me-worker-2/ERROR] [net.minecraft.world.entity.decoration.BlockAttachedEntity/]: Block-attached entity at invalid position: BlockPos{x=-32, y=-10, z=9}
[07Sep2025 04:19:38.336] [Server thread/ERROR] [com.ishland.c2me.rewrites.chunksystem.common.NewChunkHolderVanillaInterface/]: Block/Light update reentrance detected, use -Dc2me.debugBlockLightUpdateReentrance=true to debug
java.lang.Throwable: null
	at TRANSFORMER/c2me_rewrites_chunk_system@0.3.0+alpha.0.73+1.21.1/com.ishland.c2me.rewrites.chunksystem.common.NewChunkHolderVanillaInterface.onBlockLightUpdateReentrance(NewChunkHolderVanillaInterface.java:278) ~[c2me-rewrites-chunk-system-mc1.21.1-0.3.0+alpha.0.73.jar%23670!/:?]
	at TRANSFORMER/c2me_rewrites_chunk_system@0.3.0+alpha.0.73+1.21.1/com.ishland.c2me.rewrites.chunksystem.common.NewChunkHolderVanillaInterface.blockChanged(NewChunkHolderVanillaInterface.java:292) ~[c2me-rewrites-chunk-system-mc1.21.1-0.3.0+alpha.0.73.jar%23670!/:?]
	at TRANSFORMER/minecraft@1.21.1/net.minecraft.server.level.ServerChunkCache.blockChanged(ServerChunkCache.java:428) ~[server-1.21.1-20240808.144430-srg.jar%23327!/:?]
	at TRANSFORMER/balm@21.0.49/net.blay09.mods.balm.common.BalmBlockEntity.sync(BalmBlockEntity.java:172) ~[balm-neoforge-1.21.1-21.0.49.jar%23353!/:21.0.49]
	at TRANSFORMER/waystones@21.1.22/net.blay09.mods.waystones.block.entity.WaystoneBlockEntityBase.initializeWaystone(WaystoneBlockEntityBase.java:209) ~[waystones-neoforge-1.21.1-21.1.22.jar%23526!/:21.1.22]
	at TRANSFORMER/waystones@21.1.22/net.blay09.mods.waystones.block.entity.WaystoneBlockEntityBase.getWaystone(WaystoneBlockEntityBase.java:178) ~[waystones-neoforge-1.21.1-21.1.22.jar%23526!/:21.1.22]
	at TRANSFORMER/waystones@21.1.22/net.blay09.mods.waystones.block.entity.WaystoneBlockEntityBase.writeUpdateTag(WaystoneBlockEntityBase.java:140) ~[waystones-neoforge-1.21.1-21.1.22.jar%23526!/:21.1.22]
	at TRANSFORMER/balm@21.0.49/net.blay09.mods.balm.common.BalmBlockEntity.createUpdateTag(BalmBlockEntity.java:183) ~[balm-neoforge-1.21.1-21.0.49.jar%23353!/:21.0.49]
	at TRANSFORMER/balm@21.0.49/net.blay09.mods.balm.common.BalmBlockEntity.lambda$createUpdatePacket$0(BalmBlockEntity.java:177) ~[balm-neoforge-1.21.1-21.0.49.jar%23353!/:21.0.49]
	at TRANSFORMER/minecraft@1.21.1/net.minecraft.network.protocol.game.ClientboundBlockEntityDataPacket.create(ClientboundBlockEntityDataPacket.java:31) ~[server-1.21.1-20240808.144430-srg.jar%23327!/:?]
	at TRANSFORMER/balm@21.0.49/net.blay09.mods.balm.common.BalmBlockEntity.createUpdatePacket(BalmBlockEntity.java:177) ~[balm-neoforge-1.21.1-21.0.49.jar%23353!/:21.0.49]
	at TRANSFORMER/balm@21.0.49/net.blay09.mods.balm.common.BalmBlockEntity.getUpdatePacket(BalmBlockEntity.java:51) ~[balm-neoforge-1.21.1-21.0.49.jar%23353!/:21.0.49]
	at TRANSFORMER/minecraft@1.21.1/net.minecraft.server.level.ChunkHolder.broadcastBlockEntity(ChunkHolder.java:242) ~[server-1.21.1-20240808.144430-srg.jar%23327!/:?]
	at TRANSFORMER/minecraft@1.21.1/net.minecraft.server.level.ChunkHolder.broadcastBlockEntityIfNeeded(ChunkHolder.java:235) ~[server-1.21.1-20240808.144430-srg.jar%23327!/:?]
	at TRANSFORMER/minecraft@1.21.1/net.minecraft.server.level.ChunkHolder.lambda$broadcastChanges$2(ChunkHolder.java:227) ~[server-1.21.1-20240808.144430-srg.jar%23327!/:?]
	at TRANSFORMER/minecraft@1.21.1/net.minecraft.network.protocol.game.ClientboundSectionBlocksUpdatePacket.runUpdates(ClientboundSectionBlocksUpdatePacket.java:76) ~[server-1.21.1-20240808.144430-srg.jar%23327!/:?]
	at TRANSFORMER/minecraft@1.21.1/net.minecraft.server.level.ChunkHolder.broadcastChanges(ChunkHolder.java:227) ~[server-1.21.1-20240808.144430-srg.jar%23327!/:?]
	at TRANSFORMER/c2me_rewrites_chunk_system@0.3.0+alpha.0.73+1.21.1/com.ishland.c2me.rewrites.chunksystem.common.NewChunkHolderVanillaInterface.broadcastChanges(NewChunkHolderVanillaInterface.java:316) ~[c2me-rewrites-chunk-system-mc1.21.1-0.3.0+alpha.0.73.jar%23670!/:?]
	at TRANSFORMER/minecraft@1.21.1/net.minecraft.server.level.ServerChunkCache.lambda$tickChunks$3(ServerChunkCache.java:383) ~[server-1.21.1-20240808.144430-srg.jar%23327!/:?]
	at java.base/java.util.ArrayList.forEach(ArrayList.java:1596) ~[?:?]
	at TRANSFORMER/minecraft@1.21.1/net.minecraft.server.level.ServerChunkCache.tickChunks(ServerChunkCache.java:383) ~[server-1.21.1-20240808.144430-srg.jar%23327!/:?]
	at TRANSFORMER/minecraft@1.21.1/net.minecraft.server.level.ServerChunkCache.tick(ServerChunkCache.java:321) ~[server-1.21.1-20240808.144430-srg.jar%23327!/:?]
	at TRANSFORMER/minecraft@1.21.1/net.minecraft.server.level.ServerLevel.tick(ServerLevel.java:379) ~[server-1.21.1-20240808.144430-srg.jar%23327!/:?]
	at TRANSFORMER/minecraft@1.21.1/net.minecraft.server.MinecraftServer.tickChildren(MinecraftServer.java:1037) ~[server-1.21.1-20240808.144430-srg.jar%23327!/:?]
	at TRANSFORMER/minecraft@1.21.1/net.minecraft.server.dedicated.DedicatedServer.tickChildren(DedicatedServer.java:317) ~[server-1.21.1-20240808.144430-srg.jar%23327!/:?]
	at TRANSFORMER/minecraft@1.21.1/net.minecraft.server.MinecraftServer.tickServer(MinecraftServer.java:917) ~[server-1.21.1-20240808.144430-srg.jar%23327!/:?]
	at TRANSFORMER/minecraft@1.21.1/net.minecraft.server.MinecraftServer.runServer(MinecraftServer.java:707) ~[server-1.21.1-20240808.144430-srg.jar%23327!/:?]
	at TRANSFORMER/minecraft@1.21.1/net.minecraft.server.MinecraftServer.lambda$spin$2(MinecraftServer.java:267) ~[server-1.21.1-20240808.144430-srg.jar%23327!/:?]
	at java.base/java.lang.Thread.run(Thread.java:1583) [?:?]
[07Sep2025 04:19:38.347] [Server thread/ERROR] [com.ishland.c2me.rewrites.chunksystem.common.NewChunkHolderVanillaInterface/]: Block/Light update reentrance detected, use -Dc2me.debugBlockLightUpdateReentrance=true to debug
java.lang.Throwable: null
	at TRANSFORMER/c2me_rewrites_chunk_system@0.3.0+alpha.0.73+1.21.1/com.ishland.c2me.rewrites.chunksystem.common.NewChunkHolderVanillaInterface.onBlockLightUpdateReentrance(NewChunkHolderVanillaInterface.java:278) ~[c2me-rewrites-chunk-system-mc1.21.1-0.3.0+alpha.0.73.jar%23670!/:?]
	at TRANSFORMER/c2me_rewrites_chunk_system@0.3.0+alpha.0.73+1.21.1/com.ishland.c2me.rewrites.chunksystem.common.NewChunkHolderVanillaInterface.blockChanged(NewChunkHolderVanillaInterface.java:292) ~[c2me-rewrites-chunk-system-mc1.21.1-0.3.0+alpha.0.73.jar%23670!/:?]
	at TRANSFORMER/minecraft@1.21.1/net.minecraft.server.level.ServerChunkCache.blockChanged(ServerChunkCache.java:428) ~[server-1.21.1-20240808.144430-srg.jar%23327!/:?]
	at TRANSFORMER/balm@21.0.49/net.blay09.mods.balm.common.BalmBlockEntity.sync(BalmBlockEntity.java:172) ~[balm-neoforge-1.21.1-21.0.49.jar%23353!/:21.0.49]
	at TRANSFORMER/waystones@21.1.22/net.blay09.mods.waystones.block.entity.WaystoneBlockEntityBase.getWaystone(WaystoneBlockEntityBase.java:190) ~[waystones-neoforge-1.21.1-21.1.22.jar%23526!/:21.1.22]
	at TRANSFORMER/waystones@21.1.22/net.blay09.mods.waystones.block.entity.WaystoneBlockEntityBase.writeUpdateTag(WaystoneBlockEntityBase.java:140) ~[waystones-neoforge-1.21.1-21.1.22.jar%23526!/:21.1.22]
	at TRANSFORMER/balm@21.0.49/net.blay09.mods.balm.common.BalmBlockEntity.createUpdateTag(BalmBlockEntity.java:183) ~[balm-neoforge-1.21.1-21.0.49.jar%23353!/:21.0.49]
	at TRANSFORMER/balm@21.0.49/net.blay09.mods.balm.common.BalmBlockEntity.lambda$createUpdatePacket$0(BalmBlockEntity.java:177) ~[balm-neoforge-1.21.1-21.0.49.jar%23353!/:21.0.49]
	at TRANSFORMER/minecraft@1.21.1/net.minecraft.network.protocol.game.ClientboundBlockEntityDataPacket.create(ClientboundBlockEntityDataPacket.java:31) ~[server-1.21.1-20240808.144430-srg.jar%23327!/:?]
	at TRANSFORMER/balm@21.0.49/net.blay09.mods.balm.common.BalmBlockEntity.createUpdatePacket(BalmBlockEntity.java:177) ~[balm-neoforge-1.21.1-21.0.49.jar%23353!/:21.0.49]
	at TRANSFORMER/balm@21.0.49/net.blay09.mods.balm.common.BalmBlockEntity.getUpdatePacket(BalmBlockEntity.java:51) ~[balm-neoforge-1.21.1-21.0.49.jar%23353!/:21.0.49]
	at TRANSFORMER/minecraft@1.21.1/net.minecraft.server.level.ChunkHolder.broadcastBlockEntity(ChunkHolder.java:242) ~[server-1.21.1-20240808.144430-srg.jar%23327!/:?]
	at TRANSFORMER/minecraft@1.21.1/net.minecraft.server.level.ChunkHolder.broadcastBlockEntityIfNeeded(ChunkHolder.java:235) ~[server-1.21.1-20240808.144430-srg.jar%23327!/:?]
	at TRANSFORMER/minecraft@1.21.1/net.minecraft.server.level.ChunkHolder.lambda$broadcastChanges$2(ChunkHolder.java:227) ~[server-1.21.1-20240808.144430-srg.jar%23327!/:?]
	at TRANSFORMER/minecraft@1.21.1/net.minecraft.network.protocol.game.ClientboundSectionBlocksUpdatePacket.runUpdates(ClientboundSectionBlocksUpdatePacket.java:76) ~[server-1.21.1-20240808.144430-srg.jar%23327!/:?]
	at TRANSFORMER/minecraft@1.21.1/net.minecraft.server.level.ChunkHolder.broadcastChanges(ChunkHolder.java:227) ~[server-1.21.1-20240808.144430-srg.jar%23327!/:?]
	at TRANSFORMER/c2me_rewrites_chunk_system@0.3.0+alpha.0.73+1.21.1/com.ishland.c2me.rewrites.chunksystem.common.NewChunkHolderVanillaInterface.broadcastChanges(NewChunkHolderVanillaInterface.java:316) ~[c2me-rewrites-chunk-system-mc1.21.1-0.3.0+alpha.0.73.jar%23670!/:?]
	at TRANSFORMER/minecraft@1.21.1/net.minecraft.server.level.ServerChunkCache.lambda$tickChunks$3(ServerChunkCache.java:383) ~[server-1.21.1-20240808.144430-srg.jar%23327!/:?]
	at java.base/java.util.ArrayList.forEach(ArrayList.java:1596) ~[?:?]
	at TRANSFORMER/minecraft@1.21.1/net.minecraft.server.level.ServerChunkCache.tickChunks(ServerChunkCache.java:383) ~[server-1.21.1-20240808.144430-srg.jar%23327!/:?]
	at TRANSFORMER/minecraft@1.21.1/net.minecraft.server.level.ServerChunkCache.tick(ServerChunkCache.java:321) ~[server-1.21.1-20240808.144430-srg.jar%23327!/:?]
	at TRANSFORMER/minecraft@1.21.1/net.minecraft.server.level.ServerLevel.tick(ServerLevel.java:379) ~[server-1.21.1-20240808.144430-srg.jar%23327!/:?]
	at TRANSFORMER/minecraft@1.21.1/net.minecraft.server.MinecraftServer.tickChildren(MinecraftServer.java:1037) ~[server-1.21.1-20240808.144430-srg.jar%23327!/:?]
	at TRANSFORMER/minecraft@1.21.1/net.minecraft.server.dedicated.DedicatedServer.tickChildren(DedicatedServer.java:317) ~[server-1.21.1-20240808.144430-srg.jar%23327!/:?]
	at TRANSFORMER/minecraft@1.21.1/net.minecraft.server.MinecraftServer.tickServer(MinecraftServer.java:917) ~[server-1.21.1-20240808.144430-srg.jar%23327!/:?]
	at TRANSFORMER/minecraft@1.21.1/net.minecraft.server.MinecraftServer.runServer(MinecraftServer.java:707) ~[server-1.21.1-20240808.144430-srg.jar%23327!/:?]
	at TRANSFORMER/minecraft@1.21.1/net.minecraft.server.MinecraftServer.lambda$spin$2(MinecraftServer.java:267) ~[server-1.21.1-20240808.144430-srg.jar%23327!/:?]
	at java.base/java.lang.Thread.run(Thread.java:1583) [?:?]
[07Sep2025 04:19:38.357] [Server thread/ERROR] [com.ishland.c2me.rewrites.chunksystem.common.NewChunkHolderVanillaInterface/]: Block/Light update reentrance detected, use -Dc2me.debugBlockLightUpdateReentrance=true to debug
java.lang.Throwable: null
	at TRANSFORMER/c2me_rewrites_chunk_system@0.3.0+alpha.0.73+1.21.1/com.ishland.c2me.rewrites.chunksystem.common.NewChunkHolderVanillaInterface.onBlockLightUpdateReentrance(NewChunkHolderVanillaInterface.java:278) ~[c2me-rewrites-chunk-system-mc1.21.1-0.3.0+alpha.0.73.jar%23670!/:?]
	at TRANSFORMER/c2me_rewrites_chunk_system@0.3.0+alpha.0.73+1.21.1/com.ishland.c2me.rewrites.chunksystem.common.NewChunkHolderVanillaInterface.blockChanged(NewChunkHolderVanillaInterface.java:292) ~[c2me-rewrites-chunk-system-mc1.21.1-0.3.0+alpha.0.73.jar%23670!/:?]
	at TRANSFORMER/minecraft@1.21.1/net.minecraft.server.level.ServerChunkCache.blockChanged(ServerChunkCache.java:428) ~[server-1.21.1-20240808.144430-srg.jar%23327!/:?]
	at TRANSFORMER/balm@21.0.49/net.blay09.mods.balm.common.BalmBlockEntity.sync(BalmBlockEntity.java:172) ~[balm-neoforge-1.21.1-21.0.49.jar%23353!/:21.0.49]
	at TRANSFORMER/waystones@21.1.22/net.blay09.mods.waystones.block.entity.WaystoneBlockEntityBase.initializeFromBase(WaystoneBlockEntityBase.java:225) ~[waystones-neoforge-1.21.1-21.1.22.jar%23526!/:21.1.22]
	at TRANSFORMER/waystones@21.1.22/net.blay09.mods.waystones.block.entity.WaystoneBlockEntityBase.getWaystone(WaystoneBlockEntityBase.java:182) ~[waystones-neoforge-1.21.1-21.1.22.jar%23526!/:21.1.22]
	at TRANSFORMER/waystones@21.1.22/net.blay09.mods.waystones.block.entity.WaystoneBlockEntityBase.writeUpdateTag(WaystoneBlockEntityBase.java:140) ~[waystones-neoforge-1.21.1-21.1.22.jar%23526!/:21.1.22]
	at TRANSFORMER/balm@21.0.49/net.blay09.mods.balm.common.BalmBlockEntity.createUpdateTag(BalmBlockEntity.java:183) ~[balm-neoforge-1.21.1-21.0.49.jar%23353!/:21.0.49]
	at TRANSFORMER/balm@21.0.49/net.blay09.mods.balm.common.BalmBlockEntity.lambda$createUpdatePacket$0(BalmBlockEntity.java:177) ~[balm-neoforge-1.21.1-21.0.49.jar%23353!/:21.0.49]
	at TRANSFORMER/minecraft@1.21.1/net.minecraft.network.protocol.game.ClientboundBlockEntityDataPacket.create(ClientboundBlockEntityDataPacket.java:31) ~[server-1.21.1-20240808.144430-srg.jar%23327!/:?]
	at TRANSFORMER/balm@21.0.49/net.blay09.mods.balm.common.BalmBlockEntity.createUpdatePacket(BalmBlockEntity.java:177) ~[balm-neoforge-1.21.1-21.0.49.jar%23353!/:21.0.49]
	at TRANSFORMER/balm@21.0.49/net.blay09.mods.balm.common.BalmBlockEntity.getUpdatePacket(BalmBlockEntity.java:51) ~[balm-neoforge-1.21.1-21.0.49.jar%23353!/:21.0.49]
	at TRANSFORMER/minecraft@1.21.1/net.minecraft.server.level.ChunkHolder.broadcastBlockEntity(ChunkHolder.java:242) ~[server-1.21.1-20240808.144430-srg.jar%23327!/:?]
	at TRANSFORMER/minecraft@1.21.1/net.minecraft.server.level.ChunkHolder.broadcastBlockEntityIfNeeded(ChunkHolder.java:235) ~[server-1.21.1-20240808.144430-srg.jar%23327!/:?]
	at TRANSFORMER/minecraft@1.21.1/net.minecraft.server.level.ChunkHolder.lambda$broadcastChanges$2(ChunkHolder.java:227) ~[server-1.21.1-20240808.144430-srg.jar%23327!/:?]
	at TRANSFORMER/minecraft@1.21.1/net.minecraft.network.protocol.game.ClientboundSectionBlocksUpdatePacket.runUpdates(ClientboundSectionBlocksUpdatePacket.java:76) ~[server-1.21.1-20240808.144430-srg.jar%23327!/:?]
	at TRANSFORMER/minecraft@1.21.1/net.minecraft.server.level.ChunkHolder.broadcastChanges(ChunkHolder.java:227) ~[server-1.21.1-20240808.144430-srg.jar%23327!/:?]
	at TRANSFORMER/c2me_rewrites_chunk_system@0.3.0+alpha.0.73+1.21.1/com.ishland.c2me.rewrites.chunksystem.common.NewChunkHolderVanillaInterface.broadcastChanges(NewChunkHolderVanillaInterface.java:316) ~[c2me-rewrites-chunk-system-mc1.21.1-0.3.0+alpha.0.73.jar%23670!/:?]
	at TRANSFORMER/minecraft@1.21.1/net.minecraft.server.level.ServerChunkCache.lambda$tickChunks$3(ServerChunkCache.java:383) ~[server-1.21.1-20240808.144430-srg.jar%23327!/:?]
	at java.base/java.util.ArrayList.forEach(ArrayList.java:1596) ~[?:?]
	at TRANSFORMER/minecraft@1.21.1/net.minecraft.server.level.ServerChunkCache.tickChunks(ServerChunkCache.java:383) ~[server-1.21.1-20240808.144430-srg.jar%23327!/:?]
	at TRANSFORMER/minecraft@1.21.1/net.minecraft.server.level.ServerChunkCache.tick(ServerChunkCache.java:321) ~[server-1.21.1-20240808.144430-srg.jar%23327!/:?]
	at TRANSFORMER/minecraft@1.21.1/net.minecraft.server.level.ServerLevel.tick(ServerLevel.java:379) ~[server-1.21.1-20240808.144430-srg.jar%23327!/:?]
	at TRANSFORMER/minecraft@1.21.1/net.minecraft.server.MinecraftServer.tickChildren(MinecraftServer.java:1037) ~[server-1.21.1-20240808.144430-srg.jar%23327!/:?]
	at TRANSFORMER/minecraft@1.21.1/net.minecraft.server.dedicated.DedicatedServer.tickChildren(DedicatedServer.java:317) ~[server-1.21.1-20240808.144430-srg.jar%23327!/:?]
	at TRANSFORMER/minecraft@1.21.1/net.minecraft.server.MinecraftServer.tickServer(MinecraftServer.java:917) ~[server-1.21.1-20240808.144430-srg.jar%23327!/:?]
	at TRANSFORMER/minecraft@1.21.1/net.minecraft.server.MinecraftServer.runServer(MinecraftServer.java:707) ~[server-1.21.1-20240808.144430-srg.jar%23327!/:?]
	at TRANSFORMER/minecraft@1.21.1/net.minecraft.server.MinecraftServer.lambda$spin$2(MinecraftServer.java:267) ~[server-1.21.1-20240808.144430-srg.jar%23327!/:?]
	at java.base/java.lang.Thread.run(Thread.java:1583) [?:?]
[07Sep2025 04:19:38.366] [Server thread/ERROR] [com.ishland.c2me.rewrites.chunksystem.common.NewChunkHolderVanillaInterface/]: Block/Light update reentrance detected, use -Dc2me.debugBlockLightUpdateReentrance=true to debug
java.lang.Throwable: null
	at TRANSFORMER/c2me_rewrites_chunk_system@0.3.0+alpha.0.73+1.21.1/com.ishland.c2me.rewrites.chunksystem.common.NewChunkHolderVanillaInterface.onBlockLightUpdateReentrance(NewChunkHolderVanillaInterface.java:278) ~[c2me-rewrites-chunk-system-mc1.21.1-0.3.0+alpha.0.73.jar%23670!/:?]
	at TRANSFORMER/c2me_rewrites_chunk_system@0.3.0+alpha.0.73+1.21.1/com.ishland.c2me.rewrites.chunksystem.common.NewChunkHolderVanillaInterface.blockChanged(NewChunkHolderVanillaInterface.java:292) ~[c2me-rewrites-chunk-system-mc1.21.1-0.3.0+alpha.0.73.jar%23670!/:?]
	at TRANSFORMER/minecraft@1.21.1/net.minecraft.server.level.ServerChunkCache.blockChanged(ServerChunkCache.java:428) ~[server-1.21.1-20240808.144430-srg.jar%23327!/:?]
	at TRANSFORMER/balm@21.0.49/net.blay09.mods.balm.common.BalmBlockEntity.sync(BalmBlockEntity.java:172) ~[balm-neoforge-1.21.1-21.0.49.jar%23353!/:21.0.49]
	at TRANSFORMER/waystones@21.1.22/net.blay09.mods.waystones.block.entity.WaystoneBlockEntityBase.getWaystone(WaystoneBlockEntityBase.java:190) ~[waystones-neoforge-1.21.1-21.1.22.jar%23526!/:21.1.22]
	at TRANSFORMER/waystones@21.1.22/net.blay09.mods.waystones.block.entity.WaystoneBlockEntityBase.writeUpdateTag(WaystoneBlockEntityBase.java:140) ~[waystones-neoforge-1.21.1-21.1.22.jar%23526!/:21.1.22]
	at TRANSFORMER/balm@21.0.49/net.blay09.mods.balm.common.BalmBlockEntity.createUpdateTag(BalmBlockEntity.java:183) ~[balm-neoforge-1.21.1-21.0.49.jar%23353!/:21.0.49]
	at TRANSFORMER/balm@21.0.49/net.blay09.mods.balm.common.BalmBlockEntity.lambda$createUpdatePacket$0(BalmBlockEntity.java:177) ~[balm-neoforge-1.21.1-21.0.49.jar%23353!/:21.0.49]
	at TRANSFORMER/minecraft@1.21.1/net.minecraft.network.protocol.game.ClientboundBlockEntityDataPacket.create(ClientboundBlockEntityDataPacket.java:31) ~[server-1.21.1-20240808.144430-srg.jar%23327!/:?]
	at TRANSFORMER/balm@21.0.49/net.blay09.mods.balm.common.BalmBlockEntity.createUpdatePacket(BalmBlockEntity.java:177) ~[balm-neoforge-1.21.1-21.0.49.jar%23353!/:21.0.49]
	at TRANSFORMER/balm@21.0.49/net.blay09.mods.balm.common.BalmBlockEntity.getUpdatePacket(BalmBlockEntity.java:51) ~[balm-neoforge-1.21.1-21.0.49.jar%23353!/:21.0.49]
	at TRANSFORMER/minecraft@1.21.1/net.minecraft.server.level.ChunkHolder.broadcastBlockEntity(ChunkHolder.java:242) ~[server-1.21.1-20240808.144430-srg.jar%23327!/:?]
	at TRANSFORMER/minecraft@1.21.1/net.minecraft.server.level.ChunkHolder.broadcastBlockEntityIfNeeded(ChunkHolder.java:235) ~[server-1.21.1-20240808.144430-srg.jar%23327!/:?]
	at TRANSFORMER/minecraft@1.21.1/net.minecraft.server.level.ChunkHolder.lambda$broadcastChanges$2(ChunkHolder.java:227) ~[server-1.21.1-20240808.144430-srg.jar%23327!/:?]
	at TRANSFORMER/minecraft@1.21.1/net.minecraft.network.protocol.game.ClientboundSectionBlocksUpdatePacket.runUpdates(ClientboundSectionBlocksUpdatePacket.java:76) ~[server-1.21.1-20240808.144430-srg.jar%23327!/:?]
	at TRANSFORMER/minecraft@1.21.1/net.minecraft.server.level.ChunkHolder.broadcastChanges(ChunkHolder.java:227) ~[server-1.21.1-20240808.144430-srg.jar%23327!/:?]
	at TRANSFORMER/c2me_rewrites_chunk_system@0.3.0+alpha.0.73+1.21.1/com.ishland.c2me.rewrites.chunksystem.common.NewChunkHolderVanillaInterface.broadcastChanges(NewChunkHolderVanillaInterface.java:316) ~[c2me-rewrites-chunk-system-mc1.21.1-0.3.0+alpha.0.73.jar%23670!/:?]
	at TRANSFORMER/minecraft@1.21.1/net.minecraft.server.level.ServerChunkCache.lambda$tickChunks$3(ServerChunkCache.java:383) ~[server-1.21.1-20240808.144430-srg.jar%23327!/:?]
	at java.base/java.util.ArrayList.forEach(ArrayList.java:1596) ~[?:?]
	at TRANSFORMER/minecraft@1.21.1/net.minecraft.server.level.ServerChunkCache.tickChunks(ServerChunkCache.java:383) ~[server-1.21.1-20240808.144430-srg.jar%23327!/:?]
	at TRANSFORMER/minecraft@1.21.1/net.minecraft.server.level.ServerChunkCache.tick(ServerChunkCache.java:321) ~[server-1.21.1-20240808.144430-srg.jar%23327!/:?]
	at TRANSFORMER/minecraft@1.21.1/net.minecraft.server.level.ServerLevel.tick(ServerLevel.java:379) ~[server-1.21.1-20240808.144430-srg.jar%23327!/:?]
	at TRANSFORMER/minecraft@1.21.1/net.minecraft.server.MinecraftServer.tickChildren(MinecraftServer.java:1037) ~[server-1.21.1-20240808.144430-srg.jar%23327!/:?]
	at TRANSFORMER/minecraft@1.21.1/net.minecraft.server.dedicated.DedicatedServer.tickChildren(DedicatedServer.java:317) ~[server-1.21.1-20240808.144430-srg.jar%23327!/:?]
	at TRANSFORMER/minecraft@1.21.1/net.minecraft.server.MinecraftServer.tickServer(MinecraftServer.java:917) ~[server-1.21.1-20240808.144430-srg.jar%23327!/:?]
	at TRANSFORMER/minecraft@1.21.1/net.minecraft.server.MinecraftServer.runServer(MinecraftServer.java:707) ~[server-1.21.1-20240808.144430-srg.jar%23327!/:?]
	at TRANSFORMER/minecraft@1.21.1/net.minecraft.server.MinecraftServer.lambda$spin$2(MinecraftServer.java:267) ~[server-1.21.1-20240808.144430-srg.jar%23327!/:?]
	at java.base/java.lang.Thread.run(Thread.java:1583) [?:?]
[07Sep2025 04:19:38.860] [c2me-worker-2/WARN] [lithostitched/]: Couldn't find template pool reference: minecraft:south
[07Sep2025 04:19:38.861] [c2me-worker-2/WARN] [lithostitched/]: Couldn't find template pool reference: minecraft:south
[07Sep2025 04:19:38.861] [c2me-worker-2/WARN] [lithostitched/]: Couldn't find template pool reference: minecraft:south
[07Sep2025 04:19:38.862] [c2me-worker-2/WARN] [lithostitched/]: Couldn't find template pool reference: minecraft:south
[07Sep2025 04:19:38.863] [c2me-worker-2/WARN] [lithostitched/]: Couldn't find template pool reference: crazy_chambers:melee_spawner
[07Sep2025 04:19:38.864] [c2me-worker-2/WARN] [lithostitched/]: Couldn't find template pool reference: minecraft:south
[07Sep2025 04:19:38.864] [c2me-worker-2/WARN] [lithostitched/]: Couldn't find template pool reference: minecraft:south
[07Sep2025 04:19:38.866] [c2me-worker-2/WARN] [lithostitched/]: Couldn't find template pool reference: minecraft:south
[07Sep2025 04:19:38.868] [c2me-worker-2/WARN] [lithostitched/]: Couldn't find template pool reference: crazy_chambers:spawner/breeze_spawner
[07Sep2025 04:19:38.868] [c2me-worker-2/WARN] [lithostitched/]: Couldn't find template pool reference: minecraft:south
[07Sep2025 04:19:38.868] [c2me-worker-2/WARN] [lithostitched/]: Couldn't find template pool reference: minecraft:south
[07Sep2025 04:19:38.869] [c2me-worker-2/WARN] [lithostitched/]: Couldn't find template pool reference: minecraft:south
[07Sep2025 04:19:38.870] [c2me-worker-2/WARN] [lithostitched/]: Couldn't find template pool reference: minecraft:south
[07Sep2025 04:19:38.873] [c2me-worker-2/WARN] [lithostitched/]: Couldn't find template pool reference: minecraft:south
[07Sep2025 04:19:38.874] [c2me-worker-2/WARN] [lithostitched/]: Couldn't find template pool reference: minecraft:south
[07Sep2025 04:19:38.874] [c2me-worker-2/WARN] [lithostitched/]: Couldn't find template pool reference: minecraft:south
[07Sep2025 04:19:38.875] [c2me-worker-2/WARN] [lithostitched/]: Couldn't find template pool reference: minecraft:south
[07Sep2025 04:19:38.877] [c2me-worker-2/WARN] [lithostitched/]: Couldn't find template pool reference: minecraft:south
[07Sep2025 04:19:38.878] [c2me-worker-2/WARN] [lithostitched/]: Couldn't find template pool reference: minecraft:south
[07Sep2025 04:19:38.881] [c2me-worker-2/WARN] [lithostitched/]: Couldn't find template pool reference: crazy_chambers:melee_spawner
[07Sep2025 04:19:38.882] [c2me-worker-2/WARN] [lithostitched/]: Couldn't find template pool reference: minecraft:south
[07Sep2025 04:19:38.883] [c2me-worker-2/WARN] [lithostitched/]: Couldn't find template pool reference: minecraft:south
[07Sep2025 04:19:38.884] [c2me-worker-2/WARN] [lithostitched/]: Couldn't find template pool reference: minecraft:south
[07Sep2025 04:19:38.884] [c2me-worker-2/WARN] [lithostitched/]: Couldn't find template pool reference: minecraft:south
[07Sep2025 04:19:38.885] [c2me-worker-2/WARN] [lithostitched/]: Couldn't find template pool reference: minecraft:south
[07Sep2025 04:19:38.892] [c2me-worker-2/WARN] [lithostitched/]: Couldn't find template pool reference: minecraft:south
[07Sep2025 04:19:38.896] [c2me-worker-2/WARN] [lithostitched/]: Couldn't find template pool reference: minecraft:south
[07Sep2025 04:19:38.900] [c2me-worker-2/WARN] [lithostitched/]: Couldn't find template pool reference: minecraft:south
[07Sep2025 04:19:38.900] [c2me-worker-2/WARN] [lithostitched/]: Couldn't find template pool reference: minecraft:south
[07Sep2025 04:19:38.902] [c2me-worker-2/WARN] [lithostitched/]: Couldn't find template pool reference: minecraft:south
[07Sep2025 04:19:38.905] [c2me-worker-2/WARN] [lithostitched/]: Couldn't find template pool reference: minecraft:south
[07Sep2025 04:19:38.910] [c2me-worker-2/WARN] [lithostitched/]: Couldn't find template pool reference: minecraft:south
[07Sep2025 04:19:38.911] [c2me-worker-2/WARN] [lithostitched/]: Couldn't find template pool reference: minecraft:south
[07Sep2025 04:19:38.916] [c2me-worker-2/WARN] [lithostitched/]: Couldn't find template pool reference: minecraft:south
[07Sep2025 04:19:38.917] [c2me-worker-2/WARN] [lithostitched/]: Couldn't find template pool reference: minecraft:south
[07Sep2025 04:19:38.925] [c2me-worker-2/WARN] [lithostitched/]: Couldn't find template pool reference: minecraft:south
[07Sep2025 04:19:38.926] [c2me-worker-2/WARN] [lithostitched/]: Couldn't find template pool reference: minecraft:south
[07Sep2025 04:19:38.930] [c2me-worker-2/WARN] [lithostitched/]: Couldn't find template pool reference: minecraft:south
[07Sep2025 04:19:38.930] [c2me-worker-2/WARN] [lithostitched/]: Couldn't find template pool reference: minecraft:south
[07Sep2025 04:19:38.934] [c2me-worker-2/WARN] [lithostitched/]: Couldn't find template pool reference: minecraft:south
[07Sep2025 04:19:38.936] [c2me-worker-2/WARN] [lithostitched/]: Couldn't find template pool reference: minecraft:south
[07Sep2025 04:19:38.937] [c2me-worker-2/WARN] [lithostitched/]: Couldn't find template pool reference: minecraft:south
[07Sep2025 04:19:38.942] [c2me-worker-2/WARN] [lithostitched/]: Couldn't find template pool reference: minecraft:south
[07Sep2025 04:19:38.954] [c2me-worker-2/WARN] [lithostitched/]: Couldn't find template pool reference: minecraft:south
[07Sep2025 04:19:38.954] [c2me-worker-2/WARN] [lithostitched/]: Couldn't find template pool reference: minecraft:south
[07Sep2025 04:19:38.954] [c2me-worker-2/WARN] [lithostitched/]: Couldn't find template pool reference: minecraft:south
[07Sep2025 04:19:38.955] [c2me-worker-2/WARN] [lithostitched/]: Couldn't find template pool reference: minecraft:south
[07Sep2025 04:19:38.958] [c2me-worker-2/WARN] [lithostitched/]: Couldn't find template pool reference: minecraft:south
[07Sep2025 04:19:38.973] [c2me-worker-2/WARN] [lithostitched/]: Couldn't find template pool reference: minecraft:south
[07Sep2025 04:19:38.992] [c2me-worker-2/WARN] [lithostitched/]: Couldn't find template pool reference: minecraft:south
[07Sep2025 04:19:38.993] [c2me-worker-2/WARN] [lithostitched/]: Couldn't find template pool reference: minecraft:south
[07Sep2025 04:19:38.998] [c2me-worker-2/WARN] [lithostitched/]: Couldn't find template pool reference: minecraft:south
[07Sep2025 04:21:05.935] [Server thread/ERROR] [net.minecraft.world.item.ItemStack/]: Tried to load invalid item: 'No key id in MapLike[{}]'
[07Sep2025 04:21:05.936] [Server thread/ERROR] [net.minecraft.world.item.ItemStack/]: Tried to load invalid item: 'No key id in MapLike[{}]'
[07Sep2025 04:21:05.936] [Server thread/ERROR] [net.minecraft.world.item.ItemStack/]: Tried to load invalid item: 'No key id in MapLike[{}]'
[07Sep2025 04:21:05.936] [Server thread/ERROR] [net.minecraft.world.item.ItemStack/]: Tried to load invalid item: 'No key id in MapLike[{}]'
[07Sep2025 04:21:06.835] [c2me-worker-0/ERROR] [net.minecraft.world.item.ItemStack/]: Tried to load invalid item: 'No key id in MapLike[{}]'
[07Sep2025 04:21:06.836] [c2me-worker-0/ERROR] [net.minecraft.world.item.ItemStack/]: Tried to load invalid item: 'No key id in MapLike[{}]'
[07Sep2025 04:21:07.169] [c2me-worker-2/ERROR] [net.minecraft.world.item.ItemStack/]: Tried to load invalid item: 'No key id in MapLike[{}]'
[07Sep2025 04:21:07.170] [c2me-worker-2/ERROR] [net.minecraft.world.item.ItemStack/]: Tried to load invalid item: 'No key id in MapLike[{}]'
[07Sep2025 04:21:07.194] [c2me-worker-2/WARN] [net.minecraft.world.entity.EntityType/]: Skipping Entity with id lootr:lootr_minecart
[07Sep2025 04:21:07.195] [c2me-worker-2/ERROR] [net.minecraft.world.item.ItemStack/]: Tried to load invalid item: 'No key id in MapLike[{}]'
[07Sep2025 04:21:07.420] [c2me-worker-1/ERROR] [net.minecraft.world.entity.decoration.BlockAttachedEntity/]: Block-attached entity at invalid position: BlockPos{x=1375, y=118, z=681}
[07Sep2025 04:21:07.827] [c2me-worker-1/ERROR] [net.minecraft.world.item.ItemStack/]: Tried to load invalid item: 'No key id in MapLike[{}]'
[07Sep2025 04:21:07.827] [c2me-worker-1/ERROR] [net.minecraft.world.item.ItemStack/]: Tried to load invalid item: 'No key id in MapLike[{}]'
[07Sep2025 04:21:12.305] [Server thread/ERROR] [net.minecraft.world.item.ItemStack/]: Tried to load invalid item: 'No key id in MapLike[{}]'
[07Sep2025 04:21:12.305] [Server thread/ERROR] [net.minecraft.world.item.ItemStack/]: Tried to load invalid item: 'No key id in MapLike[{}]'
[07Sep2025 04:21:12.305] [Server thread/ERROR] [net.minecraft.world.item.ItemStack/]: Tried to load invalid item: 'No key id in MapLike[{}]'
[07Sep2025 04:21:12.306] [Server thread/ERROR] [net.minecraft.world.item.ItemStack/]: Tried to load invalid item: 'No key id in MapLike[{}]'
[07Sep2025 04:21:12.307] [Server thread/ERROR] [net.minecraft.world.item.ItemStack/]: Tried to load invalid item: 'No key id in MapLike[{}]'
[07Sep2025 04:21:12.307] [Server thread/ERROR] [net.minecraft.world.item.ItemStack/]: Tried to load invalid item: 'No key id in MapLike[{}]'
[07Sep2025 04:21:12.325] [Server thread/ERROR] [net.minecraft.world.item.ItemStack/]: Tried to load invalid item: 'No key id in MapLike[{}]'
[07Sep2025 04:21:12.667] [c2me-worker-2/WARN] [net.minecraft.world.entity.ai.attributes.AttributeMap/]: Ignoring unknown attribute 'forge:entity_gravity'
[07Sep2025 04:21:12.668] [c2me-worker-2/WARN] [net.minecraft.world.entity.ai.attributes.AttributeMap/]: Ignoring unknown attribute 'forge:entity_gravity'
[07Sep2025 04:21:12.669] [c2me-worker-2/WARN] [net.minecraft.world.entity.ai.attributes.AttributeMap/]: Ignoring unknown attribute 'forge:entity_gravity'
[07Sep2025 04:21:13.210] [c2me-worker-1/ERROR] [net.minecraft.world.item.ItemStack/]: Tried to load invalid item: 'No key id in MapLike[{}]'
[07Sep2025 04:21:13.249] [c2me-worker-2/WARN] [net.minecraft.world.entity.EntityType/]: Skipping Entity with id lootr:lootr_minecart
[07Sep2025 04:21:13.554] [c2me-worker-2/WARN] [net.minecraft.world.entity.ai.attributes.AttributeMap/]: Ignoring unknown attribute 'forge:entity_gravity'
[07Sep2025 04:21:13.554] [c2me-worker-2/WARN] [net.minecraft.world.entity.ai.attributes.AttributeMap/]: Ignoring unknown attribute 'forge:entity_gravity'
[07Sep2025 04:21:13.554] [c2me-worker-2/WARN] [net.minecraft.world.entity.ai.attributes.AttributeMap/]: Ignoring unknown attribute 'forge:entity_gravity'
[07Sep2025 04:21:13.626] [c2me-worker-1/ERROR] [net.minecraft.world.entity.decoration.BlockAttachedEntity/]: Block-attached entity at invalid position: BlockPos{x=1367, y=118, z=679}
[07Sep2025 04:21:13.710] [c2me-worker-0/ERROR] [net.minecraft.world.entity.decoration.BlockAttachedEntity/]: Block-attached entity at invalid position: BlockPos{x=-204, y=57, z=-81}
[07Sep2025 04:21:13.711] [c2me-worker-0/ERROR] [net.minecraft.world.entity.decoration.BlockAttachedEntity/]: Block-attached entity at invalid position: BlockPos{x=-205, y=57, z=-81}
[07Sep2025 04:21:13.711] [c2me-worker-0/ERROR] [net.minecraft.world.entity.decoration.BlockAttachedEntity/]: Block-attached entity at invalid position: BlockPos{x=-206, y=57, z=-81}
[07Sep2025 04:21:13.711] [c2me-worker-0/ERROR] [net.minecraft.world.entity.decoration.BlockAttachedEntity/]: Block-attached entity at invalid position: BlockPos{x=-207, y=57, z=-81}
[07Sep2025 04:21:13.711] [c2me-worker-0/ERROR] [net.minecraft.world.entity.decoration.BlockAttachedEntity/]: Block-attached entity at invalid position: BlockPos{x=-208, y=57, z=-81}
[07Sep2025 04:21:14.005] [c2me-worker-0/ERROR] [net.minecraft.world.item.ItemStack/]: Tried to load invalid item: 'No key id in MapLike[{}]'
[07Sep2025 04:21:14.005] [c2me-worker-0/ERROR] [net.minecraft.world.item.ItemStack/]: Tried to load invalid item: 'No key id in MapLike[{}]'
[07Sep2025 04:21:14.071] [c2me-worker-1/ERROR] [net.minecraft.world.item.ItemStack/]: Tried to load invalid item: 'No key id in MapLike[{}]'
[07Sep2025 04:21:14.071] [c2me-worker-1/ERROR] [net.minecraft.world.item.ItemStack/]: Tried to load invalid item: 'No key id in MapLike[{}]'
[07Sep2025 04:21:17.128] [Server thread/ERROR] [net.minecraft.world.item.ItemStack/]: Tried to load invalid item: 'No key id in MapLike[{}]'
[07Sep2025 04:21:17.129] [Server thread/ERROR] [net.minecraft.world.item.ItemStack/]: Tried to load invalid item: 'No key id in MapLike[{}]'
[07Sep2025 04:21:17.129] [Server thread/ERROR] [net.minecraft.world.item.ItemStack/]: Tried to load invalid item: 'No key id in MapLike[{}]'
[07Sep2025 04:21:17.142] [Server thread/ERROR] [net.minecraft.world.item.ItemStack/]: Tried to load invalid item: 'No key id in MapLike[{}]'
[07Sep2025 04:21:17.143] [Server thread/ERROR] [net.minecraft.world.item.ItemStack/]: Tried to load invalid item: 'No key id in MapLike[{}]'
[07Sep2025 04:21:17.188] [Server thread/ERROR] [net.minecraft.world.item.ItemStack/]: Tried to load invalid item: 'No key id in MapLike[{}]'
[07Sep2025 04:21:19.134] [c2me-worker-0/ERROR] [net.minecraft.world.item.ItemStack/]: Tried to load invalid item: 'No key id in MapLike[{}]'
[07Sep2025 04:21:19.716] [c2me-worker-0/ERROR] [net.minecraft.world.item.ItemStack/]: Tried to load invalid item: 'No key id in MapLike[{}]'
[07Sep2025 04:21:21.232] [Server thread/ERROR] [net.minecraft.world.item.ItemStack/]: Tried to load invalid item: 'No key id in MapLike[{}]'
[07Sep2025 04:21:21.234] [Server thread/ERROR] [net.minecraft.world.item.ItemStack/]: Tried to load invalid item: 'No key id in MapLike[{}]'
[07Sep2025 04:21:21.295] [Server thread/ERROR] [net.minecraft.world.item.ItemStack/]: Tried to load invalid item: 'No key id in MapLike[{}]'
[07Sep2025 04:21:23.548] [c2me-worker-1/ERROR] [net.minecraft.world.item.ItemStack/]: Tried to load invalid item: 'No key id in MapLike[{}]'
[07Sep2025 04:21:27.255] [c2me-worker-2/ERROR] [net.minecraft.world.entity.decoration.BlockAttachedEntity/]: Block-attached entity at invalid position: BlockPos{x=119, y=160, z=-95}
[07Sep2025 04:21:36.381] [Server thread/ERROR] [net.minecraft.world.item.ItemStack/]: Tried to load invalid item: 'No key id in MapLike[{}]'
[07Sep2025 04:21:36.381] [Server thread/ERROR] [net.minecraft.world.item.ItemStack/]: Tried to load invalid item: 'No key id in MapLike[{}]'
[07Sep2025 04:21:36.381] [Server thread/ERROR] [net.minecraft.world.item.ItemStack/]: Tried to load invalid item: 'No key id in MapLike[{}]'
[07Sep2025 04:21:36.382] [Server thread/ERROR] [net.minecraft.world.item.ItemStack/]: Tried to load invalid item: 'No key id in MapLike[{}]'
[07Sep2025 04:21:36.382] [Server thread/ERROR] [net.minecraft.world.item.ItemStack/]: Tried to load invalid item: 'No key id in MapLike[{}]'
[07Sep2025 04:21:36.440] [Server thread/ERROR] [net.minecraft.world.item.ItemStack/]: Tried to load invalid item: 'No key id in MapLike[{}]'
[07Sep2025 04:21:36.440] [Server thread/ERROR] [net.minecraft.world.item.ItemStack/]: Tried to load invalid item: 'No key id in MapLike[{}]'
[07Sep2025 04:21:39.011] [Server thread/ERROR] [net.minecraft.world.item.ItemStack/]: Tried to load invalid item: 'No key id in MapLike[{}]'
[07Sep2025 04:21:39.929] [Server thread/INFO] [net.minecraft.server.MinecraftServer/]: Yasame14 has made the advancement [Fungus Among Us]
[07Sep2025 04:21:39.930] [Server thread/INFO] [net.minecraft.server.MinecraftServer/]: Yasame14 has made the advancement [Village Explorer]
[07Sep2025 04:21:40.751] [Server thread/INFO] [net.minecraft.server.MinecraftServer/]: Celxex has made the advancement [Fungus Among Us]
[07Sep2025 04:21:40.752] [Server thread/INFO] [net.minecraft.server.MinecraftServer/]: Celxex has made the advancement [Village Explorer]
[07Sep2025 04:21:52.134] [Server thread/ERROR] [net.minecraft.world.item.ItemStack/]: Tried to load invalid item: 'No key id in MapLike[{}]'
[07Sep2025 04:21:52.134] [Server thread/ERROR] [net.minecraft.world.item.ItemStack/]: Tried to load invalid item: 'No key id in MapLike[{}]'
[07Sep2025 04:21:52.134] [Server thread/ERROR] [net.minecraft.world.item.ItemStack/]: Tried to load invalid item: 'No key id in MapLike[{}]'
[07Sep2025 04:21:52.135] [Server thread/ERROR] [net.minecraft.world.item.ItemStack/]: Tried to load invalid item: 'No key id in MapLike[{}]'
[07Sep2025 04:22:01.049] [Server thread/WARN] [net.minecraft.server.MinecraftServer/]: Can't keep up! Is the server overloaded? Running 2241ms or 44 ticks behind
[07Sep2025 04:22:01.389] [Server thread/ERROR] [net.minecraft.world.item.ItemStack/]: Tried to load invalid item: 'No key id in MapLike[{}]'
[07Sep2025 04:22:01.389] [Server thread/ERROR] [net.minecraft.world.item.ItemStack/]: Tried to load invalid item: 'No key id in MapLike[{}]'
[07Sep2025 04:22:01.390] [Server thread/ERROR] [net.minecraft.world.item.ItemStack/]: Tried to load invalid item: 'No key id in MapLike[{}]'
[07Sep2025 04:22:01.390] [Server thread/ERROR] [net.minecraft.world.item.ItemStack/]: Tried to load invalid item: 'No key id in MapLike[{}]'
[07Sep2025 04:23:49.374] [c2me-worker-2/WARN] [net.minecraft.world.entity.ai.attributes.AttributeMap/]: Ignoring unknown attribute 'forge:entity_gravity'
[07Sep2025 04:23:49.375] [c2me-worker-2/WARN] [net.minecraft.world.entity.ai.attributes.AttributeMap/]: Ignoring unknown attribute 'forge:entity_gravity'
[07Sep2025 04:23:49.375] [c2me-worker-2/WARN] [net.minecraft.world.entity.ai.attributes.AttributeMap/]: Ignoring unknown attribute 'forge:entity_gravity'
[07Sep2025 04:23:49.375] [c2me-worker-2/WARN] [net.minecraft.world.entity.ai.attributes.AttributeMap/]: Ignoring unknown attribute 'forge:entity_gravity'
[07Sep2025 04:23:49.375] [c2me-worker-2/WARN] [net.minecraft.world.entity.ai.attributes.AttributeMap/]: Ignoring unknown attribute 'forge:entity_gravity'
[07Sep2025 04:23:49.376] [c2me-worker-2/WARN] [net.minecraft.world.entity.ai.attributes.AttributeMap/]: Ignoring unknown attribute 'forge:entity_gravity'
[07Sep2025 04:23:49.376] [c2me-worker-2/WARN] [net.minecraft.world.entity.ai.attributes.AttributeMap/]: Ignoring unknown attribute 'forge:entity_gravity'
[07Sep2025 04:23:49.376] [c2me-worker-2/WARN] [net.minecraft.world.entity.ai.attributes.AttributeMap/]: Ignoring unknown attribute 'forge:entity_gravity'
[07Sep2025 04:23:49.376] [c2me-worker-2/WARN] [net.minecraft.world.entity.ai.attributes.AttributeMap/]: Ignoring unknown attribute 'forge:entity_gravity'
[07Sep2025 04:23:49.376] [c2me-worker-2/WARN] [net.minecraft.world.entity.ai.attributes.AttributeMap/]: Ignoring unknown attribute 'forge:entity_gravity'
[07Sep2025 04:24:54.256] [pool-6-thread-2/INFO] [Supplementaries/]: Searching for closest structure among [ResourceKey[minecraft:worldgen/structure / ctov:small/village_mountain], ResourceKey[minecraft:worldgen/structure / towns_and_towers:village_badlands], ResourceKey[minecraft:worldgen/structure / ctov:medium/village_savanna_na], ResourceKey[minecraft:worldgen/structure / towns_and_towers:exclusives/village_tudor], ResourceKey[minecraft:worldgen/structure / biomeswevegone:village/red_rock], ResourceKey[minecraft:worldgen/structure / minecraft:village_taiga], ResourceKey[minecraft:worldgen/structure / ctov:large/village_mountain], ResourceKey[minecraft:worldgen/structure / ctov:large/village_swamp_fortified]] from pos BlockPos{x=-837, y=74, z=981}
[07Sep2025 04:25:00.330] [Server thread/WARN] [net.minecraft.server.MinecraftServer/]: Can't keep up! Is the server overloaded? Running 5922ms or 118 ticks behind
[07Sep2025 04:25:29.100] [c2me-worker-2/ERROR] [net.minecraft.world.entity.decoration.BlockAttachedEntity/]: Block-attached entity at invalid position: BlockPos{x=135, y=95, z=-90}
[07Sep2025 04:25:32.043] [Server thread/WARN] [net.minecraft.server.network.ServerGamePacketListenerImpl/]: Celxex moved too quickly! -4.147864649321605,1.604424101326714,-9.026627179347543
[07Sep2025 04:25:33.681] [c2me-worker-2/WARN] [lithostitched/]: Couldn't find template pool reference: ctov:village/waystone/sand
[07Sep2025 04:25:33.682] [c2me-worker-2/WARN] [lithostitched/]: Couldn't find template pool reference: ctov:village/waystone/sand
[07Sep2025 04:25:44.499] [Server thread/WARN] [net.minecraft.server.network.ServerGamePacketListenerImpl/]: Yasame14 moved too quickly! 9.612102916145773,1.7461092740512356,3.311931887782407
[07Sep2025 04:25:48.761] [Server thread/ERROR] [net.minecraft.world.item.ItemStack/]: Tried to load invalid item: 'No key id in MapLike[{}]'
[07Sep2025 04:25:48.762] [Server thread/ERROR] [net.minecraft.world.item.ItemStack/]: Tried to load invalid item: 'No key id in MapLike[{}]'
[07Sep2025 04:25:48.763] [Server thread/ERROR] [net.minecraft.world.item.ItemStack/]: Tried to load invalid item: 'No key id in MapLike[{}]'
[07Sep2025 04:25:49.159] [Server thread/INFO] [net.minecraft.server.network.ServerGamePacketListenerImpl/]: Yasame14 lost connection: Disconnected
[07Sep2025 04:25:49.159] [Server thread/INFO] [net.minecraft.server.MinecraftServer/]: Yasame14 left the game
[07Sep2025 04:25:53.731] [Server thread/WARN] [net.minecraft.server.MinecraftServer/]: Can't keep up! Is the server overloaded? Running 38424ms or 768 ticks behind
[07Sep2025 04:25:58.434] [Server thread/ERROR] [net.minecraft.world.item.ItemStack/]: Tried to load invalid item: 'No key id in MapLike[{}]'
[07Sep2025 04:25:58.434] [Server thread/ERROR] [net.minecraft.world.item.ItemStack/]: Tried to load invalid item: 'No key id in MapLike[{}]'
[07Sep2025 04:25:58.435] [Server thread/ERROR] [net.minecraft.world.item.ItemStack/]: Tried to load invalid item: 'No key id in MapLike[{}]'
[07Sep2025 04:26:03.454] [Server thread/ERROR] [net.minecraft.world.item.ItemStack/]: Tried to load invalid item: 'No key id in MapLike[{}]'
[07Sep2025 04:26:03.454] [Server thread/ERROR] [net.minecraft.world.item.ItemStack/]: Tried to load invalid item: 'No key id in MapLike[{}]'
[07Sep2025 04:26:03.454] [Server thread/ERROR] [net.minecraft.world.item.ItemStack/]: Tried to load invalid item: 'No key id in MapLike[{}]'
[07Sep2025 04:26:15.733] [Server thread/ERROR] [net.minecraft.world.item.ItemStack/]: Tried to load invalid item: 'No key id in MapLike[{}]'
[07Sep2025 04:26:15.733] [Server thread/ERROR] [net.minecraft.world.item.ItemStack/]: Tried to load invalid item: 'No key id in MapLike[{}]'
[07Sep2025 04:26:15.734] [Server thread/ERROR] [net.minecraft.world.item.ItemStack/]: Tried to load invalid item: 'No key id in MapLike[{}]'
[07Sep2025 04:26:34.105] [Server thread/ERROR] [net.minecraft.world.item.ItemStack/]: Tried to load invalid item: 'No key id in MapLike[{}]'
[07Sep2025 04:26:37.094] [Server thread/INFO] [net.minecraft.server.network.ServerGamePacketListenerImpl/]: Celxex lost connection: Disconnected
[07Sep2025 04:26:37.094] [Server thread/INFO] [net.minecraft.server.MinecraftServer/]: Celxex left the game
[07Sep2025 04:26:52.973] [Server thread/INFO] [net.minecraft.server.MinecraftServer/]: Stopping the server
[07Sep2025 04:26:53.011] [C2ME Storage #24/INFO] [C2ME Storage/]: Storage thread Thread[#124,C2ME Storage #24,5,SERVER] stopped
[07Sep2025 04:26:53.011] [C2ME Storage #23/INFO] [C2ME Storage/]: Storage thread Thread[#123,C2ME Storage #23,5,SERVER] stopped
[07Sep2025 04:26:53.012] [C2ME Storage #22/INFO] [C2ME Storage/]: Storage thread Thread[#122,C2ME Storage #22,5,SERVER] stopped
[07Sep2025 04:26:53.013] [Server thread/INFO] [net.minecraft.server.MinecraftServer/]: Stopping server
[07Sep2025 04:26:53.013] [Server thread/INFO] [net.minecraft.server.MinecraftServer/]: Saving players
[07Sep2025 04:26:53.013] [Server thread/INFO] [net.minecraft.server.MinecraftServer/]: Saving worlds
[07Sep2025 04:26:53.033] [Server thread/INFO] [net.minecraft.server.MinecraftServer/]: ServerLevel[world]/minecraft:overworld: waiting for 4960 chunks to unload
[07Sep2025 04:26:53.590] [Server thread/INFO] [net.minecraft.server.MinecraftServer/]: Saving chunks for level 'ServerLevel[world]'/minecraft:overworld
[07Sep2025 04:26:54.118] [Server thread/INFO] [net.minecraft.server.MinecraftServer/]: Saving chunks for level 'ServerLevel[world]'/kattersstructures:deep_blue
[07Sep2025 04:26:54.118] [Server thread/INFO] [net.minecraft.server.MinecraftServer/]: Saving chunks for level 'ServerLevel[world]'/irons_spellbooks:pocket_dimension
[07Sep2025 04:26:54.119] [Server thread/INFO] [net.minecraft.server.MinecraftServer/]: Saving chunks for level 'ServerLevel[world]'/minecraft:the_nether
[07Sep2025 04:26:54.119] [Server thread/INFO] [net.minecraft.server.MinecraftServer/]: Saving chunks for level 'ServerLevel[world]'/nmr:astral_plane
[07Sep2025 04:26:54.120] [Server thread/INFO] [net.minecraft.server.MinecraftServer/]: Saving chunks for level 'ServerLevel[world]'/minecraft:the_end
[07Sep2025 04:26:54.191] [Server thread/INFO] [net.minecraft.server.MinecraftServer/]: ThreadedAnvilChunkStorage (world): All chunks are saved
[07Sep2025 04:26:54.191] [Server thread/INFO] [net.minecraft.server.MinecraftServer/]: ThreadedAnvilChunkStorage (deep_blue): All chunks are saved
[07Sep2025 04:26:54.191] [Server thread/INFO] [net.minecraft.server.MinecraftServer/]: ThreadedAnvilChunkStorage (pocket_dimension): All chunks are saved
[07Sep2025 04:26:54.192] [Server thread/INFO] [net.minecraft.server.MinecraftServer/]: ThreadedAnvilChunkStorage (DIM-1): All chunks are saved
[07Sep2025 04:26:54.192] [Server thread/INFO] [net.minecraft.server.MinecraftServer/]: ThreadedAnvilChunkStorage (astral_plane): All chunks are saved
[07Sep2025 04:26:54.192] [Server thread/INFO] [net.minecraft.server.MinecraftServer/]: ThreadedAnvilChunkStorage (DIM1): All chunks are saved
[07Sep2025 04:26:54.192] [Server thread/INFO] [net.minecraft.server.MinecraftServer/]: ThreadedAnvilChunkStorage: All dimensions are saved
[07Sep2025 04:26:54.227] [C2ME Storage #3/INFO] [C2ME Storage/]: Storage thread Thread[#87,C2ME Storage #3,5,SERVER] stopped
[07Sep2025 04:26:54.314] [C2ME Storage #2/INFO] [C2ME Storage/]: Storage thread Thread[#86,C2ME Storage #2,5,SERVER] stopped
[07Sep2025 04:26:54.323] [C2ME Storage #1/INFO] [C2ME Storage/]: Storage thread Thread[#85,C2ME Storage #1,5,SERVER] stopped
[07Sep2025 04:26:54.324] [C2ME Storage #6/INFO] [C2ME Storage/]: Storage thread Thread[#94,C2ME Storage #6,5,SERVER] stopped
[07Sep2025 04:26:54.324] [C2ME Storage #5/INFO] [C2ME Storage/]: Storage thread Thread[#90,C2ME Storage #5,5,SERVER] stopped
[07Sep2025 04:26:54.324] [C2ME Storage #4/INFO] [C2ME Storage/]: Storage thread Thread[#89,C2ME Storage #4,5,SERVER] stopped
[07Sep2025 04:26:54.324] [C2ME Storage #9/INFO] [C2ME Storage/]: Storage thread Thread[#98,C2ME Storage #9,5,SERVER] stopped
[07Sep2025 04:26:54.325] [C2ME Storage #8/INFO] [C2ME Storage/]: Storage thread Thread[#97,C2ME Storage #8,5,SERVER] stopped
[07Sep2025 04:26:54.325] [C2ME Storage #7/INFO] [C2ME Storage/]: Storage thread Thread[#96,C2ME Storage #7,5,SERVER] stopped
[07Sep2025 04:26:54.325] [C2ME Storage #12/INFO] [C2ME Storage/]: Storage thread Thread[#101,C2ME Storage #12,5,SERVER] stopped
[07Sep2025 04:26:54.325] [C2ME Storage #11/INFO] [C2ME Storage/]: Storage thread Thread[#100,C2ME Storage #11,5,SERVER] stopped
[07Sep2025 04:26:54.326] [C2ME Storage #10/INFO] [C2ME Storage/]: Storage thread Thread[#99,C2ME Storage #10,5,SERVER] stopped
[07Sep2025 04:26:54.326] [C2ME Storage #15/INFO] [C2ME Storage/]: Storage thread Thread[#104,C2ME Storage #15,5,SERVER] stopped
[07Sep2025 04:26:54.326] [C2ME Storage #14/INFO] [C2ME Storage/]: Storage thread Thread[#103,C2ME Storage #14,5,SERVER] stopped
[07Sep2025 04:26:54.326] [C2ME Storage #13/INFO] [C2ME Storage/]: Storage thread Thread[#102,C2ME Storage #13,5,SERVER] stopped
[07Sep2025 04:26:54.327] [C2ME Storage #18/INFO] [C2ME Storage/]: Storage thread Thread[#107,C2ME Storage #18,5,SERVER] stopped
[07Sep2025 04:26:54.327] [C2ME Storage #17/INFO] [C2ME Storage/]: Storage thread Thread[#106,C2ME Storage #17,5,SERVER] stopped
[07Sep2025 04:26:54.327] [C2ME Storage #16/INFO] [C2ME Storage/]: Storage thread Thread[#105,C2ME Storage #16,5,SERVER] stopped
[07Sep2025 04:26:54.329] [Server thread/INFO] [Puzzles Lib/]: Dispatching unloading event for config easyanvils-server.toml
[07Sep2025 04:26:54.330] [Server thread/INFO] [Puzzles Lib/]: Dispatching unloading event for config leavesbegone-server.toml
[07Sep2025 04:26:54.330] [Server thread/INFO] [Puzzles Lib/]: Dispatching unloading event for config mutantmonsters-server.toml
[07Sep2025 04:26:54.331] [Server thread/INFO] [Puzzles Lib/]: Dispatching unloading event for config illagerinvasion-server.toml
[07Sep2025 04:26:54.331] [Server thread/INFO] [Puzzles Lib/]: Dispatching unloading event for config hangglider-server.toml
[07Sep2025 04:26:54.331] [Server thread/INFO] [Puzzles Lib/]: Dispatching unloading event for config easymagic-server.toml
